UPDATE `grid_column_config` SET `ID`='4028ae316a6d4370016a6d54653a0006', `fk_action_grid_config_id`='settleAccountApply', `name`='培训形式', `dataindex`='enumConstByFlagTrainingMode.name', `data_column`='', `search`='1', `to_add`='0', `column_can_update`='0', `list`='1', `report`='1', `type`='TextField', `dateFormat`='', `allow_blank`='0', `max_length`='50', `check_message`='', `check_regular`='', `text_field_parameters`=NULL, `combo_sql`='', `serial_number`='6', `flag_active`='4028809c1d625bcf011d66fd0dda0006', `flag_bak`=NULL, `user_type`=NULL, `team`=NULL, `s_note`=NULL, `sql_result`='', `is_html`='0', `default_text`=NULL, `cascade_columns`=NULL WHERE (`ID`='4028ae316a6d4370016a6d54653a0006');
UPDATE `grid_column_config` SET `ID`='4028ae316a6d4370016a6d54653b001c', `fk_action_grid_config_id`='settleAccountCheck', `name`='培训形式', `dataindex`='enumConstByFlagTrainingMode.name', `data_column`='', `search`='1', `to_add`='0', `column_can_update`='0', `list`='1', `report`='1', `type`='TextField', `dateFormat`='', `allow_blank`='0', `max_length`='50', `check_message`='', `check_regular`='', `text_field_parameters`=NULL, `combo_sql`='', `serial_number`='6', `flag_active`='4028809c1d625bcf011d66fd0dda0006', `flag_bak`=NULL, `user_type`=NULL, `team`=NULL, `s_note`=NULL, `sql_result`='', `is_html`='0', `default_text`=NULL, `cascade_columns`=NULL WHERE (`ID`='4028ae316a6d4370016a6d54653b001c');
UPDATE `grid_column_config` SET `ID`='4028ae316a6d4370016a6d54653d0032', `fk_action_grid_config_id`='settleAccountSearch', `name`='培训形式', `dataindex`='enumConstByFlagTrainingMode.name', `data_column`='', `search`='1', `to_add`='0', `column_can_update`='0', `list`='1', `report`='1', `type`='TextField', `dateFormat`='', `allow_blank`='0', `max_length`='50', `check_message`='', `check_regular`='', `text_field_parameters`=NULL, `combo_sql`='', `serial_number`='6', `flag_active`='4028809c1d625bcf011d66fd0dda0006', `flag_bak`=NULL, `user_type`=NULL, `team`=NULL, `s_note`=NULL, `sql_result`='', `is_html`='0', `default_text`=NULL, `cascade_columns`=NULL WHERE (`ID`='4028ae316a6d4370016a6d54653d0032');


INSERT INTO `grid_basic_config` (`id`, `title`, `can_search`, `can_add`, `can_delete`, `can_update`, `can_batch_add`, `can_projections`, `first_search`, `entity_class`, `note`, `list_type`, `dc`, `flag_active`, `flag_bak`, `dateFormat`, `sqlstr`, `statistics`, `s_note`, `update_note`, `is_enum`, `countsql`, `isGroupSql`, `LIST_FUNCTION`, `FLAG_INTE_ACTIVE`, `fk_web_site_id`, `can_checked_all`, `add_mode`, `add_cmp_name`, `fk_chart_id`) VALUES ('analyseFeeByArea', '按地区汇总查询', '1', NULL, NULL, NULL, NULL, '0', '0', NULL, NULL, '1', NULL, '4028809c1d625bcf011d66fd0dda0006', NULL, NULL, 'SELECT\n	r.id AS id,\n	r.trainingAreaId as trainingAreaId,\n	r.trainingArea as trainingArea,\n	sum(r.totalEntrustedUnit) AS totalEntrustedUnit,\n	sum(r.totalClass) AS totalClass,\n	sum(r.totalStudent) AS totalStudent,\n	r.startTime as startTime,\n	r.endTime as endTime,\n	sum(r.totalFee) AS totalFee,\n	r.feeStatus as feeStatus\nFROM\n	(\n		SELECT\n			c.id AS id,\n			ta.id as trainingAreaId,\n			ta.name as trainingArea,\n      c.start_time as startTime,\n			c.end_time as endTime,\n			count(distinct eu.id) as totalEntrustedUnit,\n			count(distinct c.id) AS totalClass,\n			count(distinct stu.id) AS totalStudent,\n			c.training_total_fee AS totalFee,\n			st.name as feeStatus\n		FROM\n			training_item ti\n		INNER JOIN pe_Class c ON c.fk_training_item_id = ti.id\n		INNER JOIN pe_unit un ON un.id = c.fk_unit_id AND [peUnit|un.id]\n		INNER JOIN enum_const it ON it.id = ti.flag_training_item_type\n		INNER JOIN entrusted_unit eu on eu.id = ti.fk_entrusted_unit_id\n		INNER JOIN enum_const ta on ta.id = eu.flag_training_area\n		LEFT JOIN pe_student stu ON stu.fk_class_id = c.id\n		INNER JOIN enum_const st on st.id = c.flag_settle_account_status\n    where c.site_code = \'${siteCode}\'\n		AND it.code = \'2\'\n		GROUP BY\n			c.id\n	) r\nGROUP BY\n	trainingAreaId', NULL, NULL, NULL, NULL, NULL, NULL, '0', NULL, '4028ae316a09ee85016a09f4d7640000', '0', 'dialog', NULL, NULL);
INSERT INTO `grid_basic_config` (`id`, `title`, `can_search`, `can_add`, `can_delete`, `can_update`, `can_batch_add`, `can_projections`, `first_search`, `entity_class`, `note`, `list_type`, `dc`, `flag_active`, `flag_bak`, `dateFormat`, `sqlstr`, `statistics`, `s_note`, `update_note`, `is_enum`, `countsql`, `isGroupSql`, `LIST_FUNCTION`, `FLAG_INTE_ACTIVE`, `fk_web_site_id`, `can_checked_all`, `add_mode`, `add_cmp_name`, `fk_chart_id`) VALUES ('analyseFeeByAreaDetail', '按地区汇总查询详情', '1', NULL, NULL, NULL, NULL, '0', '0', NULL, NULL, '1', NULL, '4028809c1d625bcf011d66fd0dda0006', NULL, NULL, 'SELECT\n	c.id AS id,\n	un. NAME AS unitName,\n	tt. NAME AS trainingType,\n	tm. NAME AS trainingMode,\n	eu. NAME AS entrustedUnit,\n        ta.id as trainingAreaId,\n	ta. NAME AS trainingArea,\n	c. NAME AS className,\n	c. CODE AS classCode,\n	count(stu.id) AS studentNumber,\n	c.start_time AS startTime,\n	c.end_time AS endTime,\n        st.name as feeStatus\nFROM\n	pe_class c\nINNER JOIN training_item ti ON ti.id = c.fk_training_item_id\nINNER JOIN entrusted_unit eu ON eu.id = ti.fk_entrusted_unit_id\nINNER JOIN pe_unit un ON un.id = c.fk_unit_id\nINNER JOIN enum_const tt ON tt.id = ti.flag_training_type\nINNER JOIN enum_const tm ON tm.id = c.flag_training_mode\nINNER JOIN enum_const ta ON ta.id = eu.flag_training_area\nLEFT JOIN pe_student stu ON stu.fk_class_id = c.id\nINNER JOIN enum_const st ON st.id = c.flag_settle_account_status\nGROUP BY\n	c.id', NULL, NULL, NULL, NULL, NULL, NULL, '0', NULL, '4028ae316a09ee85016a09f4d7640000', '0', 'dialog', NULL, NULL);
INSERT INTO `grid_basic_config` (`id`, `title`, `can_search`, `can_add`, `can_delete`, `can_update`, `can_batch_add`, `can_projections`, `first_search`, `entity_class`, `note`, `list_type`, `dc`, `flag_active`, `flag_bak`, `dateFormat`, `sqlstr`, `statistics`, `s_note`, `update_note`, `is_enum`, `countsql`, `isGroupSql`, `LIST_FUNCTION`, `FLAG_INTE_ACTIVE`, `fk_web_site_id`, `can_checked_all`, `add_mode`, `add_cmp_name`, `fk_chart_id`) VALUES ('analyseFeeDetailByArea', '按地区明细统计', '1', NULL, NULL, NULL, NULL, '0', '0', NULL, NULL, '1', NULL, '4028809c1d625bcf011d66fd0dda0006', NULL, NULL, 'SELECT\n	r.id AS id,\n	r.unitName AS unitName,\n	r.trainingAreaId as trainingAreaId,\n	r.trainingArea as trainingArea,\n	r.entrustedUnitId as entrustedUnitId,\n	r.entrustedUnit as entrustedUnit,\n	sum(r.totalClass) AS totalClass,\n	sum(r.totalStudent) AS totalStudent,\n	r.startTime as startTime,\n	r.endTime as endTime,\n	sum(r.totalFee) AS totalFee,\n	r.unitId as unitId,\r\n	r.feeStatus as feeStatus\nFROM\n	(\n		SELECT\n			ti.id AS id,\n			un.id AS unitId,\n			un. NAME AS unitName,\n			ta.id as trainingAreaId,\n			ta.name as trainingArea,\n			eu.id as entrustedUnitId,\n			eu.name as entrustedUnit,\n      c.start_time as startTime,\n			c.end_time as endTime,\n			count(distinct c.id) AS totalClass,\n			count(distinct stu.id) AS totalStudent,\n			c.training_total_fee AS totalFee,\r\n			st.name as feeStatus\n		FROM\n			training_item ti\n		INNER JOIN pe_Class c ON c.fk_training_item_id = ti.id\n		INNER JOIN pe_unit un ON un.id = c.fk_unit_id AND [peUnit|un.id]\n		INNER JOIN enum_const it ON it.id = ti.flag_training_item_type\n		INNER JOIN entrusted_unit eu on eu.id = ti.fk_entrusted_unit_id\n		INNER JOIN enum_const ta on ta.id = eu.flag_training_area\n		LEFT JOIN pe_student stu ON stu.fk_class_id = c.id\r\n		INNER JOIN enum_const st on st.id = c.flag_settle_account_status\n    where c.site_code = \'${siteCode}\'\n		AND it.code = \'2\'\n		GROUP BY\n			c.id\n	) r\nGROUP BY\n	unitId,\n	trainingAreaId,\n	entrustedUnitId', NULL, NULL, NULL, NULL, NULL, NULL, '0', NULL, '4028ae316a09ee85016a09f4d7640000', '0', 'dialog', NULL, NULL);
INSERT INTO `grid_basic_config` (`id`, `title`, `can_search`, `can_add`, `can_delete`, `can_update`, `can_batch_add`, `can_projections`, `first_search`, `entity_class`, `note`, `list_type`, `dc`, `flag_active`, `flag_bak`, `dateFormat`, `sqlstr`, `statistics`, `s_note`, `update_note`, `is_enum`, `countsql`, `isGroupSql`, `LIST_FUNCTION`, `FLAG_INTE_ACTIVE`, `fk_web_site_id`, `can_checked_all`, `add_mode`, `add_cmp_name`, `fk_chart_id`) VALUES ('analyseFeeDetailByAreaDetail', '按地区明细统计详情', '1', NULL, NULL, NULL, NULL, '0', '0', NULL, NULL, '1', NULL, '4028809c1d625bcf011d66fd0dda0006', NULL, NULL, 'SELECT\n	c.id AS id,\n        un.id as unitId,\n	un. NAME AS unitName,\n	tt. NAME AS trainingType,\n	tm. NAME AS trainingMode,\n        eu.id as entrustedUnitId,\n	eu. NAME AS entrustedUnit,\n        ta.id as trainingAreaId,\n	ta. NAME AS trainingArea,\n	c. NAME AS className,\n	c. CODE AS classCode,\n	count(stu.id) AS studentNumber,\n	c.start_time AS startTime,\n	c.end_time AS endTime,\n        st.name as feeStatus\nFROM\n	pe_class c\nINNER JOIN training_item ti ON ti.id = c.fk_training_item_id\nINNER JOIN entrusted_unit eu ON eu.id = ti.fk_entrusted_unit_id\nINNER JOIN pe_unit un ON un.id = c.fk_unit_id\nINNER JOIN enum_const tt ON tt.id = ti.flag_training_type\nINNER JOIN enum_const tm ON tm.id = c.flag_training_mode\nINNER JOIN enum_const ta ON ta.id = eu.flag_training_area\nLEFT JOIN pe_student stu ON stu.fk_class_id = c.id\nINNER JOIN enum_const st ON st.id = c.flag_settle_account_status\nGROUP BY\n	c.id', NULL, NULL, NULL, NULL, NULL, NULL, '0', NULL, '4028ae316a09ee85016a09f4d7640000', '0', 'dialog', NULL, NULL);
INSERT INTO `grid_basic_config` (`id`, `title`, `can_search`, `can_add`, `can_delete`, `can_update`, `can_batch_add`, `can_projections`, `first_search`, `entity_class`, `note`, `list_type`, `dc`, `flag_active`, `flag_bak`, `dateFormat`, `sqlstr`, `statistics`, `s_note`, `update_note`, `is_enum`, `countsql`, `isGroupSql`, `LIST_FUNCTION`, `FLAG_INTE_ACTIVE`, `fk_web_site_id`, `can_checked_all`, `add_mode`, `add_cmp_name`, `fk_chart_id`) VALUES ('analyseItemApportion', '项目分派统计', '1', NULL, NULL, NULL, NULL, '0', '0', NULL, NULL, '1', NULL, '4028809c1d625bcf011d66fd0dda0006', NULL, NULL, 'SELECT\n	r.id AS id,\n	r.unitId as unitId,\n	r.unitName as unitName,\n	r.itemUnitId as itemUnitId,\n	r.itemUnit as itemUnit,\n	sum(r.totalClass) AS totalClass,\n	sum(r.totalStudent) AS totalStudent,\n	r.startTime as startTime,\n	r.endTime as endTime,\n	sum(r.totalFee) AS totalFee,\r\n	r.feeStatus as feeStatus\nFROM\n	(\n		SELECT\n			c.id AS id,\n			un.id as unitId,\n			un.name as unitName,\n			tu.id as itemUnitId,\n			tu.name as itemUnit,\n      c.start_time as startTime,\n			c.end_time as endTime,\n			count(distinct c.id) AS totalClass,\n			count(distinct stu.id) AS totalStudent,\n			c.training_total_fee AS totalFee,\r\n			st.name as feeStatus\n		FROM\n			training_item ti\n		INNER JOIN pe_Class c ON c.fk_training_item_id = ti.id\n		INNER JOIN pe_unit un ON un.id = c.fk_unit_id AND [peUnit|un.id]\n		INNER JOIN pe_unit tu on tu.id = ti.fk_unit_id\n		INNER JOIN enum_const it ON it.id = ti.flag_training_item_type\n		LEFT JOIN pe_student stu ON stu.fk_class_id = c.id\n		INNER JOIN enum_const ap on ap.id = ti.flag_is_apportion\r\n		INNER JOIN enum_const st on st.id = c.flag_settle_account_status\n    where c.site_code = \'${siteCode}\'\n		AND ap.code = \'1\'\n		GROUP BY\n			c.id\n	) r\nGROUP BY\n	unitId,\n	itemUnitId', NULL, NULL, NULL, NULL, NULL, NULL, '0', NULL, '4028ae316a09ee85016a09f4d7640000', '0', 'dialog', NULL, NULL);
INSERT INTO `grid_basic_config` (`id`, `title`, `can_search`, `can_add`, `can_delete`, `can_update`, `can_batch_add`, `can_projections`, `first_search`, `entity_class`, `note`, `list_type`, `dc`, `flag_active`, `flag_bak`, `dateFormat`, `sqlstr`, `statistics`, `s_note`, `update_note`, `is_enum`, `countsql`, `isGroupSql`, `LIST_FUNCTION`, `FLAG_INTE_ACTIVE`, `fk_web_site_id`, `can_checked_all`, `add_mode`, `add_cmp_name`, `fk_chart_id`) VALUES ('analyseItemApportionDetail', '项目分派统计详情', '1', NULL, NULL, NULL, NULL, '0', '0', NULL, NULL, '1', NULL, '4028809c1d625bcf011d66fd0dda0006', NULL, NULL, 'SELECT\n	c.id AS id,\n        ti.name as trainingItem,\n	un.id as unitId,\n	un. NAME AS unitName,\n	tt. NAME AS trainingType,\n	tu.id as itemUnitId,\n	tu.name as itemUnit,\n	tm. NAME AS trainingMode,\n	c. NAME AS className,\n	c. CODE AS classCode,\n	count(stu.id) AS studentNumber,\n	c.start_time AS startTime,\n	c.end_time AS endTime,\n  st.name as feeStatus\nFROM\n	pe_class c\nINNER JOIN training_item ti ON ti.id = c.fk_training_item_id\nINNER JOIN pe_unit un ON un.id = c.fk_unit_id AND [peUnit|un.id]\nINNER JOIN pe_unit tu on tu.id = ti.fk_unit_id\nINNER JOIN enum_const ap on ap.id = ti.flag_is_apportion\nINNER JOIN enum_const tt ON tt.id = ti.flag_training_type\nINNER JOIN enum_const tm ON tm.id = c.flag_training_mode\nLEFT JOIN pe_student stu ON stu.fk_class_id = c.id\nINNER JOIN enum_const st ON st.id = c.flag_settle_account_status\nWHERE\n	ap.code = \'1\'\nGROUP BY\n	c.id', NULL, NULL, NULL, NULL, NULL, NULL, '0', NULL, '4028ae316a09ee85016a09f4d7640000', '0', 'dialog', NULL, NULL);
INSERT INTO `grid_basic_config` (`id`, `title`, `can_search`, `can_add`, `can_delete`, `can_update`, `can_batch_add`, `can_projections`, `first_search`, `entity_class`, `note`, `list_type`, `dc`, `flag_active`, `flag_bak`, `dateFormat`, `sqlstr`, `statistics`, `s_note`, `update_note`, `is_enum`, `countsql`, `isGroupSql`, `LIST_FUNCTION`, `FLAG_INTE_ACTIVE`, `fk_web_site_id`, `can_checked_all`, `add_mode`, `add_cmp_name`, `fk_chart_id`) VALUES ('feeAnalyseByItem', '按培训项目汇总', '1', NULL, NULL, NULL, NULL, '0', '0', NULL, NULL, '1', NULL, '4028809c1d625bcf011d66fd0dda0006', NULL, NULL, 'SELECT\n	r.id AS id,\n	r.unitName AS unitName,\n	r.trainingType AS trainingType,\n	r.trainingUnit AS trainingUnit,\n	r.trainingMode AS trainingMode,\n	sum(r.societyClass) AS societyClass,\n	sum(r.societyStudent) AS societyStudent,\n	sum(r.cooperateClass) AS cooperateClass,\n	sum(r.cooperateStudent) AS cooperateStudent,\n	sum(r.totalClass) AS totalClass,\n	sum(r.totalStudent) AS totalStudent,\n	r.startTime as startTime,\n	r.endTime as endTime,\n	sum(r.totalFee) AS totalFee,\n	sum(IF (r.feeStatusCode = \'2\',r.totalFee,0)) AS passFee,\n	r.unitId as unitId,\n	r.trainingTypeId as trainingTypeId,\n	r.trainingUnitId as trainingUnitId,\n	r.trainingModeId as trainingModeId,\r\n	r.feeStatus as feeStatus\nFROM\n	(\n		SELECT\n			ti.id AS id,\n			un.id AS unitId,\n			un. NAME AS unitName,\n			tt.id AS trainingTypeId,\n			tt. NAME AS trainingType,\n			tn.id AS trainingUnitId,\n			tn. NAME AS trainingUnit,\n			tm.id AS trainingModeId,\n			tm. NAME AS trainingMode,\n      c.start_time as startTime,\n			c.end_time as endTime,\n			count(distinct IF(it. CODE = \'1\', c.id, NULL)) AS societyClass,\n			count(distinct IF (it. CODE = \'1\', stu.id, NULL)) AS societyStudent,\n			count(distinct  IF(it. CODE = \'2\', c.id, NULL)) AS cooperateClass,\n			count(distinct IF (it. CODE = \'2\', stu.id, NULL)) AS cooperateStudent,\n			count(distinct c.id) AS totalClass,\n			count(distinct stu.id) AS totalStudent,\n			c.training_total_fee AS totalFee,\n			st. CODE AS feeStatusCode,\r\n			st.name as feeStatus\n		FROM\n			training_item ti\n		INNER JOIN pe_Class c ON c.fk_training_item_id = ti.id\n		INNER JOIN pe_unit un ON un.id = c.fk_unit_id AND [peUnit|un.id]\n		INNER JOIN enum_const it ON it.id = ti.flag_training_item_type\n    INNER JOIN enum_const tt on tt.id = ti.flag_training_type\n		INNER JOIN pe_unit tn ON tn.id = ti.fk_unit_id\n		INNER JOIN enum_const tm ON tm.id = c.flag_training_mode\n		LEFT JOIN pe_student stu ON stu.fk_class_id = c.id\n		INNER JOIN enum_const st ON st.id = c.flag_settle_account_status\n    where c.site_code = \'${siteCode}\'\n		GROUP BY\n			c.id\n	) r\nGROUP BY\n	unitId,\n	trainingTypeId,\n	trainingUnitId,\n	trainingModeId', NULL, NULL, NULL, NULL, NULL, NULL, '0', NULL, '4028ae316a09ee85016a09f4d7640000', '0', 'dialog', NULL, NULL);
INSERT INTO `grid_basic_config` (`id`, `title`, `can_search`, `can_add`, `can_delete`, `can_update`, `can_batch_add`, `can_projections`, `first_search`, `entity_class`, `note`, `list_type`, `dc`, `flag_active`, `flag_bak`, `dateFormat`, `sqlstr`, `statistics`, `s_note`, `update_note`, `is_enum`, `countsql`, `isGroupSql`, `LIST_FUNCTION`, `FLAG_INTE_ACTIVE`, `fk_web_site_id`, `can_checked_all`, `add_mode`, `add_cmp_name`, `fk_chart_id`) VALUES ('feeAnalyseByUnit', '按单位汇总费用', '1', NULL, NULL, NULL, NULL, '0', '0', NULL, NULL, '1', NULL, '4028809c1d625bcf011d66fd0dda0006', NULL, NULL, 'SELECT\n	r.id AS id,\n	r.unitName AS unitName,\n	r.trainingType AS trainingType,\n	sum(r.societyClass) AS societyClass,\n	sum(r.societyStudent) AS societyStudent,\n	sum(r.cooperateClass) AS cooperateClass,\n	sum(r.cooperateStudent) AS cooperateStudent,\n	sum(r.totalClass) AS totalClass,\n	sum(r.totalStudent) AS totalStudent,\n	r.startTime as startTime,\n	r.endTime as endTime,\n	sum(r.totalFee) AS totalFee,\n	sum(IF (r.feeStatusCode = \'2\',r.totalFee,0)) AS passFee,\n	r.unitId as unitId,\r\n	r.feeStatus as feeStatus\nFROM\n	(\n		SELECT\n			ti.id AS id,\n			un.id AS unitId,\n			un. NAME AS unitName,\n			tt. NAME AS trainingType,\n      c.start_time as startTime,\n			c.end_time as endTime,\n			count(distinct IF(it. CODE = \'1\', c.id, NULL)) AS societyClass,\n			count(distinct IF (it. CODE = \'1\', stu.id, NULL)) AS societyStudent,\n			count(distinct  IF(it. CODE = \'2\', c.id, NULL)) AS cooperateClass,\n			count(distinct IF (it. CODE = \'2\', stu.id, NULL)) AS cooperateStudent,\n			count(distinct c.id) AS totalClass,\n			count(distinct stu.id) AS totalStudent,\n			c.training_total_fee AS totalFee,\n			st. CODE AS feeStatusCode,\r\n			st.name as feeStatus\n		FROM\n			training_item ti\n		INNER JOIN pe_Class c ON c.fk_training_item_id = ti.id\n		INNER JOIN pe_unit un ON un.id = c.fk_unit_id AND [peUnit|un.id]\n		INNER JOIN enum_const it ON it.id = ti.flag_training_item_type\n    INNER JOIN enum_const tt on tt.id = ti.flag_training_type\n		LEFT JOIN pe_student stu ON stu.fk_class_id = c.id\n		INNER JOIN enum_const st ON st.id = c.flag_settle_account_status\n    where c.site_code = \'${siteCode}\'\n		GROUP BY\n			c.id\n	) r\nGROUP BY\n	unitId', NULL, NULL, NULL, NULL, NULL, NULL, '0', NULL, '4028ae316a09ee85016a09f4d7640000', '0', 'dialog', NULL, NULL);
INSERT INTO `grid_basic_config` (`id`, `title`, `can_search`, `can_add`, `can_delete`, `can_update`, `can_batch_add`, `can_projections`, `first_search`, `entity_class`, `note`, `list_type`, `dc`, `flag_active`, `flag_bak`, `dateFormat`, `sqlstr`, `statistics`, `s_note`, `update_note`, `is_enum`, `countsql`, `isGroupSql`, `LIST_FUNCTION`, `FLAG_INTE_ACTIVE`, `fk_web_site_id`, `can_checked_all`, `add_mode`, `add_cmp_name`, `fk_chart_id`) VALUES ('feeAnalyseByUnitDetail', '安培训单位汇总详情', '1', NULL, NULL, NULL, NULL, '0', '0', NULL, NULL, '1', NULL, '4028809c1d625bcf011d66fd0dda0006', NULL, NULL, 'SELECT\n	c.id as id,\n	un.id as unitId,\n	un.name as unitName,\n	it.name as itemType,\n	tt.id as trainingTypeId,\n	tt.name as trainingType,\n	tm.name as trainingMode,\n	eu.name as entrustedUnit,\n	c.name as className,\n	c.code as classCode,\n	count(stu.id) as studentNumber,\n	c.start_time as startTime,\n	c.end_time as endTime,\n	st.name as feeStatus\nFROM\n	pe_class c\nINNER JOIN training_item ti on ti.id = c.fk_training_item_id\nINNER JOIN pe_unit un on un.id = c.fk_unit_id AND [peUnit|un.id]\nINNER JOIN enum_const it on it.id = ti.flag_training_item_type\nINNER JOIN enum_const tt on tt.id = ti.flag_training_type\nINNER JOIN enum_const tm on tm.id = c.flag_training_mode\nLEFT JOIN entrusted_unit eu on eu.id = ti.fk_entrusted_unit_id\nLEFT JOIN pe_student stu on stu.fk_class_id = c.id\nINNER JOIN enum_const st on st.id = c.flag_settle_account_status\nGROUP BY\n	c.id', NULL, NULL, NULL, NULL, NULL, NULL, '0', NULL, '4028ae316a09ee85016a09f4d7640000', '0', 'dialog', NULL, NULL);
INSERT INTO `grid_basic_config` (`id`, `title`, `can_search`, `can_add`, `can_delete`, `can_update`, `can_batch_add`, `can_projections`, `first_search`, `entity_class`, `note`, `list_type`, `dc`, `flag_active`, `flag_bak`, `dateFormat`, `sqlstr`, `statistics`, `s_note`, `update_note`, `is_enum`, `countsql`, `isGroupSql`, `LIST_FUNCTION`, `FLAG_INTE_ACTIVE`, `fk_web_site_id`, `can_checked_all`, `add_mode`, `add_cmp_name`, `fk_chart_id`) VALUES ('feeAnalyseDetailByItem', '按培训项目汇总详情', '1', NULL, NULL, NULL, NULL, '0', '0', NULL, NULL, '1', NULL, '4028809c1d625bcf011d66fd0dda0006', NULL, NULL, 'SELECT\n	c.id AS id,\n	un. NAME AS unitName,\n	it. NAME AS itemType,\n	tt. NAME AS trainingType,\n	tu. NAME AS itemUnit,\n	tm. NAME AS trainingMode,\n	ti. NAME AS itemName,\n	c. NAME AS className,\n	c. CODE AS classCode,\n	count(stu.id) AS studentNumber,\n	c.start_time AS startTime,\n	c.end_time AS endTime,\n	st. NAME AS feeStatus\nFROM\n	pe_class c\nINNER JOIN training_item ti ON ti.id = c.fk_training_item_id\nINNER JOIN pe_unit un ON un.id = c.fk_unit_id\nINNER JOIN enum_const it ON it.id = ti.flag_training_item_type\nINNER JOIN enum_const tt ON tt.id = ti.flag_training_type\nINNER JOIN pe_unit tu ON tu.id = ti.fk_unit_id AND [peUnit|un.id]\nLEFT JOIN pe_student stu ON stu.fk_class_id = c.id\nINNER JOIN enum_const st ON st.id = c.flag_settle_account_status\nINNER JOIN enum_const tm ON tm.id = c.flag_training_mode\nWHERE\n	c.site_code = \'${siteCode}\'\nAND [unitId|un.id]\nAND [trainingTypeId|tt.id]\nAND [trainingUnitId|tu.id]\nAND [trainingModeId|tm.id]\nGROUP BY\n	c.id', NULL, NULL, NULL, NULL, NULL, NULL, '0', NULL, '4028ae316a09ee85016a09f4d7640000', '0', 'dialog', NULL, NULL);
INSERT INTO `grid_basic_config` (`id`, `title`, `can_search`, `can_add`, `can_delete`, `can_update`, `can_batch_add`, `can_projections`, `first_search`, `entity_class`, `note`, `list_type`, `dc`, `flag_active`, `flag_bak`, `dateFormat`, `sqlstr`, `statistics`, `s_note`, `update_note`, `is_enum`, `countsql`, `isGroupSql`, `LIST_FUNCTION`, `FLAG_INTE_ACTIVE`, `fk_web_site_id`, `can_checked_all`, `add_mode`, `add_cmp_name`, `fk_chart_id`) VALUES ('hotelUsageAnalyse', '宾馆使用统计', '1', NULL, NULL, NULL, NULL, '0', '0', NULL, NULL, '1', NULL, '4028809c1d625bcf011d66fd0dda0006', NULL, NULL, 'SELECT\n	h.id AS id,\n	h. NAME AS hotelName,\n	h.address AS address,\n	c. NAME AS className,\n	c.start_time AS startTime,\n	c.end_time AS endTime,\n        chd.start_time as hotelStartTime,\n        chd.end_time as hotelEndTime,\n	count(DISTINCT stu.id) AS studentNumber,\n	un. NAME AS unitName,\n	c.room_fee AS roomFee,\n	c.food_fee AS foodFee\nFROM\n	pe_hotel h\nINNER JOIN class_hotel_arrange cha ON cha.fk_hotel_id = h.id\nINNER JOIN class_hotel_detail chd ON chd.id = cha.fk_class_hotel_detail_id\nINNER JOIN pe_class c ON c.fk_class_hotel_detail_id = chd.id\nINNER JOIN pe_unit un ON un.id = c.fk_unit_id AND [peUnit|un.id]\nLEFT JOIN pe_student stu ON stu.fk_class_id = c.id\nWHERE\n       c.site_code = \'${siteCode}\'\nGROUP BY\n	h.id,\n	c.id', NULL, NULL, NULL, NULL, NULL, NULL, '0', NULL, '4028ae316a09ee85016a09f4d7640000', '0', 'dialog', NULL, NULL);
INSERT INTO `grid_basic_config` (`id`, `title`, `can_search`, `can_add`, `can_delete`, `can_update`, `can_batch_add`, `can_projections`, `first_search`, `entity_class`, `note`, `list_type`, `dc`, `flag_active`, `flag_bak`, `dateFormat`, `sqlstr`, `statistics`, `s_note`, `update_note`, `is_enum`, `countsql`, `isGroupSql`, `LIST_FUNCTION`, `FLAG_INTE_ACTIVE`, `fk_web_site_id`, `can_checked_all`, `add_mode`, `add_cmp_name`, `fk_chart_id`) VALUES ('placeUsageAnalyse', '培训地点使用统计', '1', NULL, NULL, NULL, NULL, '0', '0', NULL, NULL, '1', NULL, '4028809c1d625bcf011d66fd0dda0006', NULL, NULL, 'SELECT\n	[sql_columns]\nFROM\n	class_course_timetable cct\nINNER JOIN class_course cc ON cc.id = cct.fk_class_course_id\nINNER JOIN pe_class c ON c.id = cc.fk_class_id\nINNER JOIN pe_place p ON p.id = cct.fk_place_id\nINNER JOIN pe_unit un ON un.id = c.fk_unit_id AND [peUnit|un.id]\nINNER JOIN pe_unit pu ON pu.id = p.fk_place_unit\n{where c.site_code = \'${siteCode}\' [sql_where]}\nGROUP BY\n	un.id,\n	pu.id\n{order by [sql_orderby]}', NULL, NULL, NULL, NULL, NULL, NULL, '1', NULL, '4028ae316a09ee85016a09f4d7640000', '0', 'dialog', NULL, NULL);
INSERT INTO `grid_column_config` (`ID`, `fk_action_grid_config_id`, `name`, `dataindex`, `data_column`, `search`, `to_add`, `column_can_update`, `list`, `report`, `type`, `dateFormat`, `allow_blank`, `max_length`, `check_message`, `check_regular`, `text_field_parameters`, `combo_sql`, `serial_number`, `flag_active`, `flag_bak`, `user_type`, `team`, `s_note`, `sql_result`, `is_html`, `default_text`, `cascade_columns`) VALUES ('4028ae316b203482016b205ebf0f0006', 'hotelUsageAnalyse', 'id', 'id', '', '0', '0', '0', '0', '0', 'TextField', 'yyyy-MM-dd', '1', '50', '', '', NULL, '', '0', '4028809c1d625bcf011d66fd0dda0006', NULL, NULL, '', '', '', NULL, '', NULL);
INSERT INTO `grid_column_config` (`ID`, `fk_action_grid_config_id`, `name`, `dataindex`, `data_column`, `search`, `to_add`, `column_can_update`, `list`, `report`, `type`, `dateFormat`, `allow_blank`, `max_length`, `check_message`, `check_regular`, `text_field_parameters`, `combo_sql`, `serial_number`, `flag_active`, `flag_bak`, `user_type`, `team`, `s_note`, `sql_result`, `is_html`, `default_text`, `cascade_columns`) VALUES ('4028ae316b203482016b205f277a0007', 'hotelUsageAnalyse', '宾馆名称', 'combobox_peHotel.hotelName', '', '1', '0', '0', '1', '1', 'TextField', 'yyyy-MM-dd', '1', '50', '', '', NULL, '', '1', '4028809c1d625bcf011d66fd0dda0006', NULL, NULL, '', '', '', NULL, '', NULL);
INSERT INTO `grid_column_config` (`ID`, `fk_action_grid_config_id`, `name`, `dataindex`, `data_column`, `search`, `to_add`, `column_can_update`, `list`, `report`, `type`, `dateFormat`, `allow_blank`, `max_length`, `check_message`, `check_regular`, `text_field_parameters`, `combo_sql`, `serial_number`, `flag_active`, `flag_bak`, `user_type`, `team`, `s_note`, `sql_result`, `is_html`, `default_text`, `cascade_columns`) VALUES ('4028ae316b203482016b205f5a700008', 'hotelUsageAnalyse', '地址', 'address', '', '1', '0', '0', '1', '1', 'TextField', 'yyyy-MM-dd', '1', '50', '', '', NULL, '', '2', '4028809c1d625bcf011d66fd0dda0006', NULL, NULL, '', '', '', NULL, '', NULL);
INSERT INTO `grid_column_config` (`ID`, `fk_action_grid_config_id`, `name`, `dataindex`, `data_column`, `search`, `to_add`, `column_can_update`, `list`, `report`, `type`, `dateFormat`, `allow_blank`, `max_length`, `check_message`, `check_regular`, `text_field_parameters`, `combo_sql`, `serial_number`, `flag_active`, `flag_bak`, `user_type`, `team`, `s_note`, `sql_result`, `is_html`, `default_text`, `cascade_columns`) VALUES ('4028ae316b203482016b205fb6cd0009', 'hotelUsageAnalyse', '班级名称', 'combobox_peClass.className', '', '1', '0', '0', '1', '1', 'TextField', 'yyyy-MM-dd', '1', '50', '', '', NULL, '', '3', '4028809c1d625bcf011d66fd0dda0006', NULL, NULL, '', '', '', NULL, '', NULL);
INSERT INTO `grid_column_config` (`ID`, `fk_action_grid_config_id`, `name`, `dataindex`, `data_column`, `search`, `to_add`, `column_can_update`, `list`, `report`, `type`, `dateFormat`, `allow_blank`, `max_length`, `check_message`, `check_regular`, `text_field_parameters`, `combo_sql`, `serial_number`, `flag_active`, `flag_bak`, `user_type`, `team`, `s_note`, `sql_result`, `is_html`, `default_text`, `cascade_columns`) VALUES ('4028ae316b203482016b206014ee000a', 'hotelUsageAnalyse', '开班时间', 'startTime', '', '1', '0', '0', '1', '1', 'datetime', 'yyyy-MM-dd HH:mm:ss', '1', '50', '', '', NULL, '', '4', '4028809c1d625bcf011d66fd0dda0006', NULL, NULL, '', '', '', NULL, '', NULL);
INSERT INTO `grid_column_config` (`ID`, `fk_action_grid_config_id`, `name`, `dataindex`, `data_column`, `search`, `to_add`, `column_can_update`, `list`, `report`, `type`, `dateFormat`, `allow_blank`, `max_length`, `check_message`, `check_regular`, `text_field_parameters`, `combo_sql`, `serial_number`, `flag_active`, `flag_bak`, `user_type`, `team`, `s_note`, `sql_result`, `is_html`, `default_text`, `cascade_columns`) VALUES ('4028ae316b203482016b20606c9a000b', 'hotelUsageAnalyse', '结束时间', 'endTime', '', '1', '0', '0', '1', '1', 'datetime', 'yyyy-MM-dd HH:mm:ss', '1', '50', '', '', NULL, '', '5', '4028809c1d625bcf011d66fd0dda0006', NULL, NULL, '', '', '', NULL, '', NULL);
INSERT INTO `grid_column_config` (`ID`, `fk_action_grid_config_id`, `name`, `dataindex`, `data_column`, `search`, `to_add`, `column_can_update`, `list`, `report`, `type`, `dateFormat`, `allow_blank`, `max_length`, `check_message`, `check_regular`, `text_field_parameters`, `combo_sql`, `serial_number`, `flag_active`, `flag_bak`, `user_type`, `team`, `s_note`, `sql_result`, `is_html`, `default_text`, `cascade_columns`) VALUES ('4028ae316b203482016b2060ab1a000c', 'hotelUsageAnalyse', '学生人数', 'studentNumber', '', '1', '0', '0', '1', '1', 'TextField', 'yyyy-MM-dd', '1', '50', '', '', NULL, '', '8', '4028809c1d625bcf011d66fd0dda0006', NULL, NULL, '', '', '', NULL, '', NULL);
INSERT INTO `grid_column_config` (`ID`, `fk_action_grid_config_id`, `name`, `dataindex`, `data_column`, `search`, `to_add`, `column_can_update`, `list`, `report`, `type`, `dateFormat`, `allow_blank`, `max_length`, `check_message`, `check_regular`, `text_field_parameters`, `combo_sql`, `serial_number`, `flag_active`, `flag_bak`, `user_type`, `team`, `s_note`, `sql_result`, `is_html`, `default_text`, `cascade_columns`) VALUES ('4028ae316b203482016b2060fcb1000d', 'hotelUsageAnalyse', '单位名称', 'combobox_peUnit.unitName', '', '1', '0', '0', '1', '1', 'TextField', 'yyyy-MM-dd', '1', '50', '', '', NULL, '', '9', '4028809c1d625bcf011d66fd0dda0006', NULL, NULL, '', '', '', NULL, '', NULL);
INSERT INTO `grid_column_config` (`ID`, `fk_action_grid_config_id`, `name`, `dataindex`, `data_column`, `search`, `to_add`, `column_can_update`, `list`, `report`, `type`, `dateFormat`, `allow_blank`, `max_length`, `check_message`, `check_regular`, `text_field_parameters`, `combo_sql`, `serial_number`, `flag_active`, `flag_bak`, `user_type`, `team`, `s_note`, `sql_result`, `is_html`, `default_text`, `cascade_columns`) VALUES ('4028ae316b203482016b2061412d000e', 'hotelUsageAnalyse', '住宿费', 'roomFee', '', '1', '0', '0', '1', '1', 'TextField', 'yyyy-MM-dd', '1', '50', '', '', NULL, '', '10', '4028809c1d625bcf011d66fd0dda0006', NULL, NULL, '', '', '', NULL, '', NULL);
INSERT INTO `grid_column_config` (`ID`, `fk_action_grid_config_id`, `name`, `dataindex`, `data_column`, `search`, `to_add`, `column_can_update`, `list`, `report`, `type`, `dateFormat`, `allow_blank`, `max_length`, `check_message`, `check_regular`, `text_field_parameters`, `combo_sql`, `serial_number`, `flag_active`, `flag_bak`, `user_type`, `team`, `s_note`, `sql_result`, `is_html`, `default_text`, `cascade_columns`) VALUES ('4028ae316b203482016b20617e08000f', 'hotelUsageAnalyse', '餐饮费', 'foodFee', '', '1', '0', '0', '1', '1', 'TextField', 'yyyy-MM-dd', '1', '50', '', '', NULL, '', '11', '4028809c1d625bcf011d66fd0dda0006', NULL, NULL, '', '', '', NULL, '', NULL);
INSERT INTO `grid_column_config` (`ID`, `fk_action_grid_config_id`, `name`, `dataindex`, `data_column`, `search`, `to_add`, `column_can_update`, `list`, `report`, `type`, `dateFormat`, `allow_blank`, `max_length`, `check_message`, `check_regular`, `text_field_parameters`, `combo_sql`, `serial_number`, `flag_active`, `flag_bak`, `user_type`, `team`, `s_note`, `sql_result`, `is_html`, `default_text`, `cascade_columns`) VALUES ('4028ae316b206590016b206abe5e0000', 'hotelUsageAnalyse', '住宿开始时间', 'hotelStartTime', '', '1', '0', '0', '1', '1', 'datetime', 'yyyy-MM-dd HH:mm:ss', '1', '50', '', '', NULL, '', '6', '4028809c1d625bcf011d66fd0dda0006', NULL, NULL, '', '', '', NULL, '', NULL);
INSERT INTO `grid_column_config` (`ID`, `fk_action_grid_config_id`, `name`, `dataindex`, `data_column`, `search`, `to_add`, `column_can_update`, `list`, `report`, `type`, `dateFormat`, `allow_blank`, `max_length`, `check_message`, `check_regular`, `text_field_parameters`, `combo_sql`, `serial_number`, `flag_active`, `flag_bak`, `user_type`, `team`, `s_note`, `sql_result`, `is_html`, `default_text`, `cascade_columns`) VALUES ('4028ae316b206590016b206b13470001', 'hotelUsageAnalyse', '住宿结束时间', 'hotelEndTime', '', '1', '0', '0', '1', '1', 'datetime', 'yyyy-MM-dd HH:mm:ss', '1', '50', '', '', NULL, '', '7', '4028809c1d625bcf011d66fd0dda0006', NULL, NULL, '', '', '', NULL, '', NULL);
INSERT INTO `grid_column_config` (`ID`, `fk_action_grid_config_id`, `name`, `dataindex`, `data_column`, `search`, `to_add`, `column_can_update`, `list`, `report`, `type`, `dateFormat`, `allow_blank`, `max_length`, `check_message`, `check_regular`, `text_field_parameters`, `combo_sql`, `serial_number`, `flag_active`, `flag_bak`, `user_type`, `team`, `s_note`, `sql_result`, `is_html`, `default_text`, `cascade_columns`) VALUES ('4028ae316b206590016b207908c50002', 'placeUsageAnalyse', 'id', 'id', '', '0', '0', '0', '0', '0', 'TextField', 'yyyy-MM-dd', '1', '50', '', '', NULL, '', '0', '4028809c1d625bcf011d66fd0dda0006', NULL, NULL, '', '', 'cct.id', NULL, '', NULL);
INSERT INTO `grid_column_config` (`ID`, `fk_action_grid_config_id`, `name`, `dataindex`, `data_column`, `search`, `to_add`, `column_can_update`, `list`, `report`, `type`, `dateFormat`, `allow_blank`, `max_length`, `check_message`, `check_regular`, `text_field_parameters`, `combo_sql`, `serial_number`, `flag_active`, `flag_bak`, `user_type`, `team`, `s_note`, `sql_result`, `is_html`, `default_text`, `cascade_columns`) VALUES ('4028ae316b206590016b207a203c0006', 'placeUsageAnalyse', '培训单位', 'combobox_peUnit.unitName', '', '1', '0', '0', '1', '1', 'TextField', 'yyyy-MM-dd', '1', '50', '', '', NULL, '', '4', '4028809c1d625bcf011d66fd0dda0006', NULL, NULL, '', '', 'un.name', NULL, '', NULL);
INSERT INTO `grid_column_config` (`ID`, `fk_action_grid_config_id`, `name`, `dataindex`, `data_column`, `search`, `to_add`, `column_can_update`, `list`, `report`, `type`, `dateFormat`, `allow_blank`, `max_length`, `check_message`, `check_regular`, `text_field_parameters`, `combo_sql`, `serial_number`, `flag_active`, `flag_bak`, `user_type`, `team`, `s_note`, `sql_result`, `is_html`, `default_text`, `cascade_columns`) VALUES ('4028ae316b206590016b207a6adb0007', 'placeUsageAnalyse', '场次', 'useNumber', '', '0', '0', '0', '1', '1', 'TextField', 'yyyy-MM-dd', '1', '50', '', '', NULL, '', '5', '4028809c1d625bcf011d66fd0dda0006', NULL, NULL, '', '', 'count(DISTINCT cct.id)', NULL, '', NULL);
INSERT INTO `grid_column_config` (`ID`, `fk_action_grid_config_id`, `name`, `dataindex`, `data_column`, `search`, `to_add`, `column_can_update`, `list`, `report`, `type`, `dateFormat`, `allow_blank`, `max_length`, `check_message`, `check_regular`, `text_field_parameters`, `combo_sql`, `serial_number`, `flag_active`, `flag_bak`, `user_type`, `team`, `s_note`, `sql_result`, `is_html`, `default_text`, `cascade_columns`) VALUES ('4028ae316b206590016b207abc570008', 'placeUsageAnalyse', '地点所属单位', 'combobox_peUnit.placeUnit', '', '1', '0', '0', '1', '1', 'TextField', 'yyyy-MM-dd', '1', '50', '', '', NULL, '', '6', '4028809c1d625bcf011d66fd0dda0006', NULL, NULL, '', '', 'pu.name', NULL, '', NULL);
INSERT INTO `grid_column_config` (`ID`, `fk_action_grid_config_id`, `name`, `dataindex`, `data_column`, `search`, `to_add`, `column_can_update`, `list`, `report`, `type`, `dateFormat`, `allow_blank`, `max_length`, `check_message`, `check_regular`, `text_field_parameters`, `combo_sql`, `serial_number`, `flag_active`, `flag_bak`, `user_type`, `team`, `s_note`, `sql_result`, `is_html`, `default_text`, `cascade_columns`) VALUES ('4028ae316b206590016b207b0e320009', 'placeUsageAnalyse', '费用总计', 'totalFee', '', '0', '0', '0', '1', '1', 'TextField', 'yyyy-MM-dd', '1', '50', '', '', NULL, '', '7', '4028809c1d625bcf011d66fd0dda0006', NULL, NULL, '', '', 'sum(p.charges)', NULL, '', NULL);
INSERT INTO `grid_column_config` (`ID`, `fk_action_grid_config_id`, `name`, `dataindex`, `data_column`, `search`, `to_add`, `column_can_update`, `list`, `report`, `type`, `dateFormat`, `allow_blank`, `max_length`, `check_message`, `check_regular`, `text_field_parameters`, `combo_sql`, `serial_number`, `flag_active`, `flag_bak`, `user_type`, `team`, `s_note`, `sql_result`, `is_html`, `default_text`, `cascade_columns`) VALUES ('4028ae316b206590016b208e87f9000b', 'placeUsageAnalyse', '地点使用时间', 'limitDate', '', '1', '0', '0', '0', '0', 'date', 'yyyy-MM-dd', '1', '50', '', '', NULL, '', '3', '4028809c1d625bcf011d66fd0dda0006', NULL, NULL, '', '', 'cct.training_date', NULL, '', NULL);
INSERT INTO `grid_column_config` (`ID`, `fk_action_grid_config_id`, `name`, `dataindex`, `data_column`, `search`, `to_add`, `column_can_update`, `list`, `report`, `type`, `dateFormat`, `allow_blank`, `max_length`, `check_message`, `check_regular`, `text_field_parameters`, `combo_sql`, `serial_number`, `flag_active`, `flag_bak`, `user_type`, `team`, `s_note`, `sql_result`, `is_html`, `default_text`, `cascade_columns`) VALUES ('4028ae316b206590016b209121e2000c', 'placeUsageAnalyse', 'unitId', 'unitId', '', '0', '0', '0', '0', '0', 'TextField', 'yyyy-MM-dd', '1', '50', '', '', NULL, '', '1', '4028809c1d625bcf011d66fd0dda0006', NULL, NULL, '', '', 'un.id', NULL, '', NULL);
INSERT INTO `grid_column_config` (`ID`, `fk_action_grid_config_id`, `name`, `dataindex`, `data_column`, `search`, `to_add`, `column_can_update`, `list`, `report`, `type`, `dateFormat`, `allow_blank`, `max_length`, `check_message`, `check_regular`, `text_field_parameters`, `combo_sql`, `serial_number`, `flag_active`, `flag_bak`, `user_type`, `team`, `s_note`, `sql_result`, `is_html`, `default_text`, `cascade_columns`) VALUES ('4028ae316b206590016b209171c5000d', 'placeUsageAnalyse', 'placeUnitId', 'placeUnitId', '', '0', '0', '0', '0', '0', 'TextField', 'yyyy-MM-dd', '1', '50', '', '', NULL, '', '2', '4028809c1d625bcf011d66fd0dda0006', NULL, NULL, '', '', 'pu.id', NULL, '', NULL);
INSERT INTO `grid_column_config` (`ID`, `fk_action_grid_config_id`, `name`, `dataindex`, `data_column`, `search`, `to_add`, `column_can_update`, `list`, `report`, `type`, `dateFormat`, `allow_blank`, `max_length`, `check_message`, `check_regular`, `text_field_parameters`, `combo_sql`, `serial_number`, `flag_active`, `flag_bak`, `user_type`, `team`, `s_note`, `sql_result`, `is_html`, `default_text`, `cascade_columns`) VALUES ('4028ae316b214e6d016b216694150000', 'feeAnalyseByItem', 'id', 'id', '', '0', '0', '0', '0', '0', 'TextField', 'yyyy-MM-dd', '1', '50', '', '', NULL, '', '0', '4028809c1d625bcf011d66fd0dda0006', NULL, NULL, '', '', NULL, NULL, '', NULL);
INSERT INTO `grid_column_config` (`ID`, `fk_action_grid_config_id`, `name`, `dataindex`, `data_column`, `search`, `to_add`, `column_can_update`, `list`, `report`, `type`, `dateFormat`, `allow_blank`, `max_length`, `check_message`, `check_regular`, `text_field_parameters`, `combo_sql`, `serial_number`, `flag_active`, `flag_bak`, `user_type`, `team`, `s_note`, `sql_result`, `is_html`, `default_text`, `cascade_columns`) VALUES ('4028ae316b214e6d016b2166e09e0001', 'feeAnalyseByItem', '培训单位', 'combobox_peUnit.unitName', '', '1', '0', '0', '1', '1', 'TextField', 'yyyy-MM-dd', '1', '50', '', '', NULL, '', '1', '4028809c1d625bcf011d66fd0dda0006', NULL, NULL, '', '', NULL, NULL, '', NULL);
INSERT INTO `grid_column_config` (`ID`, `fk_action_grid_config_id`, `name`, `dataindex`, `data_column`, `search`, `to_add`, `column_can_update`, `list`, `report`, `type`, `dateFormat`, `allow_blank`, `max_length`, `check_message`, `check_regular`, `text_field_parameters`, `combo_sql`, `serial_number`, `flag_active`, `flag_bak`, `user_type`, `team`, `s_note`, `sql_result`, `is_html`, `default_text`, `cascade_columns`) VALUES ('4028ae316b214e6d016b216767280002', 'feeAnalyseByItem', '培训类型', 'combobox_enumConstByFlagTrainingTrainingType.trainingType', '', '1', '0', '0', '1', '1', 'TextField', 'yyyy-MM-dd', '1', '50', '', '', NULL, '', '2', '4028809c1d625bcf011d66fd0dda0006', NULL, NULL, '', '', NULL, NULL, '', NULL);
INSERT INTO `grid_column_config` (`ID`, `fk_action_grid_config_id`, `name`, `dataindex`, `data_column`, `search`, `to_add`, `column_can_update`, `list`, `report`, `type`, `dateFormat`, `allow_blank`, `max_length`, `check_message`, `check_regular`, `text_field_parameters`, `combo_sql`, `serial_number`, `flag_active`, `flag_bak`, `user_type`, `team`, `s_note`, `sql_result`, `is_html`, `default_text`, `cascade_columns`) VALUES ('4028ae316b214e6d016b2167e0830003', 'feeAnalyseByItem', '申报单位', 'combobox_peUnit.trainingUnit', '', '1', '0', '0', '1', '1', 'TextField', 'yyyy-MM-dd', '1', '50', '', '', NULL, '', '3', '4028809c1d625bcf011d66fd0dda0006', NULL, NULL, '', '', NULL, NULL, '', NULL);
INSERT INTO `grid_column_config` (`ID`, `fk_action_grid_config_id`, `name`, `dataindex`, `data_column`, `search`, `to_add`, `column_can_update`, `list`, `report`, `type`, `dateFormat`, `allow_blank`, `max_length`, `check_message`, `check_regular`, `text_field_parameters`, `combo_sql`, `serial_number`, `flag_active`, `flag_bak`, `user_type`, `team`, `s_note`, `sql_result`, `is_html`, `default_text`, `cascade_columns`) VALUES ('4028ae316b214e6d016b216854f50004', 'feeAnalyseByItem', '培训形式', 'combobox_enumConstByFlagTrainingMode.trainingMode', '', '1', '0', '0', '1', '1', 'TextField', 'yyyy-MM-dd', '1', '50', '', '', NULL, '', '4', '4028809c1d625bcf011d66fd0dda0006', NULL, NULL, '', '', NULL, NULL, '', NULL);
INSERT INTO `grid_column_config` (`ID`, `fk_action_grid_config_id`, `name`, `dataindex`, `data_column`, `search`, `to_add`, `column_can_update`, `list`, `report`, `type`, `dateFormat`, `allow_blank`, `max_length`, `check_message`, `check_regular`, `text_field_parameters`, `combo_sql`, `serial_number`, `flag_active`, `flag_bak`, `user_type`, `team`, `s_note`, `sql_result`, `is_html`, `default_text`, `cascade_columns`) VALUES ('4028ae316b214e6d016b2168aae10005', 'feeAnalyseByItem', '社会培训班数', 'societyClass', '', '0', '0', '0', '1', '1', 'TextField', 'yyyy-MM-dd', '1', '50', '', '', NULL, '', '5', '4028809c1d625bcf011d66fd0dda0006', NULL, NULL, '', '', NULL, NULL, '', NULL);
INSERT INTO `grid_column_config` (`ID`, `fk_action_grid_config_id`, `name`, `dataindex`, `data_column`, `search`, `to_add`, `column_can_update`, `list`, `report`, `type`, `dateFormat`, `allow_blank`, `max_length`, `check_message`, `check_regular`, `text_field_parameters`, `combo_sql`, `serial_number`, `flag_active`, `flag_bak`, `user_type`, `team`, `s_note`, `sql_result`, `is_html`, `default_text`, `cascade_columns`) VALUES ('4028ae316b214e6d016b2168f75e0006', 'feeAnalyseByItem', '社会培训人数', 'societyStudent', '', '0', '0', '0', '1', '1', 'TextField', 'yyyy-MM-dd', '1', '50', '', '', NULL, '', '6', '4028809c1d625bcf011d66fd0dda0006', NULL, NULL, '', '', NULL, NULL, '', NULL);
INSERT INTO `grid_column_config` (`ID`, `fk_action_grid_config_id`, `name`, `dataindex`, `data_column`, `search`, `to_add`, `column_can_update`, `list`, `report`, `type`, `dateFormat`, `allow_blank`, `max_length`, `check_message`, `check_regular`, `text_field_parameters`, `combo_sql`, `serial_number`, `flag_active`, `flag_bak`, `user_type`, `team`, `s_note`, `sql_result`, `is_html`, `default_text`, `cascade_columns`) VALUES ('4028ae316b214e6d016b216946680007', 'feeAnalyseByItem', '委托培训班数', 'cooperateClass', '', '0', '0', '0', '1', '1', 'TextField', 'yyyy-MM-dd', '1', '50', '', '', NULL, '', '7', '4028809c1d625bcf011d66fd0dda0006', NULL, NULL, '', '', NULL, NULL, '', NULL);
INSERT INTO `grid_column_config` (`ID`, `fk_action_grid_config_id`, `name`, `dataindex`, `data_column`, `search`, `to_add`, `column_can_update`, `list`, `report`, `type`, `dateFormat`, `allow_blank`, `max_length`, `check_message`, `check_regular`, `text_field_parameters`, `combo_sql`, `serial_number`, `flag_active`, `flag_bak`, `user_type`, `team`, `s_note`, `sql_result`, `is_html`, `default_text`, `cascade_columns`) VALUES ('4028ae316b214e6d016b216997540008', 'feeAnalyseByItem', '委托培训人数', 'cooperateStudent', '', '0', '0', '0', '1', '1', 'TextField', 'yyyy-MM-dd', '1', '50', '', '', NULL, '', '8', '4028809c1d625bcf011d66fd0dda0006', NULL, NULL, '', '', NULL, NULL, '', NULL);
INSERT INTO `grid_column_config` (`ID`, `fk_action_grid_config_id`, `name`, `dataindex`, `data_column`, `search`, `to_add`, `column_can_update`, `list`, `report`, `type`, `dateFormat`, `allow_blank`, `max_length`, `check_message`, `check_regular`, `text_field_parameters`, `combo_sql`, `serial_number`, `flag_active`, `flag_bak`, `user_type`, `team`, `s_note`, `sql_result`, `is_html`, `default_text`, `cascade_columns`) VALUES ('4028ae316b214e6d016b2169d9790009', 'feeAnalyseByItem', '总班级数', 'totalClass', '', '0', '0', '0', '1', '1', 'TextField', 'yyyy-MM-dd', '1', '50', '', '', NULL, '', '9', '4028809c1d625bcf011d66fd0dda0006', NULL, NULL, '', '', NULL, NULL, '', NULL);
INSERT INTO `grid_column_config` (`ID`, `fk_action_grid_config_id`, `name`, `dataindex`, `data_column`, `search`, `to_add`, `column_can_update`, `list`, `report`, `type`, `dateFormat`, `allow_blank`, `max_length`, `check_message`, `check_regular`, `text_field_parameters`, `combo_sql`, `serial_number`, `flag_active`, `flag_bak`, `user_type`, `team`, `s_note`, `sql_result`, `is_html`, `default_text`, `cascade_columns`) VALUES ('4028ae316b214e6d016b216a132b000a', 'feeAnalyseByItem', '总人数', 'totalStudent', '', '0', '0', '0', '1', '1', 'TextField', 'yyyy-MM-dd', '1', '50', '', '', NULL, '', '10', '4028809c1d625bcf011d66fd0dda0006', NULL, NULL, '', '', NULL, NULL, '', NULL);
INSERT INTO `grid_column_config` (`ID`, `fk_action_grid_config_id`, `name`, `dataindex`, `data_column`, `search`, `to_add`, `column_can_update`, `list`, `report`, `type`, `dateFormat`, `allow_blank`, `max_length`, `check_message`, `check_regular`, `text_field_parameters`, `combo_sql`, `serial_number`, `flag_active`, `flag_bak`, `user_type`, `team`, `s_note`, `sql_result`, `is_html`, `default_text`, `cascade_columns`) VALUES ('4028ae316b214e6d016b216a4ac8000b', 'feeAnalyseByItem', '到账收入', 'passFee', '', '0', '0', '0', '1', '1', 'TextField', 'yyyy-MM-dd', '1', '50', '', '', NULL, '', '11', '4028809c1d625bcf011d66fd0dda0006', NULL, NULL, '', '', NULL, NULL, '', NULL);
INSERT INTO `grid_column_config` (`ID`, `fk_action_grid_config_id`, `name`, `dataindex`, `data_column`, `search`, `to_add`, `column_can_update`, `list`, `report`, `type`, `dateFormat`, `allow_blank`, `max_length`, `check_message`, `check_regular`, `text_field_parameters`, `combo_sql`, `serial_number`, `flag_active`, `flag_bak`, `user_type`, `team`, `s_note`, `sql_result`, `is_html`, `default_text`, `cascade_columns`) VALUES ('4028ae316b214e6d016b216ab0e3000c', 'feeAnalyseByItem', '总收入', 'totalFee', '', '0', '0', '0', '1', '1', 'TextField', 'yyyy-MM-dd', '1', '50', '', '', NULL, '', '12', '4028809c1d625bcf011d66fd0dda0006', NULL, NULL, '', '', NULL, NULL, '', NULL);
INSERT INTO `grid_column_config` (`ID`, `fk_action_grid_config_id`, `name`, `dataindex`, `data_column`, `search`, `to_add`, `column_can_update`, `list`, `report`, `type`, `dateFormat`, `allow_blank`, `max_length`, `check_message`, `check_regular`, `text_field_parameters`, `combo_sql`, `serial_number`, `flag_active`, `flag_bak`, `user_type`, `team`, `s_note`, `sql_result`, `is_html`, `default_text`, `cascade_columns`) VALUES ('4028ae316b214e6d016b216be24f000d', 'feeAnalyseByItem', '开班时间', 'startTime', '', '1', '0', '0', '0', '0', 'date', 'yyyy-MM-dd', '1', '50', '', '', NULL, '', '13', '4028809c1d625bcf011d66fd0dda0006', NULL, NULL, '', '', NULL, NULL, '', NULL);
INSERT INTO `grid_column_config` (`ID`, `fk_action_grid_config_id`, `name`, `dataindex`, `data_column`, `search`, `to_add`, `column_can_update`, `list`, `report`, `type`, `dateFormat`, `allow_blank`, `max_length`, `check_message`, `check_regular`, `text_field_parameters`, `combo_sql`, `serial_number`, `flag_active`, `flag_bak`, `user_type`, `team`, `s_note`, `sql_result`, `is_html`, `default_text`, `cascade_columns`) VALUES ('4028ae316b214e6d016b216c13da000e', 'feeAnalyseByItem', '结束时间', 'endTime', '', '1', '0', '0', '0', '0', 'date', 'yyyy-MM-dd', '1', '50', '', '', NULL, '', '14', '4028809c1d625bcf011d66fd0dda0006', NULL, NULL, '', '', NULL, NULL, '', NULL);
INSERT INTO `grid_column_config` (`ID`, `fk_action_grid_config_id`, `name`, `dataindex`, `data_column`, `search`, `to_add`, `column_can_update`, `list`, `report`, `type`, `dateFormat`, `allow_blank`, `max_length`, `check_message`, `check_regular`, `text_field_parameters`, `combo_sql`, `serial_number`, `flag_active`, `flag_bak`, `user_type`, `team`, `s_note`, `sql_result`, `is_html`, `default_text`, `cascade_columns`) VALUES ('4028ae316b214e6d016b216ea4e9000f', 'feeAnalyseByItem', 'unitId', 'unitId', '', '0', '0', '0', '0', '0', 'TextField', 'yyyy-MM-dd', '1', '50', '', '', NULL, '', '15', '4028809c1d625bcf011d66fd0dda0006', NULL, NULL, '', '', NULL, NULL, '', NULL);
INSERT INTO `grid_column_config` (`ID`, `fk_action_grid_config_id`, `name`, `dataindex`, `data_column`, `search`, `to_add`, `column_can_update`, `list`, `report`, `type`, `dateFormat`, `allow_blank`, `max_length`, `check_message`, `check_regular`, `text_field_parameters`, `combo_sql`, `serial_number`, `flag_active`, `flag_bak`, `user_type`, `team`, `s_note`, `sql_result`, `is_html`, `default_text`, `cascade_columns`) VALUES ('4028ae316b214e6d016b216ed7340010', 'feeAnalyseByItem', 'trainingTypeId', 'trainingTypeId', '', '0', '0', '0', '0', '0', 'TextField', 'yyyy-MM-dd', '1', '50', '', '', NULL, '', '16', '4028809c1d625bcf011d66fd0dda0006', NULL, NULL, '', '', NULL, NULL, '', NULL);
INSERT INTO `grid_column_config` (`ID`, `fk_action_grid_config_id`, `name`, `dataindex`, `data_column`, `search`, `to_add`, `column_can_update`, `list`, `report`, `type`, `dateFormat`, `allow_blank`, `max_length`, `check_message`, `check_regular`, `text_field_parameters`, `combo_sql`, `serial_number`, `flag_active`, `flag_bak`, `user_type`, `team`, `s_note`, `sql_result`, `is_html`, `default_text`, `cascade_columns`) VALUES ('4028ae316b214e6d016b216efb4c0011', 'feeAnalyseByItem', 'trainingUnitId', 'trainingUnitId', '', '0', '0', '0', '0', '0', 'TextField', 'yyyy-MM-dd', '1', '50', '', '', NULL, '', '17', '4028809c1d625bcf011d66fd0dda0006', NULL, NULL, '', '', NULL, NULL, '', NULL);
INSERT INTO `grid_column_config` (`ID`, `fk_action_grid_config_id`, `name`, `dataindex`, `data_column`, `search`, `to_add`, `column_can_update`, `list`, `report`, `type`, `dateFormat`, `allow_blank`, `max_length`, `check_message`, `check_regular`, `text_field_parameters`, `combo_sql`, `serial_number`, `flag_active`, `flag_bak`, `user_type`, `team`, `s_note`, `sql_result`, `is_html`, `default_text`, `cascade_columns`) VALUES ('4028ae316b214e6d016b216f1feb0012', 'feeAnalyseByItem', 'trainingModeId', 'trainingModeId', '', '0', '0', '0', '0', '0', 'TextField', 'yyyy-MM-dd', '1', '50', '', '', NULL, '', '18', '4028809c1d625bcf011d66fd0dda0006', NULL, NULL, '', '', NULL, NULL, '', NULL);
INSERT INTO `grid_column_config` (`ID`, `fk_action_grid_config_id`, `name`, `dataindex`, `data_column`, `search`, `to_add`, `column_can_update`, `list`, `report`, `type`, `dateFormat`, `allow_blank`, `max_length`, `check_message`, `check_regular`, `text_field_parameters`, `combo_sql`, `serial_number`, `flag_active`, `flag_bak`, `user_type`, `team`, `s_note`, `sql_result`, `is_html`, `default_text`, `cascade_columns`) VALUES ('4028ae316b219d0b016b21be3fba0000', 'feeAnalyseDetailByItem', 'id', 'id', '', '0', '0', '0', '0', '0', 'TextField', 'yyyy-MM-dd', '1', '50', '', '', NULL, '', '0', '4028809c1d625bcf011d66fd0dda0006', NULL, NULL, '', '', '', NULL, '', NULL);
INSERT INTO `grid_column_config` (`ID`, `fk_action_grid_config_id`, `name`, `dataindex`, `data_column`, `search`, `to_add`, `column_can_update`, `list`, `report`, `type`, `dateFormat`, `allow_blank`, `max_length`, `check_message`, `check_regular`, `text_field_parameters`, `combo_sql`, `serial_number`, `flag_active`, `flag_bak`, `user_type`, `team`, `s_note`, `sql_result`, `is_html`, `default_text`, `cascade_columns`) VALUES ('4028ae316b219d0b016b21be7a3b0001', 'feeAnalyseDetailByItem', '培训单位', 'combobox_peUnit.unitName', '', '1', '0', '0', '1', '1', 'TextField', 'yyyy-MM-dd', '1', '50', '', '', NULL, '', '1', '4028809c1d625bcf011d66fd0dda0006', NULL, NULL, '', '', '', NULL, '', NULL);
INSERT INTO `grid_column_config` (`ID`, `fk_action_grid_config_id`, `name`, `dataindex`, `data_column`, `search`, `to_add`, `column_can_update`, `list`, `report`, `type`, `dateFormat`, `allow_blank`, `max_length`, `check_message`, `check_regular`, `text_field_parameters`, `combo_sql`, `serial_number`, `flag_active`, `flag_bak`, `user_type`, `team`, `s_note`, `sql_result`, `is_html`, `default_text`, `cascade_columns`) VALUES ('4028ae316b219d0b016b21bf2d7d0002', 'feeAnalyseDetailByItem', '培训种类', 'combobox_enumConstByFlagTrainingItemType.itemType', '', '1', '0', '0', '1', '1', 'TextField', 'yyyy-MM-dd', '1', '50', '', '', NULL, '', '2', '4028809c1d625bcf011d66fd0dda0006', NULL, NULL, '', '', '', NULL, '', NULL);
INSERT INTO `grid_column_config` (`ID`, `fk_action_grid_config_id`, `name`, `dataindex`, `data_column`, `search`, `to_add`, `column_can_update`, `list`, `report`, `type`, `dateFormat`, `allow_blank`, `max_length`, `check_message`, `check_regular`, `text_field_parameters`, `combo_sql`, `serial_number`, `flag_active`, `flag_bak`, `user_type`, `team`, `s_note`, `sql_result`, `is_html`, `default_text`, `cascade_columns`) VALUES ('4028ae316b219d0b016b21bf889c0003', 'feeAnalyseDetailByItem', '培训类型', 'combobox_enumConstByFlagTrainingType.trainingType', '', '1', '0', '0', '1', '1', 'TextField', 'yyyy-MM-dd', '1', '50', '', '', NULL, '', '3', '4028809c1d625bcf011d66fd0dda0006', NULL, NULL, '', '', '', NULL, '', NULL);
INSERT INTO `grid_column_config` (`ID`, `fk_action_grid_config_id`, `name`, `dataindex`, `data_column`, `search`, `to_add`, `column_can_update`, `list`, `report`, `type`, `dateFormat`, `allow_blank`, `max_length`, `check_message`, `check_regular`, `text_field_parameters`, `combo_sql`, `serial_number`, `flag_active`, `flag_bak`, `user_type`, `team`, `s_note`, `sql_result`, `is_html`, `default_text`, `cascade_columns`) VALUES ('4028ae316b219d0b016b21bff5730004', 'feeAnalyseDetailByItem', '申请单位', 'combobox_peUnit.itemUnit', '', '1', '0', '0', '1', '1', 'TextField', 'yyyy-MM-dd', '1', '50', '', '', NULL, '', '4', '4028809c1d625bcf011d66fd0dda0006', NULL, NULL, '', '', '', NULL, '', NULL);
INSERT INTO `grid_column_config` (`ID`, `fk_action_grid_config_id`, `name`, `dataindex`, `data_column`, `search`, `to_add`, `column_can_update`, `list`, `report`, `type`, `dateFormat`, `allow_blank`, `max_length`, `check_message`, `check_regular`, `text_field_parameters`, `combo_sql`, `serial_number`, `flag_active`, `flag_bak`, `user_type`, `team`, `s_note`, `sql_result`, `is_html`, `default_text`, `cascade_columns`) VALUES ('4028ae316b219d0b016b21c071a80005', 'feeAnalyseDetailByItem', '培训形式', 'combobox_enumConstByFlagTrainingMode.trainingMode', '', '1', '0', '0', '1', '1', 'TextField', 'yyyy-MM-dd', '1', '50', '', '', NULL, '', '5', '4028809c1d625bcf011d66fd0dda0006', NULL, NULL, '', '', '', NULL, '', NULL);
INSERT INTO `grid_column_config` (`ID`, `fk_action_grid_config_id`, `name`, `dataindex`, `data_column`, `search`, `to_add`, `column_can_update`, `list`, `report`, `type`, `dateFormat`, `allow_blank`, `max_length`, `check_message`, `check_regular`, `text_field_parameters`, `combo_sql`, `serial_number`, `flag_active`, `flag_bak`, `user_type`, `team`, `s_note`, `sql_result`, `is_html`, `default_text`, `cascade_columns`) VALUES ('4028ae316b219d0b016b21c0d54b0006', 'feeAnalyseDetailByItem', '项目名称', 'combobox_trainingItem.itemName', '', '1', '0', '0', '1', '1', 'TextField', 'yyyy-MM-dd', '1', '50', '', '', NULL, '', '6', '4028809c1d625bcf011d66fd0dda0006', NULL, NULL, '', '', '', NULL, '', NULL);
INSERT INTO `grid_column_config` (`ID`, `fk_action_grid_config_id`, `name`, `dataindex`, `data_column`, `search`, `to_add`, `column_can_update`, `list`, `report`, `type`, `dateFormat`, `allow_blank`, `max_length`, `check_message`, `check_regular`, `text_field_parameters`, `combo_sql`, `serial_number`, `flag_active`, `flag_bak`, `user_type`, `team`, `s_note`, `sql_result`, `is_html`, `default_text`, `cascade_columns`) VALUES ('4028ae316b219d0b016b21c118870007', 'feeAnalyseDetailByItem', '班级名称', 'combobox_peClass.className', '', '1', '0', '0', '1', '1', 'TextField', 'yyyy-MM-dd', '1', '50', '', '', NULL, '', '7', '4028809c1d625bcf011d66fd0dda0006', NULL, NULL, '', '', '', NULL, '', NULL);
INSERT INTO `grid_column_config` (`ID`, `fk_action_grid_config_id`, `name`, `dataindex`, `data_column`, `search`, `to_add`, `column_can_update`, `list`, `report`, `type`, `dateFormat`, `allow_blank`, `max_length`, `check_message`, `check_regular`, `text_field_parameters`, `combo_sql`, `serial_number`, `flag_active`, `flag_bak`, `user_type`, `team`, `s_note`, `sql_result`, `is_html`, `default_text`, `cascade_columns`) VALUES ('4028ae316b219d0b016b21c152050008', 'feeAnalyseDetailByItem', '班级编号', 'classCode', '', '1', '0', '0', '1', '1', 'TextField', 'yyyy-MM-dd', '1', '50', '', '', NULL, '', '8', '4028809c1d625bcf011d66fd0dda0006', NULL, NULL, '', '', '', NULL, '', NULL);
INSERT INTO `grid_column_config` (`ID`, `fk_action_grid_config_id`, `name`, `dataindex`, `data_column`, `search`, `to_add`, `column_can_update`, `list`, `report`, `type`, `dateFormat`, `allow_blank`, `max_length`, `check_message`, `check_regular`, `text_field_parameters`, `combo_sql`, `serial_number`, `flag_active`, `flag_bak`, `user_type`, `team`, `s_note`, `sql_result`, `is_html`, `default_text`, `cascade_columns`) VALUES ('4028ae316b219d0b016b21c1a7200009', 'feeAnalyseDetailByItem', '学生数量', 'studentNumber', '', '1', '0', '0', '1', '1', 'TextField', 'yyyy-MM-dd', '1', '50', '', '', NULL, '', '9', '4028809c1d625bcf011d66fd0dda0006', NULL, NULL, '', '', '', NULL, '', NULL);
INSERT INTO `grid_column_config` (`ID`, `fk_action_grid_config_id`, `name`, `dataindex`, `data_column`, `search`, `to_add`, `column_can_update`, `list`, `report`, `type`, `dateFormat`, `allow_blank`, `max_length`, `check_message`, `check_regular`, `text_field_parameters`, `combo_sql`, `serial_number`, `flag_active`, `flag_bak`, `user_type`, `team`, `s_note`, `sql_result`, `is_html`, `default_text`, `cascade_columns`) VALUES ('4028ae316b219d0b016b21c1ee9f000a', 'feeAnalyseDetailByItem', '开班开始时间', 'startTime', '', '1', '0', '0', '1', '1', 'datetime', 'yyyy-MM-dd HH:mm:ss', '1', '50', '', '', NULL, '', '10', '4028809c1d625bcf011d66fd0dda0006', NULL, NULL, '', '', '', NULL, '', NULL);
INSERT INTO `grid_column_config` (`ID`, `fk_action_grid_config_id`, `name`, `dataindex`, `data_column`, `search`, `to_add`, `column_can_update`, `list`, `report`, `type`, `dateFormat`, `allow_blank`, `max_length`, `check_message`, `check_regular`, `text_field_parameters`, `combo_sql`, `serial_number`, `flag_active`, `flag_bak`, `user_type`, `team`, `s_note`, `sql_result`, `is_html`, `default_text`, `cascade_columns`) VALUES ('4028ae316b219d0b016b21c23068000b', 'feeAnalyseDetailByItem', '看板结束时间', 'endTime', '', '1', '0', '0', '1', '1', 'datetime', 'yyyy-MM-dd HH:mm:ss', '1', '50', '', '', NULL, '', '11', '4028809c1d625bcf011d66fd0dda0006', NULL, NULL, '', '', '', NULL, '', NULL);
INSERT INTO `grid_column_config` (`ID`, `fk_action_grid_config_id`, `name`, `dataindex`, `data_column`, `search`, `to_add`, `column_can_update`, `list`, `report`, `type`, `dateFormat`, `allow_blank`, `max_length`, `check_message`, `check_regular`, `text_field_parameters`, `combo_sql`, `serial_number`, `flag_active`, `flag_bak`, `user_type`, `team`, `s_note`, `sql_result`, `is_html`, `default_text`, `cascade_columns`) VALUES ('4028ae316b219d0b016b21c29396000c', 'feeAnalyseDetailByItem', '审核状态', 'combobox_enumConstByFlagSettelAccountStatus.feeStatus', '', '1', '0', '0', '1', '1', 'TextField', 'yyyy-MM-dd', '1', '50', '', '', NULL, '', '12', '4028809c1d625bcf011d66fd0dda0006', NULL, NULL, '', '', '', NULL, '', NULL);
INSERT INTO `grid_column_config` (`ID`, `fk_action_grid_config_id`, `name`, `dataindex`, `data_column`, `search`, `to_add`, `column_can_update`, `list`, `report`, `type`, `dateFormat`, `allow_blank`, `max_length`, `check_message`, `check_regular`, `text_field_parameters`, `combo_sql`, `serial_number`, `flag_active`, `flag_bak`, `user_type`, `team`, `s_note`, `sql_result`, `is_html`, `default_text`, `cascade_columns`) VALUES ('4028ae316b21fd34016b220d77f70000', 'feeAnalyseByUnit', 'id', 'id', '', '0', '0', '0', '0', '0', 'TextField', 'yyyy-MM-dd', '1', '50', '', '', NULL, '', '0', '4028809c1d625bcf011d66fd0dda0006', NULL, NULL, '', '', '', NULL, '', NULL);
INSERT INTO `grid_column_config` (`ID`, `fk_action_grid_config_id`, `name`, `dataindex`, `data_column`, `search`, `to_add`, `column_can_update`, `list`, `report`, `type`, `dateFormat`, `allow_blank`, `max_length`, `check_message`, `check_regular`, `text_field_parameters`, `combo_sql`, `serial_number`, `flag_active`, `flag_bak`, `user_type`, `team`, `s_note`, `sql_result`, `is_html`, `default_text`, `cascade_columns`) VALUES ('4028ae316b21fd34016b220ddcee0001', 'feeAnalyseByUnit', '培训单位', 'combobox_peUnit.unitName', '', '0', '0', '0', '1', '1', 'TextField', 'yyyy-MM-dd', '1', '50', '', '', NULL, '', '1', '4028809c1d625bcf011d66fd0dda0006', NULL, NULL, '', '', '', NULL, '', NULL);
INSERT INTO `grid_column_config` (`ID`, `fk_action_grid_config_id`, `name`, `dataindex`, `data_column`, `search`, `to_add`, `column_can_update`, `list`, `report`, `type`, `dateFormat`, `allow_blank`, `max_length`, `check_message`, `check_regular`, `text_field_parameters`, `combo_sql`, `serial_number`, `flag_active`, `flag_bak`, `user_type`, `team`, `s_note`, `sql_result`, `is_html`, `default_text`, `cascade_columns`) VALUES ('4028ae316b21fd34016b220ec2f40002', 'feeAnalyseByUnit', '培训类型', 'combobox_enumConstByFlagTrainingType.trainingType', '', '1', '0', '0', '0', '0', 'TextField', 'yyyy-MM-dd', '1', '50', '', '', NULL, '', '2', '4028809c1d625bcf011d66fd0dda0006', NULL, NULL, '', '', '', NULL, '', NULL);
INSERT INTO `grid_column_config` (`ID`, `fk_action_grid_config_id`, `name`, `dataindex`, `data_column`, `search`, `to_add`, `column_can_update`, `list`, `report`, `type`, `dateFormat`, `allow_blank`, `max_length`, `check_message`, `check_regular`, `text_field_parameters`, `combo_sql`, `serial_number`, `flag_active`, `flag_bak`, `user_type`, `team`, `s_note`, `sql_result`, `is_html`, `default_text`, `cascade_columns`) VALUES ('4028ae316b252893016b252f79b40000', 'feeAnalyseByUnit', '社会培训班数', 'societyClass', '', '0', '0', '0', '1', '1', 'TextField', 'yyyy-MM-dd', '1', '50', '', '', NULL, '', '3', '4028809c1d625bcf011d66fd0dda0006', NULL, NULL, '', '', '', NULL, '', NULL);
INSERT INTO `grid_column_config` (`ID`, `fk_action_grid_config_id`, `name`, `dataindex`, `data_column`, `search`, `to_add`, `column_can_update`, `list`, `report`, `type`, `dateFormat`, `allow_blank`, `max_length`, `check_message`, `check_regular`, `text_field_parameters`, `combo_sql`, `serial_number`, `flag_active`, `flag_bak`, `user_type`, `team`, `s_note`, `sql_result`, `is_html`, `default_text`, `cascade_columns`) VALUES ('4028ae316b252893016b252ff5100001', 'feeAnalyseByUnit', '社会培训人数', 'societyStudent', '', '0', '0', '0', '1', '1', 'TextField', 'yyyy-MM-dd', '1', '50', '', '', NULL, '', '4', '4028809c1d625bcf011d66fd0dda0006', NULL, NULL, '', '', '', NULL, '', NULL);
INSERT INTO `grid_column_config` (`ID`, `fk_action_grid_config_id`, `name`, `dataindex`, `data_column`, `search`, `to_add`, `column_can_update`, `list`, `report`, `type`, `dateFormat`, `allow_blank`, `max_length`, `check_message`, `check_regular`, `text_field_parameters`, `combo_sql`, `serial_number`, `flag_active`, `flag_bak`, `user_type`, `team`, `s_note`, `sql_result`, `is_html`, `default_text`, `cascade_columns`) VALUES ('4028ae316b252893016b253089880002', 'feeAnalyseByUnit', '合作培训班数', 'cooperateClass', '', '0', '0', '0', '1', '1', 'TextField', 'yyyy-MM-dd', '1', '50', '', '', NULL, '', '5', '4028809c1d625bcf011d66fd0dda0006', NULL, NULL, '', '', '', NULL, '', NULL);
INSERT INTO `grid_column_config` (`ID`, `fk_action_grid_config_id`, `name`, `dataindex`, `data_column`, `search`, `to_add`, `column_can_update`, `list`, `report`, `type`, `dateFormat`, `allow_blank`, `max_length`, `check_message`, `check_regular`, `text_field_parameters`, `combo_sql`, `serial_number`, `flag_active`, `flag_bak`, `user_type`, `team`, `s_note`, `sql_result`, `is_html`, `default_text`, `cascade_columns`) VALUES ('4028ae316b252893016b2530cbe60003', 'feeAnalyseByUnit', '合作培训人数', 'cooperateStudent', '', '0', '0', '0', '1', '1', 'TextField', 'yyyy-MM-dd', '1', '50', '', '', NULL, '', '6', '4028809c1d625bcf011d66fd0dda0006', NULL, NULL, '', '', '', NULL, '', NULL);
INSERT INTO `grid_column_config` (`ID`, `fk_action_grid_config_id`, `name`, `dataindex`, `data_column`, `search`, `to_add`, `column_can_update`, `list`, `report`, `type`, `dateFormat`, `allow_blank`, `max_length`, `check_message`, `check_regular`, `text_field_parameters`, `combo_sql`, `serial_number`, `flag_active`, `flag_bak`, `user_type`, `team`, `s_note`, `sql_result`, `is_html`, `default_text`, `cascade_columns`) VALUES ('4028ae316b252893016b253106370004', 'feeAnalyseByUnit', '总班级数', 'totalClass', '', '0', '0', '0', '1', '1', 'TextField', 'yyyy-MM-dd', '1', '50', '', '', NULL, '', '7', '4028809c1d625bcf011d66fd0dda0006', NULL, NULL, '', '', '', NULL, '', NULL);
INSERT INTO `grid_column_config` (`ID`, `fk_action_grid_config_id`, `name`, `dataindex`, `data_column`, `search`, `to_add`, `column_can_update`, `list`, `report`, `type`, `dateFormat`, `allow_blank`, `max_length`, `check_message`, `check_regular`, `text_field_parameters`, `combo_sql`, `serial_number`, `flag_active`, `flag_bak`, `user_type`, `team`, `s_note`, `sql_result`, `is_html`, `default_text`, `cascade_columns`) VALUES ('4028ae316b252893016b253141b50005', 'feeAnalyseByUnit', '总人数', 'totalStudent', '', '0', '0', '0', '1', '1', 'TextField', 'yyyy-MM-dd', '1', '50', '', '', NULL, '', '8', '4028809c1d625bcf011d66fd0dda0006', NULL, NULL, '', '', '', NULL, '', NULL);
INSERT INTO `grid_column_config` (`ID`, `fk_action_grid_config_id`, `name`, `dataindex`, `data_column`, `search`, `to_add`, `column_can_update`, `list`, `report`, `type`, `dateFormat`, `allow_blank`, `max_length`, `check_message`, `check_regular`, `text_field_parameters`, `combo_sql`, `serial_number`, `flag_active`, `flag_bak`, `user_type`, `team`, `s_note`, `sql_result`, `is_html`, `default_text`, `cascade_columns`) VALUES ('4028ae316b252893016b2531889e0006', 'feeAnalyseByUnit', '到账收入', 'passFee', '', '0', '0', '0', '1', '1', 'TextField', 'yyyy-MM-dd', '1', '50', '', '', NULL, '', '9', '4028809c1d625bcf011d66fd0dda0006', NULL, NULL, '', '', '', NULL, '', NULL);
INSERT INTO `grid_column_config` (`ID`, `fk_action_grid_config_id`, `name`, `dataindex`, `data_column`, `search`, `to_add`, `column_can_update`, `list`, `report`, `type`, `dateFormat`, `allow_blank`, `max_length`, `check_message`, `check_regular`, `text_field_parameters`, `combo_sql`, `serial_number`, `flag_active`, `flag_bak`, `user_type`, `team`, `s_note`, `sql_result`, `is_html`, `default_text`, `cascade_columns`) VALUES ('4028ae316b252893016b2531bcd10007', 'feeAnalyseByUnit', '总收入', 'totalFee', '', '0', '0', '0', '1', '1', 'TextField', 'yyyy-MM-dd', '1', '50', '', '', NULL, '', '10', '4028809c1d625bcf011d66fd0dda0006', NULL, NULL, '', '', '', NULL, '', NULL);
INSERT INTO `grid_column_config` (`ID`, `fk_action_grid_config_id`, `name`, `dataindex`, `data_column`, `search`, `to_add`, `column_can_update`, `list`, `report`, `type`, `dateFormat`, `allow_blank`, `max_length`, `check_message`, `check_regular`, `text_field_parameters`, `combo_sql`, `serial_number`, `flag_active`, `flag_bak`, `user_type`, `team`, `s_note`, `sql_result`, `is_html`, `default_text`, `cascade_columns`) VALUES ('4028ae316b252893016b2532d4370008', 'feeAnalyseByUnit', 'unitId', 'unitId', '', '0', '0', '0', '0', '0', 'TextField', 'yyyy-MM-dd', '1', '50', '', '', NULL, '', '11', '4028809c1d625bcf011d66fd0dda0006', NULL, NULL, '', '', '', NULL, '', NULL);
INSERT INTO `grid_column_config` (`ID`, `fk_action_grid_config_id`, `name`, `dataindex`, `data_column`, `search`, `to_add`, `column_can_update`, `list`, `report`, `type`, `dateFormat`, `allow_blank`, `max_length`, `check_message`, `check_regular`, `text_field_parameters`, `combo_sql`, `serial_number`, `flag_active`, `flag_bak`, `user_type`, `team`, `s_note`, `sql_result`, `is_html`, `default_text`, `cascade_columns`) VALUES ('4028ae316b253adb016b253e41d20001', 'feeAnalyseByUnit', '开班开始时间', 'startTime', '', '1', '0', '0', '0', '0', 'date', 'yyyy-MM-dd', '1', '50', '', '', NULL, '', '12', '4028809c1d625bcf011d66fd0dda0006', NULL, NULL, '', '', '', NULL, '', NULL);
INSERT INTO `grid_column_config` (`ID`, `fk_action_grid_config_id`, `name`, `dataindex`, `data_column`, `search`, `to_add`, `column_can_update`, `list`, `report`, `type`, `dateFormat`, `allow_blank`, `max_length`, `check_message`, `check_regular`, `text_field_parameters`, `combo_sql`, `serial_number`, `flag_active`, `flag_bak`, `user_type`, `team`, `s_note`, `sql_result`, `is_html`, `default_text`, `cascade_columns`) VALUES ('4028ae316b253adb016b253e8cec0002', 'feeAnalyseByUnit', '开班结束时间', 'endTime', '', '1', '0', '0', '0', '0', 'date', 'yyyy-MM-dd', '1', '50', '', '', NULL, '', '13', '4028809c1d625bcf011d66fd0dda0006', NULL, NULL, '', '', '', NULL, '', NULL);
INSERT INTO `grid_column_config` (`ID`, `fk_action_grid_config_id`, `name`, `dataindex`, `data_column`, `search`, `to_add`, `column_can_update`, `list`, `report`, `type`, `dateFormat`, `allow_blank`, `max_length`, `check_message`, `check_regular`, `text_field_parameters`, `combo_sql`, `serial_number`, `flag_active`, `flag_bak`, `user_type`, `team`, `s_note`, `sql_result`, `is_html`, `default_text`, `cascade_columns`) VALUES ('4028ae316b255bec016b2562b3280000', 'feeAnalyseByUnitDetail', 'id', 'id', '', '0', '0', '0', '0', '0', 'TextField', 'yyyy-MM-dd', '1', '50', '', '', NULL, '', '0', '4028809c1d625bcf011d66fd0dda0006', NULL, NULL, '', '', '', NULL, '', NULL);
INSERT INTO `grid_column_config` (`ID`, `fk_action_grid_config_id`, `name`, `dataindex`, `data_column`, `search`, `to_add`, `column_can_update`, `list`, `report`, `type`, `dateFormat`, `allow_blank`, `max_length`, `check_message`, `check_regular`, `text_field_parameters`, `combo_sql`, `serial_number`, `flag_active`, `flag_bak`, `user_type`, `team`, `s_note`, `sql_result`, `is_html`, `default_text`, `cascade_columns`) VALUES ('4028ae316b255bec016b2562f3b00001', 'feeAnalyseByUnitDetail', '培训单位', 'combobox_peUnit.unitName', '', '1', '0', '0', '1', '1', 'TextField', 'yyyy-MM-dd', '1', '50', '', '', NULL, '', '1', '4028809c1d625bcf011d66fd0dda0006', NULL, NULL, '', '', '', NULL, '', NULL);
INSERT INTO `grid_column_config` (`ID`, `fk_action_grid_config_id`, `name`, `dataindex`, `data_column`, `search`, `to_add`, `column_can_update`, `list`, `report`, `type`, `dateFormat`, `allow_blank`, `max_length`, `check_message`, `check_regular`, `text_field_parameters`, `combo_sql`, `serial_number`, `flag_active`, `flag_bak`, `user_type`, `team`, `s_note`, `sql_result`, `is_html`, `default_text`, `cascade_columns`) VALUES ('4028ae316b255bec016b2563241b0002', 'feeAnalyseByUnitDetail', 'unitId', 'unitId', '', '0', '0', '0', '0', '0', 'TextField', 'yyyy-MM-dd', '1', '50', '', '', NULL, '', '2', '4028809c1d625bcf011d66fd0dda0006', NULL, NULL, '', '', '', NULL, '', NULL);
INSERT INTO `grid_column_config` (`ID`, `fk_action_grid_config_id`, `name`, `dataindex`, `data_column`, `search`, `to_add`, `column_can_update`, `list`, `report`, `type`, `dateFormat`, `allow_blank`, `max_length`, `check_message`, `check_regular`, `text_field_parameters`, `combo_sql`, `serial_number`, `flag_active`, `flag_bak`, `user_type`, `team`, `s_note`, `sql_result`, `is_html`, `default_text`, `cascade_columns`) VALUES ('4028ae316b255bec016b256389a70003', 'feeAnalyseByUnitDetail', '培训种类', 'combobox_enumConstByFlagTrainingItemType.itemType', '', '1', '0', '0', '1', '1', 'TextField', 'yyyy-MM-dd', '1', '50', '', '', NULL, '', '3', '4028809c1d625bcf011d66fd0dda0006', NULL, NULL, '', '', '', NULL, '', NULL);
INSERT INTO `grid_column_config` (`ID`, `fk_action_grid_config_id`, `name`, `dataindex`, `data_column`, `search`, `to_add`, `column_can_update`, `list`, `report`, `type`, `dateFormat`, `allow_blank`, `max_length`, `check_message`, `check_regular`, `text_field_parameters`, `combo_sql`, `serial_number`, `flag_active`, `flag_bak`, `user_type`, `team`, `s_note`, `sql_result`, `is_html`, `default_text`, `cascade_columns`) VALUES ('4028ae316b255bec016b2563e6f90004', 'feeAnalyseByUnitDetail', '培训类型', 'combobox_enumConstByFlagTrainingType.trainingType', '', '1', '0', '0', '1', '1', 'TextField', 'yyyy-MM-dd', '1', '50', '', '', NULL, '', '4', '4028809c1d625bcf011d66fd0dda0006', NULL, NULL, '', '', '', NULL, '', NULL);
INSERT INTO `grid_column_config` (`ID`, `fk_action_grid_config_id`, `name`, `dataindex`, `data_column`, `search`, `to_add`, `column_can_update`, `list`, `report`, `type`, `dateFormat`, `allow_blank`, `max_length`, `check_message`, `check_regular`, `text_field_parameters`, `combo_sql`, `serial_number`, `flag_active`, `flag_bak`, `user_type`, `team`, `s_note`, `sql_result`, `is_html`, `default_text`, `cascade_columns`) VALUES ('4028ae316b255bec016b25645b400005', 'feeAnalyseByUnitDetail', '培训形式', 'combobox_enumConstByFlagTrainingMode.trainingMode', '', '1', '0', '0', '1', '1', 'TextField', 'yyyy-MM-dd', '1', '50', '', '', NULL, '', '5', '4028809c1d625bcf011d66fd0dda0006', NULL, NULL, '', '', '', NULL, '', NULL);
INSERT INTO `grid_column_config` (`ID`, `fk_action_grid_config_id`, `name`, `dataindex`, `data_column`, `search`, `to_add`, `column_can_update`, `list`, `report`, `type`, `dateFormat`, `allow_blank`, `max_length`, `check_message`, `check_regular`, `text_field_parameters`, `combo_sql`, `serial_number`, `flag_active`, `flag_bak`, `user_type`, `team`, `s_note`, `sql_result`, `is_html`, `default_text`, `cascade_columns`) VALUES ('4028ae316b255bec016b2564bb580006', 'feeAnalyseByUnitDetail', '委托单位', 'combobox_entrustedUnit.entrustedUnit', '', '1', '0', '0', '1', '1', 'TextField', 'yyyy-MM-dd', '1', '50', '', '', NULL, '', '6', '4028809c1d625bcf011d66fd0dda0006', NULL, NULL, '', '', '', NULL, '', NULL);
INSERT INTO `grid_column_config` (`ID`, `fk_action_grid_config_id`, `name`, `dataindex`, `data_column`, `search`, `to_add`, `column_can_update`, `list`, `report`, `type`, `dateFormat`, `allow_blank`, `max_length`, `check_message`, `check_regular`, `text_field_parameters`, `combo_sql`, `serial_number`, `flag_active`, `flag_bak`, `user_type`, `team`, `s_note`, `sql_result`, `is_html`, `default_text`, `cascade_columns`) VALUES ('4028ae316b255bec016b2564fd400007', 'feeAnalyseByUnitDetail', '培训班名称', 'combobox_peClass.className', '', '1', '0', '0', '1', '1', 'TextField', 'yyyy-MM-dd', '1', '50', '', '', NULL, '', '7', '4028809c1d625bcf011d66fd0dda0006', NULL, NULL, '', '', '', NULL, '', NULL);
INSERT INTO `grid_column_config` (`ID`, `fk_action_grid_config_id`, `name`, `dataindex`, `data_column`, `search`, `to_add`, `column_can_update`, `list`, `report`, `type`, `dateFormat`, `allow_blank`, `max_length`, `check_message`, `check_regular`, `text_field_parameters`, `combo_sql`, `serial_number`, `flag_active`, `flag_bak`, `user_type`, `team`, `s_note`, `sql_result`, `is_html`, `default_text`, `cascade_columns`) VALUES ('4028ae316b255bec016b25653a0d0008', 'feeAnalyseByUnitDetail', '培训班编号', 'classCode', '', '1', '0', '0', '1', '1', 'TextField', 'yyyy-MM-dd', '1', '50', '', '', NULL, '', '8', '4028809c1d625bcf011d66fd0dda0006', NULL, NULL, '', '', '', NULL, '', NULL);
INSERT INTO `grid_column_config` (`ID`, `fk_action_grid_config_id`, `name`, `dataindex`, `data_column`, `search`, `to_add`, `column_can_update`, `list`, `report`, `type`, `dateFormat`, `allow_blank`, `max_length`, `check_message`, `check_regular`, `text_field_parameters`, `combo_sql`, `serial_number`, `flag_active`, `flag_bak`, `user_type`, `team`, `s_note`, `sql_result`, `is_html`, `default_text`, `cascade_columns`) VALUES ('4028ae316b255bec016b25658e2e0009', 'feeAnalyseByUnitDetail', '学员人数', 'studentNumber', '', '1', '0', '0', '1', '1', 'TextField', 'yyyy-MM-dd', '1', '50', '', '', NULL, '', '9', '4028809c1d625bcf011d66fd0dda0006', NULL, NULL, '', '', '', NULL, '', NULL);
INSERT INTO `grid_column_config` (`ID`, `fk_action_grid_config_id`, `name`, `dataindex`, `data_column`, `search`, `to_add`, `column_can_update`, `list`, `report`, `type`, `dateFormat`, `allow_blank`, `max_length`, `check_message`, `check_regular`, `text_field_parameters`, `combo_sql`, `serial_number`, `flag_active`, `flag_bak`, `user_type`, `team`, `s_note`, `sql_result`, `is_html`, `default_text`, `cascade_columns`) VALUES ('4028ae316b255bec016b2565cc90000a', 'feeAnalyseByUnitDetail', '开班开始时间', 'startTime', '', '1', '0', '0', '1', '1', 'TextField', 'yyyy-MM-dd', '1', '50', '', '', NULL, '', '10', '4028809c1d625bcf011d66fd0dda0006', NULL, NULL, '', '', '', NULL, '', NULL);
INSERT INTO `grid_column_config` (`ID`, `fk_action_grid_config_id`, `name`, `dataindex`, `data_column`, `search`, `to_add`, `column_can_update`, `list`, `report`, `type`, `dateFormat`, `allow_blank`, `max_length`, `check_message`, `check_regular`, `text_field_parameters`, `combo_sql`, `serial_number`, `flag_active`, `flag_bak`, `user_type`, `team`, `s_note`, `sql_result`, `is_html`, `default_text`, `cascade_columns`) VALUES ('4028ae316b255bec016b256603da000b', 'feeAnalyseByUnitDetail', '开班结束时间', 'endTime', '', '1', '0', '0', '1', '1', 'TextField', 'yyyy-MM-dd', '1', '50', '', '', NULL, '', '11', '4028809c1d625bcf011d66fd0dda0006', NULL, NULL, '', '', '', NULL, '', NULL);
INSERT INTO `grid_column_config` (`ID`, `fk_action_grid_config_id`, `name`, `dataindex`, `data_column`, `search`, `to_add`, `column_can_update`, `list`, `report`, `type`, `dateFormat`, `allow_blank`, `max_length`, `check_message`, `check_regular`, `text_field_parameters`, `combo_sql`, `serial_number`, `flag_active`, `flag_bak`, `user_type`, `team`, `s_note`, `sql_result`, `is_html`, `default_text`, `cascade_columns`) VALUES ('4028ae316b255bec016b2566752c000c', 'feeAnalyseByUnitDetail', '审核状态', 'combobox_enumConstByFlagSettelAccountStatus.feeStatus', '', '1', '0', '0', '1', '1', 'TextField', 'yyyy-MM-dd', '1', '50', '', '', NULL, '', '12', '4028809c1d625bcf011d66fd0dda0006', NULL, NULL, '', '', '', NULL, '', NULL);
INSERT INTO `grid_column_config` (`ID`, `fk_action_grid_config_id`, `name`, `dataindex`, `data_column`, `search`, `to_add`, `column_can_update`, `list`, `report`, `type`, `dateFormat`, `allow_blank`, `max_length`, `check_message`, `check_regular`, `text_field_parameters`, `combo_sql`, `serial_number`, `flag_active`, `flag_bak`, `user_type`, `team`, `s_note`, `sql_result`, `is_html`, `default_text`, `cascade_columns`) VALUES ('4028ae316b256a0b016b259b6fc50001', 'analyseFeeDetailByArea', 'id', 'id', '', '0', '0', '0', '0', '0', 'TextField', 'yyyy-MM-dd', '1', '50', '', '', NULL, '', '0', '4028809c1d625bcf011d66fd0dda0006', NULL, NULL, '', '', '', NULL, '', NULL);
INSERT INTO `grid_column_config` (`ID`, `fk_action_grid_config_id`, `name`, `dataindex`, `data_column`, `search`, `to_add`, `column_can_update`, `list`, `report`, `type`, `dateFormat`, `allow_blank`, `max_length`, `check_message`, `check_regular`, `text_field_parameters`, `combo_sql`, `serial_number`, `flag_active`, `flag_bak`, `user_type`, `team`, `s_note`, `sql_result`, `is_html`, `default_text`, `cascade_columns`) VALUES ('4028ae316b256a0b016b259bceb80002', 'analyseFeeDetailByArea', '培训地区', 'combobox_enumConstByFlagTrainingArea.trainingArea', '', '0', '0', '0', '1', '1', 'TextField', 'yyyy-MM-dd', '1', '50', '', '', NULL, '', '1', '4028809c1d625bcf011d66fd0dda0006', NULL, NULL, '', '', '', NULL, '', NULL);
INSERT INTO `grid_column_config` (`ID`, `fk_action_grid_config_id`, `name`, `dataindex`, `data_column`, `search`, `to_add`, `column_can_update`, `list`, `report`, `type`, `dateFormat`, `allow_blank`, `max_length`, `check_message`, `check_regular`, `text_field_parameters`, `combo_sql`, `serial_number`, `flag_active`, `flag_bak`, `user_type`, `team`, `s_note`, `sql_result`, `is_html`, `default_text`, `cascade_columns`) VALUES ('4028ae316b256a0b016b259c2d9f0003', 'analyseFeeDetailByArea', '委托单位', 'combobox_entrustedUnit.entrustedUnit', '', '0', '0', '0', '1', '1', 'TextField', 'yyyy-MM-dd', '1', '50', '', '', NULL, '', '2', '4028809c1d625bcf011d66fd0dda0006', NULL, NULL, '', '', '', NULL, '', NULL);
INSERT INTO `grid_column_config` (`ID`, `fk_action_grid_config_id`, `name`, `dataindex`, `data_column`, `search`, `to_add`, `column_can_update`, `list`, `report`, `type`, `dateFormat`, `allow_blank`, `max_length`, `check_message`, `check_regular`, `text_field_parameters`, `combo_sql`, `serial_number`, `flag_active`, `flag_bak`, `user_type`, `team`, `s_note`, `sql_result`, `is_html`, `default_text`, `cascade_columns`) VALUES ('4028ae316b256a0b016b259cbf310004', 'analyseFeeDetailByArea', '培训单位', 'combobox_peUnit.unitName', '', '0', '0', '0', '1', '1', 'TextField', 'yyyy-MM-dd', '1', '50', '', '', NULL, '', '3', '4028809c1d625bcf011d66fd0dda0006', NULL, NULL, '', '', '', NULL, '', NULL);
INSERT INTO `grid_column_config` (`ID`, `fk_action_grid_config_id`, `name`, `dataindex`, `data_column`, `search`, `to_add`, `column_can_update`, `list`, `report`, `type`, `dateFormat`, `allow_blank`, `max_length`, `check_message`, `check_regular`, `text_field_parameters`, `combo_sql`, `serial_number`, `flag_active`, `flag_bak`, `user_type`, `team`, `s_note`, `sql_result`, `is_html`, `default_text`, `cascade_columns`) VALUES ('4028ae316b256a0b016b259cfdde0005', 'analyseFeeDetailByArea', '班级数', 'totalClass', '', '0', '0', '0', '1', '1', 'TextField', 'yyyy-MM-dd', '1', '50', '', '', NULL, '', '4', '4028809c1d625bcf011d66fd0dda0006', NULL, NULL, '', '', '', NULL, '', NULL);
INSERT INTO `grid_column_config` (`ID`, `fk_action_grid_config_id`, `name`, `dataindex`, `data_column`, `search`, `to_add`, `column_can_update`, `list`, `report`, `type`, `dateFormat`, `allow_blank`, `max_length`, `check_message`, `check_regular`, `text_field_parameters`, `combo_sql`, `serial_number`, `flag_active`, `flag_bak`, `user_type`, `team`, `s_note`, `sql_result`, `is_html`, `default_text`, `cascade_columns`) VALUES ('4028ae316b256a0b016b259d33b30006', 'analyseFeeDetailByArea', '培训人数', 'totalStudent', '', '0', '0', '0', '1', '1', 'TextField', 'yyyy-MM-dd', '1', '50', '', '', NULL, '', '5', '4028809c1d625bcf011d66fd0dda0006', NULL, NULL, '', '', '', NULL, '', NULL);
INSERT INTO `grid_column_config` (`ID`, `fk_action_grid_config_id`, `name`, `dataindex`, `data_column`, `search`, `to_add`, `column_can_update`, `list`, `report`, `type`, `dateFormat`, `allow_blank`, `max_length`, `check_message`, `check_regular`, `text_field_parameters`, `combo_sql`, `serial_number`, `flag_active`, `flag_bak`, `user_type`, `team`, `s_note`, `sql_result`, `is_html`, `default_text`, `cascade_columns`) VALUES ('4028ae316b256a0b016b259d6abd0007', 'analyseFeeDetailByArea', '培训费用', 'totalFee', '', '0', '0', '0', '1', '1', 'TextField', 'yyyy-MM-dd', '1', '50', '', '', NULL, '', '6', '4028809c1d625bcf011d66fd0dda0006', NULL, NULL, '', '', '', NULL, '', NULL);
INSERT INTO `grid_column_config` (`ID`, `fk_action_grid_config_id`, `name`, `dataindex`, `data_column`, `search`, `to_add`, `column_can_update`, `list`, `report`, `type`, `dateFormat`, `allow_blank`, `max_length`, `check_message`, `check_regular`, `text_field_parameters`, `combo_sql`, `serial_number`, `flag_active`, `flag_bak`, `user_type`, `team`, `s_note`, `sql_result`, `is_html`, `default_text`, `cascade_columns`) VALUES ('4028ae316b256a0b016b259da7980008', 'analyseFeeDetailByArea', '开班开始时间', 'startTime', '', '1', '0', '0', '0', '0', 'date', 'yyyy-MM-dd', '1', '50', '', '', NULL, '', '7', '4028809c1d625bcf011d66fd0dda0006', NULL, NULL, '', '', '', NULL, '', NULL);
INSERT INTO `grid_column_config` (`ID`, `fk_action_grid_config_id`, `name`, `dataindex`, `data_column`, `search`, `to_add`, `column_can_update`, `list`, `report`, `type`, `dateFormat`, `allow_blank`, `max_length`, `check_message`, `check_regular`, `text_field_parameters`, `combo_sql`, `serial_number`, `flag_active`, `flag_bak`, `user_type`, `team`, `s_note`, `sql_result`, `is_html`, `default_text`, `cascade_columns`) VALUES ('4028ae316b256a0b016b259decc40009', 'analyseFeeDetailByArea', '开班结束时间', 'endTime', '', '1', '0', '0', '0', '0', 'date', 'yyyy-MM-dd', '1', '50', '', '', NULL, '', '8', '4028809c1d625bcf011d66fd0dda0006', NULL, NULL, '', '', '', NULL, '', NULL);
INSERT INTO `grid_column_config` (`ID`, `fk_action_grid_config_id`, `name`, `dataindex`, `data_column`, `search`, `to_add`, `column_can_update`, `list`, `report`, `type`, `dateFormat`, `allow_blank`, `max_length`, `check_message`, `check_regular`, `text_field_parameters`, `combo_sql`, `serial_number`, `flag_active`, `flag_bak`, `user_type`, `team`, `s_note`, `sql_result`, `is_html`, `default_text`, `cascade_columns`) VALUES ('4028ae316b256a0b016b259e688e000a', 'analyseFeeDetailByArea', 'unitId', 'unitId', '', '0', '0', '0', '0', '0', 'TextField', 'yyyy-MM-dd', '1', '50', '', '', NULL, '', '9', '4028809c1d625bcf011d66fd0dda0006', NULL, NULL, '', '', '', NULL, '', NULL);
INSERT INTO `grid_column_config` (`ID`, `fk_action_grid_config_id`, `name`, `dataindex`, `data_column`, `search`, `to_add`, `column_can_update`, `list`, `report`, `type`, `dateFormat`, `allow_blank`, `max_length`, `check_message`, `check_regular`, `text_field_parameters`, `combo_sql`, `serial_number`, `flag_active`, `flag_bak`, `user_type`, `team`, `s_note`, `sql_result`, `is_html`, `default_text`, `cascade_columns`) VALUES ('4028ae316b256a0b016b259e986e000b', 'analyseFeeDetailByArea', 'trainingAreaId', 'trainingAreaId', '', '0', '0', '0', '0', '0', 'TextField', 'yyyy-MM-dd', '1', '50', '', '', NULL, '', '10', '4028809c1d625bcf011d66fd0dda0006', NULL, NULL, '', '', '', NULL, '', NULL);
INSERT INTO `grid_column_config` (`ID`, `fk_action_grid_config_id`, `name`, `dataindex`, `data_column`, `search`, `to_add`, `column_can_update`, `list`, `report`, `type`, `dateFormat`, `allow_blank`, `max_length`, `check_message`, `check_regular`, `text_field_parameters`, `combo_sql`, `serial_number`, `flag_active`, `flag_bak`, `user_type`, `team`, `s_note`, `sql_result`, `is_html`, `default_text`, `cascade_columns`) VALUES ('4028ae316b256a0b016b259ebe52000c', 'analyseFeeDetailByArea', 'entrustedUnitId', 'entrustedUnitId', '', '0', '0', '0', '0', '0', 'TextField', 'yyyy-MM-dd', '1', '50', '', '', NULL, '', '11', '4028809c1d625bcf011d66fd0dda0006', NULL, NULL, '', '', '', NULL, '', NULL);
INSERT INTO `grid_column_config` (`ID`, `fk_action_grid_config_id`, `name`, `dataindex`, `data_column`, `search`, `to_add`, `column_can_update`, `list`, `report`, `type`, `dateFormat`, `allow_blank`, `max_length`, `check_message`, `check_regular`, `text_field_parameters`, `combo_sql`, `serial_number`, `flag_active`, `flag_bak`, `user_type`, `team`, `s_note`, `sql_result`, `is_html`, `default_text`, `cascade_columns`) VALUES ('4028ae316b25a57c016b25bf66a80000', 'analyseFeeDetailByAreaDetail', 'id', 'id', '', '0', '0', '0', '0', '0', 'TextField', 'yyyy-MM-dd', '1', '50', '', '', NULL, '', '0', '4028809c1d625bcf011d66fd0dda0006', NULL, NULL, '', '', '', NULL, '', NULL);
INSERT INTO `grid_column_config` (`ID`, `fk_action_grid_config_id`, `name`, `dataindex`, `data_column`, `search`, `to_add`, `column_can_update`, `list`, `report`, `type`, `dateFormat`, `allow_blank`, `max_length`, `check_message`, `check_regular`, `text_field_parameters`, `combo_sql`, `serial_number`, `flag_active`, `flag_bak`, `user_type`, `team`, `s_note`, `sql_result`, `is_html`, `default_text`, `cascade_columns`) VALUES ('4028ae316b25a57c016b25bfb2430001', 'analyseFeeDetailByAreaDetail', '培训单位', 'combobox_peUnit.unitName', '', '1', '0', '0', '1', '1', 'TextField', 'yyyy-MM-dd', '1', '50', '', '', NULL, '', '1', '4028809c1d625bcf011d66fd0dda0006', NULL, NULL, '', '', '', NULL, '', NULL);
INSERT INTO `grid_column_config` (`ID`, `fk_action_grid_config_id`, `name`, `dataindex`, `data_column`, `search`, `to_add`, `column_can_update`, `list`, `report`, `type`, `dateFormat`, `allow_blank`, `max_length`, `check_message`, `check_regular`, `text_field_parameters`, `combo_sql`, `serial_number`, `flag_active`, `flag_bak`, `user_type`, `team`, `s_note`, `sql_result`, `is_html`, `default_text`, `cascade_columns`) VALUES ('4028ae316b25a57c016b25c340450002', 'analyseFeeDetailByAreaDetail', '培训类型', 'combobox_enumConstByFlagTrainingType.trainingType', '', '1', '0', '0', '1', '1', 'TextField', 'yyyy-MM-dd', '1', '50', '', '', NULL, '', '2', '4028809c1d625bcf011d66fd0dda0006', NULL, NULL, '', '', '', NULL, '', NULL);
INSERT INTO `grid_column_config` (`ID`, `fk_action_grid_config_id`, `name`, `dataindex`, `data_column`, `search`, `to_add`, `column_can_update`, `list`, `report`, `type`, `dateFormat`, `allow_blank`, `max_length`, `check_message`, `check_regular`, `text_field_parameters`, `combo_sql`, `serial_number`, `flag_active`, `flag_bak`, `user_type`, `team`, `s_note`, `sql_result`, `is_html`, `default_text`, `cascade_columns`) VALUES ('4028ae316b25a57c016b25c3c65f0003', 'analyseFeeDetailByAreaDetail', '培训形式', 'combobox_enumConstByFlagTrainingMode.trainingMode', '', '1', '0', '0', '1', '1', 'TextField', 'yyyy-MM-dd', '1', '50', '', '', NULL, '', '3', '4028809c1d625bcf011d66fd0dda0006', NULL, NULL, '', '', '', NULL, '', NULL);
INSERT INTO `grid_column_config` (`ID`, `fk_action_grid_config_id`, `name`, `dataindex`, `data_column`, `search`, `to_add`, `column_can_update`, `list`, `report`, `type`, `dateFormat`, `allow_blank`, `max_length`, `check_message`, `check_regular`, `text_field_parameters`, `combo_sql`, `serial_number`, `flag_active`, `flag_bak`, `user_type`, `team`, `s_note`, `sql_result`, `is_html`, `default_text`, `cascade_columns`) VALUES ('4028ae316b25a57c016b25c423ae0004', 'analyseFeeDetailByAreaDetail', '委托单位', 'combobox_entrustedUnit.entrustedUnit', '', '1', '0', '0', '1', '1', 'TextField', 'yyyy-MM-dd', '1', '50', '', '', NULL, '', '4', '4028809c1d625bcf011d66fd0dda0006', NULL, NULL, '', '', '', NULL, '', NULL);
INSERT INTO `grid_column_config` (`ID`, `fk_action_grid_config_id`, `name`, `dataindex`, `data_column`, `search`, `to_add`, `column_can_update`, `list`, `report`, `type`, `dateFormat`, `allow_blank`, `max_length`, `check_message`, `check_regular`, `text_field_parameters`, `combo_sql`, `serial_number`, `flag_active`, `flag_bak`, `user_type`, `team`, `s_note`, `sql_result`, `is_html`, `default_text`, `cascade_columns`) VALUES ('4028ae316b25a57c016b25c491750005', 'analyseFeeDetailByAreaDetail', '培训地区', 'combobox_enumConstByFlagTrainingArea.trainingArea', '', '1', '0', '0', '1', '1', 'TextField', 'yyyy-MM-dd', '1', '50', '', '', NULL, '', '5', '4028809c1d625bcf011d66fd0dda0006', NULL, NULL, '', '', '', NULL, '', NULL);
INSERT INTO `grid_column_config` (`ID`, `fk_action_grid_config_id`, `name`, `dataindex`, `data_column`, `search`, `to_add`, `column_can_update`, `list`, `report`, `type`, `dateFormat`, `allow_blank`, `max_length`, `check_message`, `check_regular`, `text_field_parameters`, `combo_sql`, `serial_number`, `flag_active`, `flag_bak`, `user_type`, `team`, `s_note`, `sql_result`, `is_html`, `default_text`, `cascade_columns`) VALUES ('4028ae316b25a57c016b2a40c0120006', 'analyseFeeDetailByAreaDetail', '培训班名称', 'combobox_peClass.className', '', '0', '0', '0', '0', '0', 'TextField', 'yyyy-MM-dd', '1', '50', '', '', NULL, '', '6', '4028809c1d625bcf011d66fdb39f0007', NULL, NULL, '', '', '', NULL, '', NULL);
INSERT INTO `grid_column_config` (`ID`, `fk_action_grid_config_id`, `name`, `dataindex`, `data_column`, `search`, `to_add`, `column_can_update`, `list`, `report`, `type`, `dateFormat`, `allow_blank`, `max_length`, `check_message`, `check_regular`, `text_field_parameters`, `combo_sql`, `serial_number`, `flag_active`, `flag_bak`, `user_type`, `team`, `s_note`, `sql_result`, `is_html`, `default_text`, `cascade_columns`) VALUES ('4028ae316b25a57c016b2a41190c0007', 'analyseFeeDetailByAreaDetail', '班级编号', 'classCode', '', '1', '0', '0', '1', '1', 'TextField', 'yyyy-MM-dd', '1', '50', '', '', NULL, '', '7', '4028809c1d625bcf011d66fd0dda0006', NULL, NULL, '', '', '', NULL, '', NULL);
INSERT INTO `grid_column_config` (`ID`, `fk_action_grid_config_id`, `name`, `dataindex`, `data_column`, `search`, `to_add`, `column_can_update`, `list`, `report`, `type`, `dateFormat`, `allow_blank`, `max_length`, `check_message`, `check_regular`, `text_field_parameters`, `combo_sql`, `serial_number`, `flag_active`, `flag_bak`, `user_type`, `team`, `s_note`, `sql_result`, `is_html`, `default_text`, `cascade_columns`) VALUES ('4028ae316b25a57c016b2a4227ee0008', 'analyseFeeDetailByAreaDetail', '学员人数', 'studentNumber', '', '1', '0', '0', '1', '1', 'TextField', 'yyyy-MM-dd', '1', '50', '', '', NULL, '', '8', '4028809c1d625bcf011d66fd0dda0006', NULL, NULL, '', '', '', NULL, '', NULL);
INSERT INTO `grid_column_config` (`ID`, `fk_action_grid_config_id`, `name`, `dataindex`, `data_column`, `search`, `to_add`, `column_can_update`, `list`, `report`, `type`, `dateFormat`, `allow_blank`, `max_length`, `check_message`, `check_regular`, `text_field_parameters`, `combo_sql`, `serial_number`, `flag_active`, `flag_bak`, `user_type`, `team`, `s_note`, `sql_result`, `is_html`, `default_text`, `cascade_columns`) VALUES ('4028ae316b25a57c016b2a44686b0009', 'analyseFeeDetailByAreaDetail', '开班开始时间', 'startTime', '', '1', '0', '0', '1', '1', 'datetime', 'yyyy-MM-dd HH:mm:ss', '1', '50', '', '', NULL, '', '9', '4028809c1d625bcf011d66fd0dda0006', NULL, NULL, '', '', '', NULL, '', NULL);
INSERT INTO `grid_column_config` (`ID`, `fk_action_grid_config_id`, `name`, `dataindex`, `data_column`, `search`, `to_add`, `column_can_update`, `list`, `report`, `type`, `dateFormat`, `allow_blank`, `max_length`, `check_message`, `check_regular`, `text_field_parameters`, `combo_sql`, `serial_number`, `flag_active`, `flag_bak`, `user_type`, `team`, `s_note`, `sql_result`, `is_html`, `default_text`, `cascade_columns`) VALUES ('4028ae316b25a57c016b2a44a8e1000a', 'analyseFeeDetailByAreaDetail', '开班结束时间', 'endTime', '', '1', '0', '0', '1', '1', 'datetime', 'yyyy-MM-dd HH:mm:ss', '1', '50', '', '', NULL, '', '10', '4028809c1d625bcf011d66fd0dda0006', NULL, NULL, '', '', '', NULL, '', NULL);
INSERT INTO `grid_column_config` (`ID`, `fk_action_grid_config_id`, `name`, `dataindex`, `data_column`, `search`, `to_add`, `column_can_update`, `list`, `report`, `type`, `dateFormat`, `allow_blank`, `max_length`, `check_message`, `check_regular`, `text_field_parameters`, `combo_sql`, `serial_number`, `flag_active`, `flag_bak`, `user_type`, `team`, `s_note`, `sql_result`, `is_html`, `default_text`, `cascade_columns`) VALUES ('4028ae316b25a57c016b2a456a75000b', 'analyseFeeDetailByAreaDetail', '审核状态', 'combobox_enumConstByFlagSettelAccountStatus.feeStatus', '', '1', '0', '0', '1', '1', 'TextField', 'yyyy-MM-dd', '1', '50', '', '', NULL, '', '11', '4028809c1d625bcf011d66fd0dda0006', NULL, NULL, '', '', '', NULL, '', NULL);
INSERT INTO `grid_column_config` (`ID`, `fk_action_grid_config_id`, `name`, `dataindex`, `data_column`, `search`, `to_add`, `column_can_update`, `list`, `report`, `type`, `dateFormat`, `allow_blank`, `max_length`, `check_message`, `check_regular`, `text_field_parameters`, `combo_sql`, `serial_number`, `flag_active`, `flag_bak`, `user_type`, `team`, `s_note`, `sql_result`, `is_html`, `default_text`, `cascade_columns`) VALUES ('4028ae316b25a57c016b2a460b26000c', 'analyseFeeDetailByAreaDetail', 'trainingAreaId', 'trainingAreaId', '', '0', '0', '0', '0', '0', 'TextField', 'yyyy-MM-dd', '1', '50', '', '', NULL, '', '12', '4028809c1d625bcf011d66fd0dda0006', NULL, NULL, '', '', '', NULL, '', NULL);
INSERT INTO `grid_column_config` (`ID`, `fk_action_grid_config_id`, `name`, `dataindex`, `data_column`, `search`, `to_add`, `column_can_update`, `list`, `report`, `type`, `dateFormat`, `allow_blank`, `max_length`, `check_message`, `check_regular`, `text_field_parameters`, `combo_sql`, `serial_number`, `flag_active`, `flag_bak`, `user_type`, `team`, `s_note`, `sql_result`, `is_html`, `default_text`, `cascade_columns`) VALUES ('4028ae316b25a57c016b2a4634f3000d', 'analyseFeeDetailByAreaDetail', 'unitId', 'unitId', '', '0', '0', '0', '0', '0', 'TextField', 'yyyy-MM-dd', '1', '50', '', '', NULL, '', '13', '4028809c1d625bcf011d66fd0dda0006', NULL, NULL, '', '', '', NULL, '', NULL);
INSERT INTO `grid_column_config` (`ID`, `fk_action_grid_config_id`, `name`, `dataindex`, `data_column`, `search`, `to_add`, `column_can_update`, `list`, `report`, `type`, `dateFormat`, `allow_blank`, `max_length`, `check_message`, `check_regular`, `text_field_parameters`, `combo_sql`, `serial_number`, `flag_active`, `flag_bak`, `user_type`, `team`, `s_note`, `sql_result`, `is_html`, `default_text`, `cascade_columns`) VALUES ('4028ae316b25a57c016b2a466b97000e', 'analyseFeeDetailByAreaDetail', 'entrustedUnitId', 'entrustedUnitId', '', '0', '0', '0', '0', '0', 'TextField', 'yyyy-MM-dd', '1', '50', '', '', NULL, '', '14', '4028809c1d625bcf011d66fd0dda0006', NULL, NULL, '', '', '', NULL, '', NULL);
INSERT INTO `grid_column_config` (`ID`, `fk_action_grid_config_id`, `name`, `dataindex`, `data_column`, `search`, `to_add`, `column_can_update`, `list`, `report`, `type`, `dateFormat`, `allow_blank`, `max_length`, `check_message`, `check_regular`, `text_field_parameters`, `combo_sql`, `serial_number`, `flag_active`, `flag_bak`, `user_type`, `team`, `s_note`, `sql_result`, `is_html`, `default_text`, `cascade_columns`) VALUES ('4028ae316b25a57c016b2a52c0890010', 'analyseFeeByArea', 'id', 'id', '', '0', '0', '0', '0', '0', 'TextField', 'yyyy-MM-dd', '1', '50', '', '', NULL, '', '0', '4028809c1d625bcf011d66fd0dda0006', NULL, NULL, '', '', '', NULL, '', NULL);
INSERT INTO `grid_column_config` (`ID`, `fk_action_grid_config_id`, `name`, `dataindex`, `data_column`, `search`, `to_add`, `column_can_update`, `list`, `report`, `type`, `dateFormat`, `allow_blank`, `max_length`, `check_message`, `check_regular`, `text_field_parameters`, `combo_sql`, `serial_number`, `flag_active`, `flag_bak`, `user_type`, `team`, `s_note`, `sql_result`, `is_html`, `default_text`, `cascade_columns`) VALUES ('4028ae316b25a57c016b2a539e370011', 'analyseFeeByArea', '培训地区', 'combobox_enumConstByFlagTrainingArea.trainingArea', '', '1', '0', '0', '1', '1', 'TextField', 'yyyy-MM-dd', '1', '50', '', '', NULL, '', '1', '4028809c1d625bcf011d66fd0dda0006', NULL, NULL, '', '', '', NULL, '', NULL);
INSERT INTO `grid_column_config` (`ID`, `fk_action_grid_config_id`, `name`, `dataindex`, `data_column`, `search`, `to_add`, `column_can_update`, `list`, `report`, `type`, `dateFormat`, `allow_blank`, `max_length`, `check_message`, `check_regular`, `text_field_parameters`, `combo_sql`, `serial_number`, `flag_active`, `flag_bak`, `user_type`, `team`, `s_note`, `sql_result`, `is_html`, `default_text`, `cascade_columns`) VALUES ('4028ae316b25a57c016b2a54a2b80012', 'analyseFeeByArea', '委托单位数', 'totalEntrustedUnit', '', '0', '0', '0', '1', '1', 'TextField', 'yyyy-MM-dd', '1', '50', '', '', NULL, '', '2', '4028809c1d625bcf011d66fd0dda0006', NULL, NULL, '', '', '', NULL, '', NULL);
INSERT INTO `grid_column_config` (`ID`, `fk_action_grid_config_id`, `name`, `dataindex`, `data_column`, `search`, `to_add`, `column_can_update`, `list`, `report`, `type`, `dateFormat`, `allow_blank`, `max_length`, `check_message`, `check_regular`, `text_field_parameters`, `combo_sql`, `serial_number`, `flag_active`, `flag_bak`, `user_type`, `team`, `s_note`, `sql_result`, `is_html`, `default_text`, `cascade_columns`) VALUES ('4028ae316b25a57c016b2a54dbdd0013', 'analyseFeeByArea', '班级数', 'totalClass', '', '0', '0', '0', '1', '1', 'TextField', 'yyyy-MM-dd', '1', '50', '', '', NULL, '', '3', '4028809c1d625bcf011d66fd0dda0006', NULL, NULL, '', '', '', NULL, '', NULL);
INSERT INTO `grid_column_config` (`ID`, `fk_action_grid_config_id`, `name`, `dataindex`, `data_column`, `search`, `to_add`, `column_can_update`, `list`, `report`, `type`, `dateFormat`, `allow_blank`, `max_length`, `check_message`, `check_regular`, `text_field_parameters`, `combo_sql`, `serial_number`, `flag_active`, `flag_bak`, `user_type`, `team`, `s_note`, `sql_result`, `is_html`, `default_text`, `cascade_columns`) VALUES ('4028ae316b25a57c016b2a551dad0014', 'analyseFeeByArea', '培训人数', 'totalStudent', '', '0', '0', '0', '1', '1', 'TextField', 'yyyy-MM-dd', '1', '50', '', '', NULL, '', '4', '4028809c1d625bcf011d66fd0dda0006', NULL, NULL, '', '', '', NULL, '', NULL);
INSERT INTO `grid_column_config` (`ID`, `fk_action_grid_config_id`, `name`, `dataindex`, `data_column`, `search`, `to_add`, `column_can_update`, `list`, `report`, `type`, `dateFormat`, `allow_blank`, `max_length`, `check_message`, `check_regular`, `text_field_parameters`, `combo_sql`, `serial_number`, `flag_active`, `flag_bak`, `user_type`, `team`, `s_note`, `sql_result`, `is_html`, `default_text`, `cascade_columns`) VALUES ('4028ae316b25a57c016b2a5555940015', 'analyseFeeByArea', '培训费用', 'totalFee', '', '0', '0', '0', '1', '1', 'TextField', 'yyyy-MM-dd', '1', '50', '', '', NULL, '', '5', '4028809c1d625bcf011d66fd0dda0006', NULL, NULL, '', '', '', NULL, '', NULL);
INSERT INTO `grid_column_config` (`ID`, `fk_action_grid_config_id`, `name`, `dataindex`, `data_column`, `search`, `to_add`, `column_can_update`, `list`, `report`, `type`, `dateFormat`, `allow_blank`, `max_length`, `check_message`, `check_regular`, `text_field_parameters`, `combo_sql`, `serial_number`, `flag_active`, `flag_bak`, `user_type`, `team`, `s_note`, `sql_result`, `is_html`, `default_text`, `cascade_columns`) VALUES ('4028ae316b25a57c016b2a55afbc0016', 'analyseFeeByArea', 'trainingAreaId', 'trainingAreaId', '', '0', '0', '0', '0', '0', 'TextField', 'yyyy-MM-dd', '1', '50', '', '', NULL, '', '6', '4028809c1d625bcf011d66fd0dda0006', NULL, NULL, '', '', '', NULL, '', NULL);
INSERT INTO `grid_column_config` (`ID`, `fk_action_grid_config_id`, `name`, `dataindex`, `data_column`, `search`, `to_add`, `column_can_update`, `list`, `report`, `type`, `dateFormat`, `allow_blank`, `max_length`, `check_message`, `check_regular`, `text_field_parameters`, `combo_sql`, `serial_number`, `flag_active`, `flag_bak`, `user_type`, `team`, `s_note`, `sql_result`, `is_html`, `default_text`, `cascade_columns`) VALUES ('4028ae316b2a58f4016b2a5ea8020000', 'analyseFeeByAreaDetail', 'id', 'id', '', '0', '0', '0', '0', '0', 'TextField', 'yyyy-MM-dd', '1', '50', '', '', NULL, '', '0', '4028809c1d625bcf011d66fd0dda0006', NULL, NULL, '', '', '', NULL, '', NULL);
INSERT INTO `grid_column_config` (`ID`, `fk_action_grid_config_id`, `name`, `dataindex`, `data_column`, `search`, `to_add`, `column_can_update`, `list`, `report`, `type`, `dateFormat`, `allow_blank`, `max_length`, `check_message`, `check_regular`, `text_field_parameters`, `combo_sql`, `serial_number`, `flag_active`, `flag_bak`, `user_type`, `team`, `s_note`, `sql_result`, `is_html`, `default_text`, `cascade_columns`) VALUES ('4028ae316b2a58f4016b2a5efeb80001', 'analyseFeeByAreaDetail', '培训单位', 'combobox_peUnit.unitName', '', '1', '0', '0', '1', '1', 'TextField', 'yyyy-MM-dd', '1', '50', '', '', NULL, '', '1', '4028809c1d625bcf011d66fd0dda0006', NULL, NULL, '', '', '', NULL, '', NULL);
INSERT INTO `grid_column_config` (`ID`, `fk_action_grid_config_id`, `name`, `dataindex`, `data_column`, `search`, `to_add`, `column_can_update`, `list`, `report`, `type`, `dateFormat`, `allow_blank`, `max_length`, `check_message`, `check_regular`, `text_field_parameters`, `combo_sql`, `serial_number`, `flag_active`, `flag_bak`, `user_type`, `team`, `s_note`, `sql_result`, `is_html`, `default_text`, `cascade_columns`) VALUES ('4028ae316b2a58f4016b2a5f65030002', 'analyseFeeByAreaDetail', '培训类型', 'combobox_enumConstByFlagTrainingType.trainingType', '', '1', '0', '0', '1', '1', 'TextField', 'yyyy-MM-dd', '1', '50', '', '', NULL, '', '2', '4028809c1d625bcf011d66fd0dda0006', NULL, NULL, '', '', '', NULL, '', NULL);
INSERT INTO `grid_column_config` (`ID`, `fk_action_grid_config_id`, `name`, `dataindex`, `data_column`, `search`, `to_add`, `column_can_update`, `list`, `report`, `type`, `dateFormat`, `allow_blank`, `max_length`, `check_message`, `check_regular`, `text_field_parameters`, `combo_sql`, `serial_number`, `flag_active`, `flag_bak`, `user_type`, `team`, `s_note`, `sql_result`, `is_html`, `default_text`, `cascade_columns`) VALUES ('4028ae316b2a58f4016b2a5fc0c70003', 'analyseFeeByAreaDetail', '培训形式', 'combobox_enumConstByFlagTrainingMode.trainingMode', '', '1', '0', '0', '1', '1', 'TextField', 'yyyy-MM-dd', '1', '50', '', '', NULL, '', '3', '4028809c1d625bcf011d66fd0dda0006', NULL, NULL, '', '', '', NULL, '', NULL);
INSERT INTO `grid_column_config` (`ID`, `fk_action_grid_config_id`, `name`, `dataindex`, `data_column`, `search`, `to_add`, `column_can_update`, `list`, `report`, `type`, `dateFormat`, `allow_blank`, `max_length`, `check_message`, `check_regular`, `text_field_parameters`, `combo_sql`, `serial_number`, `flag_active`, `flag_bak`, `user_type`, `team`, `s_note`, `sql_result`, `is_html`, `default_text`, `cascade_columns`) VALUES ('4028ae316b2a58f4016b2a601e5c0004', 'analyseFeeByAreaDetail', '委托单位', 'combobox_entrustedUnit.entrustedUnit', '', '1', '0', '0', '1', '1', 'TextField', 'yyyy-MM-dd', '1', '50', '', '', NULL, '', '4', '4028809c1d625bcf011d66fd0dda0006', NULL, NULL, '', '', '', NULL, '', NULL);
INSERT INTO `grid_column_config` (`ID`, `fk_action_grid_config_id`, `name`, `dataindex`, `data_column`, `search`, `to_add`, `column_can_update`, `list`, `report`, `type`, `dateFormat`, `allow_blank`, `max_length`, `check_message`, `check_regular`, `text_field_parameters`, `combo_sql`, `serial_number`, `flag_active`, `flag_bak`, `user_type`, `team`, `s_note`, `sql_result`, `is_html`, `default_text`, `cascade_columns`) VALUES ('4028ae316b2a58f4016b2a6043520005', 'analyseFeeByAreaDetail', 'trainingAreaId', 'trainingAreaId', '', '0', '0', '0', '0', '0', 'TextField', 'yyyy-MM-dd', '1', '50', '', '', NULL, '', '5', '4028809c1d625bcf011d66fd0dda0006', NULL, NULL, '', '', '', NULL, '', NULL);
INSERT INTO `grid_column_config` (`ID`, `fk_action_grid_config_id`, `name`, `dataindex`, `data_column`, `search`, `to_add`, `column_can_update`, `list`, `report`, `type`, `dateFormat`, `allow_blank`, `max_length`, `check_message`, `check_regular`, `text_field_parameters`, `combo_sql`, `serial_number`, `flag_active`, `flag_bak`, `user_type`, `team`, `s_note`, `sql_result`, `is_html`, `default_text`, `cascade_columns`) VALUES ('4028ae316b2a58f4016b2a60979a0006', 'analyseFeeByAreaDetail', '培训地区', 'combobox_enumConstByFlagTrainingArea.trainingArea', '', '1', '0', '0', '1', '1', 'TextField', 'yyyy-MM-dd', '1', '50', '', '', NULL, '', '6', '4028809c1d625bcf011d66fd0dda0006', NULL, NULL, '', '', '', NULL, '', NULL);
INSERT INTO `grid_column_config` (`ID`, `fk_action_grid_config_id`, `name`, `dataindex`, `data_column`, `search`, `to_add`, `column_can_update`, `list`, `report`, `type`, `dateFormat`, `allow_blank`, `max_length`, `check_message`, `check_regular`, `text_field_parameters`, `combo_sql`, `serial_number`, `flag_active`, `flag_bak`, `user_type`, `team`, `s_note`, `sql_result`, `is_html`, `default_text`, `cascade_columns`) VALUES ('4028ae316b2a58f4016b2a60d8e50007', 'analyseFeeByAreaDetail', '培训班名称', 'combobox_peClass.className', '', '1', '0', '0', '1', '1', 'TextField', 'yyyy-MM-dd', '1', '50', '', '', NULL, '', '7', '4028809c1d625bcf011d66fd0dda0006', NULL, NULL, '', '', '', NULL, '', NULL);
INSERT INTO `grid_column_config` (`ID`, `fk_action_grid_config_id`, `name`, `dataindex`, `data_column`, `search`, `to_add`, `column_can_update`, `list`, `report`, `type`, `dateFormat`, `allow_blank`, `max_length`, `check_message`, `check_regular`, `text_field_parameters`, `combo_sql`, `serial_number`, `flag_active`, `flag_bak`, `user_type`, `team`, `s_note`, `sql_result`, `is_html`, `default_text`, `cascade_columns`) VALUES ('4028ae316b2a58f4016b2a6113c30008', 'analyseFeeByAreaDetail', '培训班编号', 'classCode', '', '1', '0', '0', '1', '1', 'TextField', 'yyyy-MM-dd', '1', '50', '', '', NULL, '', '8', '4028809c1d625bcf011d66fd0dda0006', NULL, NULL, '', '', '', NULL, '', NULL);
INSERT INTO `grid_column_config` (`ID`, `fk_action_grid_config_id`, `name`, `dataindex`, `data_column`, `search`, `to_add`, `column_can_update`, `list`, `report`, `type`, `dateFormat`, `allow_blank`, `max_length`, `check_message`, `check_regular`, `text_field_parameters`, `combo_sql`, `serial_number`, `flag_active`, `flag_bak`, `user_type`, `team`, `s_note`, `sql_result`, `is_html`, `default_text`, `cascade_columns`) VALUES ('4028ae316b2a58f4016b2a629b410009', 'analyseFeeByAreaDetail', '学员人数', 'studentNumber', '', '1', '0', '0', '1', '1', 'TextField', 'yyyy-MM-dd', '1', '50', '', '', NULL, '', '9', '4028809c1d625bcf011d66fd0dda0006', NULL, NULL, '', '', '', NULL, '', NULL);
INSERT INTO `grid_column_config` (`ID`, `fk_action_grid_config_id`, `name`, `dataindex`, `data_column`, `search`, `to_add`, `column_can_update`, `list`, `report`, `type`, `dateFormat`, `allow_blank`, `max_length`, `check_message`, `check_regular`, `text_field_parameters`, `combo_sql`, `serial_number`, `flag_active`, `flag_bak`, `user_type`, `team`, `s_note`, `sql_result`, `is_html`, `default_text`, `cascade_columns`) VALUES ('4028ae316b2a58f4016b2a62e93d000a', 'analyseFeeByAreaDetail', '开班开始时间', 'startTime', '', '1', '0', '0', '1', '1', 'datetime', 'yyyy-MM-dd HH:mm:ss', '1', '50', '', '', NULL, '', '10', '4028809c1d625bcf011d66fd0dda0006', NULL, NULL, '', '', '', NULL, '', NULL);
INSERT INTO `grid_column_config` (`ID`, `fk_action_grid_config_id`, `name`, `dataindex`, `data_column`, `search`, `to_add`, `column_can_update`, `list`, `report`, `type`, `dateFormat`, `allow_blank`, `max_length`, `check_message`, `check_regular`, `text_field_parameters`, `combo_sql`, `serial_number`, `flag_active`, `flag_bak`, `user_type`, `team`, `s_note`, `sql_result`, `is_html`, `default_text`, `cascade_columns`) VALUES ('4028ae316b2a58f4016b2a633b64000b', 'analyseFeeByAreaDetail', '开班结束时间', 'endTime', '', '1', '0', '0', '1', '1', 'TextField', 'yyyy-MM-dd', '1', '50', '', '', NULL, '', '11', '4028809c1d625bcf011d66fd0dda0006', NULL, NULL, '', '', '', NULL, '', NULL);
INSERT INTO `grid_column_config` (`ID`, `fk_action_grid_config_id`, `name`, `dataindex`, `data_column`, `search`, `to_add`, `column_can_update`, `list`, `report`, `type`, `dateFormat`, `allow_blank`, `max_length`, `check_message`, `check_regular`, `text_field_parameters`, `combo_sql`, `serial_number`, `flag_active`, `flag_bak`, `user_type`, `team`, `s_note`, `sql_result`, `is_html`, `default_text`, `cascade_columns`) VALUES ('4028ae316b2a58f4016b2a63c41f000c', 'analyseFeeByAreaDetail', '审核状态', 'combobox_enumConstByFlagSettelAccountStatus.feeStatus', '', '1', '0', '0', '1', '1', 'TextField', 'yyyy-MM-dd', '1', '50', '', '', NULL, '', '12', '4028809c1d625bcf011d66fd0dda0006', NULL, NULL, '', '', '', NULL, '', NULL);
INSERT INTO `grid_column_config` (`ID`, `fk_action_grid_config_id`, `name`, `dataindex`, `data_column`, `search`, `to_add`, `column_can_update`, `list`, `report`, `type`, `dateFormat`, `allow_blank`, `max_length`, `check_message`, `check_regular`, `text_field_parameters`, `combo_sql`, `serial_number`, `flag_active`, `flag_bak`, `user_type`, `team`, `s_note`, `sql_result`, `is_html`, `default_text`, `cascade_columns`) VALUES ('4028ae316b2a6638016b2a7d67580000', 'analyseFeeByArea', '开班开始时间', 'startTime', '', '1', '0', '0', '0', '0', 'date', 'yyyy-MM-dd', '1', '50', '', '', NULL, '', '7', '4028809c1d625bcf011d66fd0dda0006', NULL, NULL, '', '', '', NULL, '', NULL);
INSERT INTO `grid_column_config` (`ID`, `fk_action_grid_config_id`, `name`, `dataindex`, `data_column`, `search`, `to_add`, `column_can_update`, `list`, `report`, `type`, `dateFormat`, `allow_blank`, `max_length`, `check_message`, `check_regular`, `text_field_parameters`, `combo_sql`, `serial_number`, `flag_active`, `flag_bak`, `user_type`, `team`, `s_note`, `sql_result`, `is_html`, `default_text`, `cascade_columns`) VALUES ('4028ae316b2a6638016b2a7d9f6d0001', 'analyseFeeByArea', '开班结束时间', 'endTime', '', '1', '0', '0', '0', '0', 'date', 'yyyy-MM-dd', '1', '50', '', '', NULL, '', '8', '4028809c1d625bcf011d66fd0dda0006', NULL, NULL, '', '', '', NULL, '', NULL);
INSERT INTO `grid_column_config` (`ID`, `fk_action_grid_config_id`, `name`, `dataindex`, `data_column`, `search`, `to_add`, `column_can_update`, `list`, `report`, `type`, `dateFormat`, `allow_blank`, `max_length`, `check_message`, `check_regular`, `text_field_parameters`, `combo_sql`, `serial_number`, `flag_active`, `flag_bak`, `user_type`, `team`, `s_note`, `sql_result`, `is_html`, `default_text`, `cascade_columns`) VALUES ('4028ae316b2a6638016b2a88aa9f0002', 'analyseItemApportion', 'id', 'id', '', '0', '0', '0', '0', '0', 'TextField', 'yyyy-MM-dd', '1', '50', '', '', NULL, '', '0', '4028809c1d625bcf011d66fd0dda0006', NULL, NULL, '', '', '', NULL, '', NULL);
INSERT INTO `grid_column_config` (`ID`, `fk_action_grid_config_id`, `name`, `dataindex`, `data_column`, `search`, `to_add`, `column_can_update`, `list`, `report`, `type`, `dateFormat`, `allow_blank`, `max_length`, `check_message`, `check_regular`, `text_field_parameters`, `combo_sql`, `serial_number`, `flag_active`, `flag_bak`, `user_type`, `team`, `s_note`, `sql_result`, `is_html`, `default_text`, `cascade_columns`) VALUES ('4028ae316b2a6638016b2a88e4e40003', 'analyseItemApportion', '培训单位', 'combobox_peUnit.unitName', '', '1', '0', '0', '1', '1', 'TextField', 'yyyy-MM-dd', '1', '50', '', '', NULL, '', '1', '4028809c1d625bcf011d66fd0dda0006', NULL, NULL, '', '', '', NULL, '', NULL);
INSERT INTO `grid_column_config` (`ID`, `fk_action_grid_config_id`, `name`, `dataindex`, `data_column`, `search`, `to_add`, `column_can_update`, `list`, `report`, `type`, `dateFormat`, `allow_blank`, `max_length`, `check_message`, `check_regular`, `text_field_parameters`, `combo_sql`, `serial_number`, `flag_active`, `flag_bak`, `user_type`, `team`, `s_note`, `sql_result`, `is_html`, `default_text`, `cascade_columns`) VALUES ('4028ae316b2a6638016b2a8910190004', 'analyseItemApportion', 'unitId', 'unitId', '', '0', '0', '0', '0', '0', 'TextField', 'yyyy-MM-dd', '1', '50', '', '', NULL, '', '2', '4028809c1d625bcf011d66fd0dda0006', NULL, NULL, '', '', '', NULL, '', NULL);
INSERT INTO `grid_column_config` (`ID`, `fk_action_grid_config_id`, `name`, `dataindex`, `data_column`, `search`, `to_add`, `column_can_update`, `list`, `report`, `type`, `dateFormat`, `allow_blank`, `max_length`, `check_message`, `check_regular`, `text_field_parameters`, `combo_sql`, `serial_number`, `flag_active`, `flag_bak`, `user_type`, `team`, `s_note`, `sql_result`, `is_html`, `default_text`, `cascade_columns`) VALUES ('4028ae316b2a6638016b2a898b800005', 'analyseItemApportion', '申报单位', 'combobox_peUnit.itemUnit', '', '1', '0', '0', '1', '1', 'TextField', 'yyyy-MM-dd', '1', '50', '', '', NULL, '', '3', '4028809c1d625bcf011d66fd0dda0006', NULL, NULL, '', '', '', NULL, '', NULL);
INSERT INTO `grid_column_config` (`ID`, `fk_action_grid_config_id`, `name`, `dataindex`, `data_column`, `search`, `to_add`, `column_can_update`, `list`, `report`, `type`, `dateFormat`, `allow_blank`, `max_length`, `check_message`, `check_regular`, `text_field_parameters`, `combo_sql`, `serial_number`, `flag_active`, `flag_bak`, `user_type`, `team`, `s_note`, `sql_result`, `is_html`, `default_text`, `cascade_columns`) VALUES ('4028ae316b2a6638016b2a89b5d30006', 'analyseItemApportion', 'itemUnitId', 'itemUnitId', '', '0', '0', '0', '0', '0', 'TextField', 'yyyy-MM-dd', '1', '50', '', '', NULL, '', '4', '4028809c1d625bcf011d66fd0dda0006', NULL, NULL, '', '', '', NULL, '', NULL);
INSERT INTO `grid_column_config` (`ID`, `fk_action_grid_config_id`, `name`, `dataindex`, `data_column`, `search`, `to_add`, `column_can_update`, `list`, `report`, `type`, `dateFormat`, `allow_blank`, `max_length`, `check_message`, `check_regular`, `text_field_parameters`, `combo_sql`, `serial_number`, `flag_active`, `flag_bak`, `user_type`, `team`, `s_note`, `sql_result`, `is_html`, `default_text`, `cascade_columns`) VALUES ('4028ae316b2a6638016b2a8a19fa0007', 'analyseItemApportion', '总班级数', 'totalClass', '', '0', '0', '0', '1', '1', 'TextField', 'yyyy-MM-dd', '1', '50', '', '', NULL, '', '5', '4028809c1d625bcf011d66fd0dda0006', NULL, NULL, '', '', '', NULL, '', NULL);
INSERT INTO `grid_column_config` (`ID`, `fk_action_grid_config_id`, `name`, `dataindex`, `data_column`, `search`, `to_add`, `column_can_update`, `list`, `report`, `type`, `dateFormat`, `allow_blank`, `max_length`, `check_message`, `check_regular`, `text_field_parameters`, `combo_sql`, `serial_number`, `flag_active`, `flag_bak`, `user_type`, `team`, `s_note`, `sql_result`, `is_html`, `default_text`, `cascade_columns`) VALUES ('4028ae316b2a6638016b2a8a68750008', 'analyseItemApportion', '总人数', 'totalStudent', '', '0', '0', '0', '1', '1', 'TextField', 'yyyy-MM-dd', '1', '50', '', '', NULL, '', '6', '4028809c1d625bcf011d66fd0dda0006', NULL, NULL, '', '', '', NULL, '', NULL);
INSERT INTO `grid_column_config` (`ID`, `fk_action_grid_config_id`, `name`, `dataindex`, `data_column`, `search`, `to_add`, `column_can_update`, `list`, `report`, `type`, `dateFormat`, `allow_blank`, `max_length`, `check_message`, `check_regular`, `text_field_parameters`, `combo_sql`, `serial_number`, `flag_active`, `flag_bak`, `user_type`, `team`, `s_note`, `sql_result`, `is_html`, `default_text`, `cascade_columns`) VALUES ('4028ae316b2a6638016b2a8a9e380009', 'analyseItemApportion', '培训总额', 'totalFee', '', '0', '0', '0', '1', '1', 'TextField', 'yyyy-MM-dd', '1', '50', '', '', NULL, '', '7', '4028809c1d625bcf011d66fd0dda0006', NULL, NULL, '', '', '', NULL, '', NULL);
INSERT INTO `grid_column_config` (`ID`, `fk_action_grid_config_id`, `name`, `dataindex`, `data_column`, `search`, `to_add`, `column_can_update`, `list`, `report`, `type`, `dateFormat`, `allow_blank`, `max_length`, `check_message`, `check_regular`, `text_field_parameters`, `combo_sql`, `serial_number`, `flag_active`, `flag_bak`, `user_type`, `team`, `s_note`, `sql_result`, `is_html`, `default_text`, `cascade_columns`) VALUES ('4028ae316b2a6638016b2a8ae46d000a', 'analyseItemApportion', '开班开始时间', 'startTime', '', '1', '0', '0', '0', '0', 'date', 'yyyy-MM-dd', '1', '50', '', '', NULL, '', '8', '4028809c1d625bcf011d66fd0dda0006', NULL, NULL, '', '', '', NULL, '', NULL);
INSERT INTO `grid_column_config` (`ID`, `fk_action_grid_config_id`, `name`, `dataindex`, `data_column`, `search`, `to_add`, `column_can_update`, `list`, `report`, `type`, `dateFormat`, `allow_blank`, `max_length`, `check_message`, `check_regular`, `text_field_parameters`, `combo_sql`, `serial_number`, `flag_active`, `flag_bak`, `user_type`, `team`, `s_note`, `sql_result`, `is_html`, `default_text`, `cascade_columns`) VALUES ('4028ae316b2a6638016b2a8b1934000b', 'analyseItemApportion', '开班结束时间', 'endTime', '', '1', '0', '0', '0', '0', 'date', 'yyyy-MM-dd', '1', '50', '', '', NULL, '', '9', '4028809c1d625bcf011d66fd0dda0006', NULL, NULL, '', '', '', NULL, '', NULL);
INSERT INTO `grid_column_config` (`ID`, `fk_action_grid_config_id`, `name`, `dataindex`, `data_column`, `search`, `to_add`, `column_can_update`, `list`, `report`, `type`, `dateFormat`, `allow_blank`, `max_length`, `check_message`, `check_regular`, `text_field_parameters`, `combo_sql`, `serial_number`, `flag_active`, `flag_bak`, `user_type`, `team`, `s_note`, `sql_result`, `is_html`, `default_text`, `cascade_columns`) VALUES ('4028ae316b2a6638016b2a9339e4000d', 'analyseItemApportionDetail', 'id', 'id', '', '0', '0', '0', '0', '0', 'TextField', 'yyyy-MM-dd', '1', '50', '', '', NULL, '', '0', '4028809c1d625bcf011d66fd0dda0006', NULL, NULL, '', '', '', NULL, '', NULL);
INSERT INTO `grid_column_config` (`ID`, `fk_action_grid_config_id`, `name`, `dataindex`, `data_column`, `search`, `to_add`, `column_can_update`, `list`, `report`, `type`, `dateFormat`, `allow_blank`, `max_length`, `check_message`, `check_regular`, `text_field_parameters`, `combo_sql`, `serial_number`, `flag_active`, `flag_bak`, `user_type`, `team`, `s_note`, `sql_result`, `is_html`, `default_text`, `cascade_columns`) VALUES ('4028ae316b2a6638016b2a937187000e', 'analyseItemApportionDetail', '培训单位', 'combobox_peUnit.unitName', '', '1', '0', '0', '1', '1', 'TextField', 'yyyy-MM-dd', '1', '50', '', '', NULL, '', '1', '4028809c1d625bcf011d66fd0dda0006', NULL, NULL, '', '', '', NULL, '', NULL);
INSERT INTO `grid_column_config` (`ID`, `fk_action_grid_config_id`, `name`, `dataindex`, `data_column`, `search`, `to_add`, `column_can_update`, `list`, `report`, `type`, `dateFormat`, `allow_blank`, `max_length`, `check_message`, `check_regular`, `text_field_parameters`, `combo_sql`, `serial_number`, `flag_active`, `flag_bak`, `user_type`, `team`, `s_note`, `sql_result`, `is_html`, `default_text`, `cascade_columns`) VALUES ('4028ae316b2a6638016b2a9392e3000f', 'analyseItemApportionDetail', 'unitId', 'unitId', '', '0', '0', '0', '0', '0', 'TextField', 'yyyy-MM-dd', '1', '50', '', '', NULL, '', '2', '4028809c1d625bcf011d66fd0dda0006', NULL, NULL, '', '', '', NULL, '', NULL);
INSERT INTO `grid_column_config` (`ID`, `fk_action_grid_config_id`, `name`, `dataindex`, `data_column`, `search`, `to_add`, `column_can_update`, `list`, `report`, `type`, `dateFormat`, `allow_blank`, `max_length`, `check_message`, `check_regular`, `text_field_parameters`, `combo_sql`, `serial_number`, `flag_active`, `flag_bak`, `user_type`, `team`, `s_note`, `sql_result`, `is_html`, `default_text`, `cascade_columns`) VALUES ('4028ae316b2a6638016b2a94045d0010', 'analyseItemApportionDetail', '培训类型', 'combobox_enumConstByFlagTrainingType.trainingType', '', '1', '0', '0', '1', '1', 'TextField', 'yyyy-MM-dd', '1', '50', '', '', NULL, '', '3', '4028809c1d625bcf011d66fd0dda0006', NULL, NULL, '', '', '', NULL, '', NULL);
INSERT INTO `grid_column_config` (`ID`, `fk_action_grid_config_id`, `name`, `dataindex`, `data_column`, `search`, `to_add`, `column_can_update`, `list`, `report`, `type`, `dateFormat`, `allow_blank`, `max_length`, `check_message`, `check_regular`, `text_field_parameters`, `combo_sql`, `serial_number`, `flag_active`, `flag_bak`, `user_type`, `team`, `s_note`, `sql_result`, `is_html`, `default_text`, `cascade_columns`) VALUES ('4028ae316b2a6638016b2a9453ea0011', 'analyseItemApportionDetail', '申报单位', 'combobox_peUnit.itemUnit', '', '1', '0', '0', '1', '1', 'TextField', 'yyyy-MM-dd', '1', '50', '', '', NULL, '', '4', '4028809c1d625bcf011d66fd0dda0006', NULL, NULL, '', '', '', NULL, '', NULL);
INSERT INTO `grid_column_config` (`ID`, `fk_action_grid_config_id`, `name`, `dataindex`, `data_column`, `search`, `to_add`, `column_can_update`, `list`, `report`, `type`, `dateFormat`, `allow_blank`, `max_length`, `check_message`, `check_regular`, `text_field_parameters`, `combo_sql`, `serial_number`, `flag_active`, `flag_bak`, `user_type`, `team`, `s_note`, `sql_result`, `is_html`, `default_text`, `cascade_columns`) VALUES ('4028ae316b2a6638016b2a9489a60012', 'analyseItemApportionDetail', 'itemUnitId', 'itemUnitId', '', '0', '0', '0', '0', '0', 'TextField', 'yyyy-MM-dd', '1', '50', '', '', NULL, '', '5', '4028809c1d625bcf011d66fd0dda0006', NULL, NULL, '', '', '', NULL, '', NULL);
INSERT INTO `grid_column_config` (`ID`, `fk_action_grid_config_id`, `name`, `dataindex`, `data_column`, `search`, `to_add`, `column_can_update`, `list`, `report`, `type`, `dateFormat`, `allow_blank`, `max_length`, `check_message`, `check_regular`, `text_field_parameters`, `combo_sql`, `serial_number`, `flag_active`, `flag_bak`, `user_type`, `team`, `s_note`, `sql_result`, `is_html`, `default_text`, `cascade_columns`) VALUES ('4028ae316b2a6638016b2a9510da0013', 'analyseItemApportionDetail', '培训形式', 'combobox_enumConstByFlagTrainingMode.trainingMode', '', '1', '0', '0', '1', '1', 'TextField', 'yyyy-MM-dd', '1', '50', '', '', NULL, '', '6', '4028809c1d625bcf011d66fd0dda0006', NULL, NULL, '', '', '', NULL, '', NULL);
INSERT INTO `grid_column_config` (`ID`, `fk_action_grid_config_id`, `name`, `dataindex`, `data_column`, `search`, `to_add`, `column_can_update`, `list`, `report`, `type`, `dateFormat`, `allow_blank`, `max_length`, `check_message`, `check_regular`, `text_field_parameters`, `combo_sql`, `serial_number`, `flag_active`, `flag_bak`, `user_type`, `team`, `s_note`, `sql_result`, `is_html`, `default_text`, `cascade_columns`) VALUES ('4028ae316b2a6638016b2a95703b0014', 'analyseItemApportionDetail', '项目名称', 'combobox_trainingItem.trainingItem', '', '1', '0', '0', '1', '1', 'TextField', 'yyyy-MM-dd', '1', '50', '', '', NULL, '', '7', '4028809c1d625bcf011d66fd0dda0006', NULL, NULL, '', '', '', NULL, '', NULL);
INSERT INTO `grid_column_config` (`ID`, `fk_action_grid_config_id`, `name`, `dataindex`, `data_column`, `search`, `to_add`, `column_can_update`, `list`, `report`, `type`, `dateFormat`, `allow_blank`, `max_length`, `check_message`, `check_regular`, `text_field_parameters`, `combo_sql`, `serial_number`, `flag_active`, `flag_bak`, `user_type`, `team`, `s_note`, `sql_result`, `is_html`, `default_text`, `cascade_columns`) VALUES ('4028ae316b2a6638016b2a96002a0015', 'analyseItemApportionDetail', '培训班名称', 'combobox_peClass.className', '', '1', '0', '0', '1', '1', 'TextField', 'yyyy-MM-dd', '1', '50', '', '', NULL, '', '8', '4028809c1d625bcf011d66fd0dda0006', NULL, NULL, '', '', '', NULL, '', NULL);
INSERT INTO `grid_column_config` (`ID`, `fk_action_grid_config_id`, `name`, `dataindex`, `data_column`, `search`, `to_add`, `column_can_update`, `list`, `report`, `type`, `dateFormat`, `allow_blank`, `max_length`, `check_message`, `check_regular`, `text_field_parameters`, `combo_sql`, `serial_number`, `flag_active`, `flag_bak`, `user_type`, `team`, `s_note`, `sql_result`, `is_html`, `default_text`, `cascade_columns`) VALUES ('4028ae316b2a6638016b2a9646c70016', 'analyseItemApportionDetail', '培训班编号', 'classCode', '', '1', '0', '0', '1', '1', 'TextField', 'yyyy-MM-dd', '1', '50', '', '', NULL, '', '9', '4028809c1d625bcf011d66fd0dda0006', NULL, NULL, '', '', '', NULL, '', NULL);
INSERT INTO `grid_column_config` (`ID`, `fk_action_grid_config_id`, `name`, `dataindex`, `data_column`, `search`, `to_add`, `column_can_update`, `list`, `report`, `type`, `dateFormat`, `allow_blank`, `max_length`, `check_message`, `check_regular`, `text_field_parameters`, `combo_sql`, `serial_number`, `flag_active`, `flag_bak`, `user_type`, `team`, `s_note`, `sql_result`, `is_html`, `default_text`, `cascade_columns`) VALUES ('4028ae316b2a6638016b2a96a0550017', 'analyseItemApportionDetail', '学员人数', 'studentNumber', '', '1', '0', '0', '1', '1', 'TextField', 'yyyy-MM-dd', '1', '50', '', '', NULL, '', '10', '4028809c1d625bcf011d66fd0dda0006', NULL, NULL, '', '', '', NULL, '', NULL);
INSERT INTO `grid_column_config` (`ID`, `fk_action_grid_config_id`, `name`, `dataindex`, `data_column`, `search`, `to_add`, `column_can_update`, `list`, `report`, `type`, `dateFormat`, `allow_blank`, `max_length`, `check_message`, `check_regular`, `text_field_parameters`, `combo_sql`, `serial_number`, `flag_active`, `flag_bak`, `user_type`, `team`, `s_note`, `sql_result`, `is_html`, `default_text`, `cascade_columns`) VALUES ('4028ae316b2a6638016b2a96ded20018', 'analyseItemApportionDetail', '开班开始时间', 'startTime', '', '1', '0', '0', '1', '1', 'datetime', 'yyyy-MM-dd HH:mm:ss', '1', '50', '', '', NULL, '', '11', '4028809c1d625bcf011d66fd0dda0006', NULL, NULL, '', '', '', NULL, '', NULL);
INSERT INTO `grid_column_config` (`ID`, `fk_action_grid_config_id`, `name`, `dataindex`, `data_column`, `search`, `to_add`, `column_can_update`, `list`, `report`, `type`, `dateFormat`, `allow_blank`, `max_length`, `check_message`, `check_regular`, `text_field_parameters`, `combo_sql`, `serial_number`, `flag_active`, `flag_bak`, `user_type`, `team`, `s_note`, `sql_result`, `is_html`, `default_text`, `cascade_columns`) VALUES ('4028ae316b2a6638016b2a9726db0019', 'analyseItemApportionDetail', '开班结束时间', 'endTime', '', '1', '0', '0', '1', '1', 'datetime', 'yyyy-MM-dd HH:mm:ss', '1', '50', '', '', NULL, '', '12', '4028809c1d625bcf011d66fd0dda0006', NULL, NULL, '', '', '', NULL, '', NULL);
INSERT INTO `grid_column_config` (`ID`, `fk_action_grid_config_id`, `name`, `dataindex`, `data_column`, `search`, `to_add`, `column_can_update`, `list`, `report`, `type`, `dateFormat`, `allow_blank`, `max_length`, `check_message`, `check_regular`, `text_field_parameters`, `combo_sql`, `serial_number`, `flag_active`, `flag_bak`, `user_type`, `team`, `s_note`, `sql_result`, `is_html`, `default_text`, `cascade_columns`) VALUES ('4028ae316b2a6638016b2a9951d2001a', 'analyseItemApportionDetail', '审核状态', 'combobox_enumConstByFlagSettleAccountStatus.feeStatus', '', '1', '0', '0', '1', '1', 'TextField', 'yyyy-MM-dd', '1', '50', '', '', NULL, '', '13', '4028809c1d625bcf011d66fd0dda0006', NULL, NULL, '', '', '', NULL, '', NULL);
INSERT INTO `grid_column_config` (`ID`, `fk_action_grid_config_id`, `name`, `dataindex`, `data_column`, `search`, `to_add`, `column_can_update`, `list`, `report`, `type`, `dateFormat`, `allow_blank`, `max_length`, `check_message`, `check_regular`, `text_field_parameters`, `combo_sql`, `serial_number`, `flag_active`, `flag_bak`, `user_type`, `team`, `s_note`, `sql_result`, `is_html`, `default_text`, `cascade_columns`) VALUES ('4028ae316b2aa701016b2ab05cb00000', 'analyseItemApportion', '审核状态', 'combobox_enumConstByFlagSettleAccountStatus.feeStatus', '', '1', '0', '0', '0', '0', 'TextField', 'yyyy-MM-dd', '1', '50', '', '', NULL, '', '10', '4028809c1d625bcf011d66fd0dda0006', NULL, NULL, '', '', '', NULL, '', NULL);
INSERT INTO `grid_column_config` (`ID`, `fk_action_grid_config_id`, `name`, `dataindex`, `data_column`, `search`, `to_add`, `column_can_update`, `list`, `report`, `type`, `dateFormat`, `allow_blank`, `max_length`, `check_message`, `check_regular`, `text_field_parameters`, `combo_sql`, `serial_number`, `flag_active`, `flag_bak`, `user_type`, `team`, `s_note`, `sql_result`, `is_html`, `default_text`, `cascade_columns`) VALUES ('4028ae316b2aa701016b2ab0e5ed0001', 'analyseFeeByArea', '审核状态', 'combobox_enumConstByFlagSettleAccountStatus.feeStatus', '', '1', '0', '0', '0', '0', 'TextField', 'yyyy-MM-dd', '1', '50', '', '', NULL, '', '9', '4028809c1d625bcf011d66fd0dda0006', NULL, NULL, '', '', '', NULL, '', NULL);
INSERT INTO `grid_column_config` (`ID`, `fk_action_grid_config_id`, `name`, `dataindex`, `data_column`, `search`, `to_add`, `column_can_update`, `list`, `report`, `type`, `dateFormat`, `allow_blank`, `max_length`, `check_message`, `check_regular`, `text_field_parameters`, `combo_sql`, `serial_number`, `flag_active`, `flag_bak`, `user_type`, `team`, `s_note`, `sql_result`, `is_html`, `default_text`, `cascade_columns`) VALUES ('4028ae316b2aa701016b2ab14c060002', 'analyseFeeDetailByArea', '审核状态', 'combobox_enumConstByFlagSettleAccountStatus.feeStatus', '', '1', '0', '0', '0', '0', 'TextField', 'yyyy-MM-dd', '1', '50', '', '', NULL, '', '12', '4028809c1d625bcf011d66fd0dda0006', NULL, NULL, '', '', '', NULL, '', NULL);
INSERT INTO `grid_column_config` (`ID`, `fk_action_grid_config_id`, `name`, `dataindex`, `data_column`, `search`, `to_add`, `column_can_update`, `list`, `report`, `type`, `dateFormat`, `allow_blank`, `max_length`, `check_message`, `check_regular`, `text_field_parameters`, `combo_sql`, `serial_number`, `flag_active`, `flag_bak`, `user_type`, `team`, `s_note`, `sql_result`, `is_html`, `default_text`, `cascade_columns`) VALUES ('4028ae316b2aa701016b2ab1d8940003', 'feeAnalyseByItem', '审核状态', 'combobox_enumConstByFlagSettleAccountStatus.feeStatus', '', '1', '0', '0', '0', '0', 'TextField', 'yyyy-MM-dd', '1', '50', '', '', NULL, '', '19', '4028809c1d625bcf011d66fd0dda0006', NULL, NULL, '', '', '', NULL, '', NULL);
INSERT INTO `grid_column_config` (`ID`, `fk_action_grid_config_id`, `name`, `dataindex`, `data_column`, `search`, `to_add`, `column_can_update`, `list`, `report`, `type`, `dateFormat`, `allow_blank`, `max_length`, `check_message`, `check_regular`, `text_field_parameters`, `combo_sql`, `serial_number`, `flag_active`, `flag_bak`, `user_type`, `team`, `s_note`, `sql_result`, `is_html`, `default_text`, `cascade_columns`) VALUES ('4028ae316b2aa701016b2ab22cd10004', 'feeAnalyseByUnit', '审核状态', 'combobox_enumConstByFlagSettleAccountStatus.feeStatus', '', '1', '0', '0', '0', '0', 'TextField', 'yyyy-MM-dd', '1', '50', '', '', NULL, '', '14', '4028809c1d625bcf011d66fd0dda0006', NULL, NULL, '', '', '', NULL, '', NULL);
INSERT INTO `grid_menu_config` (`fk_grid_id`, `flag_menu_type`, `flag_integrated_menu_type`, `text`, `show_type`, `column_type`, `must_select_row`, `select_limit`, `data_index`, `null_text`, `show_confirm`, `confirm_text`, `url`, `extra_parameters`, `waiting_msg`, `success_msg`, `error_msg`, `open_mode`, `form_config`, `user_type`, `flag_is_valid`, `serial_number`, `script`, `column_data_index`, `value`, `tips`, `extend_menu_config`) VALUES ('analyseFeeByArea', 'a92817f1361611e8a37efcaa140ebf84', NULL, '查看统计详情', 'column', 'left', '0', '1', 'id', '', '1', '', NULL, NULL, '', NULL, NULL, '_blank', NULL, NULL, '2', '1', NULL, NULL, NULL, '', '{\"routerName\": \"analyseFeeByAreaDetail\", \"rowParams\": {\"trainingAreaId\": \"trainingAreaId\"}}');
INSERT INTO `grid_menu_config` (`fk_grid_id`, `flag_menu_type`, `flag_integrated_menu_type`, `text`, `show_type`, `column_type`, `must_select_row`, `select_limit`, `data_index`, `null_text`, `show_confirm`, `confirm_text`, `url`, `extra_parameters`, `waiting_msg`, `success_msg`, `error_msg`, `open_mode`, `form_config`, `user_type`, `flag_is_valid`, `serial_number`, `script`, `column_data_index`, `value`, `tips`, `extend_menu_config`) VALUES ('analyseFeeByAreaDetail', 'd6228e78ff1a11e7ab1d001e671d0be8', NULL, '返回', 'top', 'left', '0', '1', 'id', '', '1', '', NULL, NULL, '', NULL, NULL, '_blank', NULL, NULL, '2', '1', NULL, NULL, NULL, '', '');
INSERT INTO `grid_menu_config` (`fk_grid_id`, `flag_menu_type`, `flag_integrated_menu_type`, `text`, `show_type`, `column_type`, `must_select_row`, `select_limit`, `data_index`, `null_text`, `show_confirm`, `confirm_text`, `url`, `extra_parameters`, `waiting_msg`, `success_msg`, `error_msg`, `open_mode`, `form_config`, `user_type`, `flag_is_valid`, `serial_number`, `script`, `column_data_index`, `value`, `tips`, `extend_menu_config`) VALUES ('analyseFeeDetailByArea', 'a92817f1361611e8a37efcaa140ebf84', NULL, '查看统计详情', 'column', 'left', '0', '1', 'id', '', '1', '', NULL, NULL, '', NULL, NULL, '_blank', NULL, NULL, '2', '1', NULL, NULL, NULL, '', '{\"routerName\": \"analyseFeeDetailByAreaDetail\", \"rowParams\": {\"unitId\": \"unitId\", \"trainingAreaId\": \"trainingAreaId\", \"entrustedUnitId\": \"entrustedUnitId\"}}');
INSERT INTO `grid_menu_config` (`fk_grid_id`, `flag_menu_type`, `flag_integrated_menu_type`, `text`, `show_type`, `column_type`, `must_select_row`, `select_limit`, `data_index`, `null_text`, `show_confirm`, `confirm_text`, `url`, `extra_parameters`, `waiting_msg`, `success_msg`, `error_msg`, `open_mode`, `form_config`, `user_type`, `flag_is_valid`, `serial_number`, `script`, `column_data_index`, `value`, `tips`, `extend_menu_config`) VALUES ('analyseFeeDetailByAreaDetail', 'd6228e78ff1a11e7ab1d001e671d0be8', NULL, '返回', 'top', 'left', '0', '1', 'id', '', '1', '', NULL, NULL, '', NULL, NULL, '_blank', NULL, NULL, '2', '1', NULL, NULL, NULL, '', '');
INSERT INTO `grid_menu_config` (`fk_grid_id`, `flag_menu_type`, `flag_integrated_menu_type`, `text`, `show_type`, `column_type`, `must_select_row`, `select_limit`, `data_index`, `null_text`, `show_confirm`, `confirm_text`, `url`, `extra_parameters`, `waiting_msg`, `success_msg`, `error_msg`, `open_mode`, `form_config`, `user_type`, `flag_is_valid`, `serial_number`, `script`, `column_data_index`, `value`, `tips`, `extend_menu_config`) VALUES ('analyseItemApportion', 'a92817f1361611e8a37efcaa140ebf84', NULL, '查看统计详情', 'column', 'left', '0', '1', 'id', '', '1', '', NULL, NULL, '', NULL, NULL, '_blank', NULL, NULL, '2', '1', NULL, NULL, NULL, '', '{\"routerName\": \"analyseItemApportionDetail\", \"rowParams\": {\"unitId\": \"unitId\", \"itemUnitId\": \"itemUnitId\"}}');
INSERT INTO `grid_menu_config` (`fk_grid_id`, `flag_menu_type`, `flag_integrated_menu_type`, `text`, `show_type`, `column_type`, `must_select_row`, `select_limit`, `data_index`, `null_text`, `show_confirm`, `confirm_text`, `url`, `extra_parameters`, `waiting_msg`, `success_msg`, `error_msg`, `open_mode`, `form_config`, `user_type`, `flag_is_valid`, `serial_number`, `script`, `column_data_index`, `value`, `tips`, `extend_menu_config`) VALUES ('analyseItemApportionDetail', 'd6228e78ff1a11e7ab1d001e671d0be8', NULL, '返回', 'top', 'left', '0', '1', 'id', '', '1', '', NULL, NULL, '', NULL, NULL, '_blank', NULL, NULL, '2', '1', NULL, NULL, NULL, '', '');
INSERT INTO `grid_menu_config` (`fk_grid_id`, `flag_menu_type`, `flag_integrated_menu_type`, `text`, `show_type`, `column_type`, `must_select_row`, `select_limit`, `data_index`, `null_text`, `show_confirm`, `confirm_text`, `url`, `extra_parameters`, `waiting_msg`, `success_msg`, `error_msg`, `open_mode`, `form_config`, `user_type`, `flag_is_valid`, `serial_number`, `script`, `column_data_index`, `value`, `tips`, `extend_menu_config`) VALUES ('feeAnalyseByItem', 'a92817f1361611e8a37efcaa140ebf84', NULL, '查看统计详情', 'column', 'left', '0', '1', 'id', '', '1', '', NULL, NULL, '', NULL, NULL, '_blank', NULL, NULL, '2', '1', NULL, NULL, NULL, '', '{\"routerName\": \"feeAnalyseDetailByItem\", \"rowParams\": {\"unitId\": \"unitId\", \"trainingTypeId\": \"trainingTypeId\", \"trainingUnitId\": \"trainingUnitId\", \"trainingModeId\": \"trainingModeId\"}}');
INSERT INTO `grid_menu_config` (`fk_grid_id`, `flag_menu_type`, `flag_integrated_menu_type`, `text`, `show_type`, `column_type`, `must_select_row`, `select_limit`, `data_index`, `null_text`, `show_confirm`, `confirm_text`, `url`, `extra_parameters`, `waiting_msg`, `success_msg`, `error_msg`, `open_mode`, `form_config`, `user_type`, `flag_is_valid`, `serial_number`, `script`, `column_data_index`, `value`, `tips`, `extend_menu_config`) VALUES ('feeAnalyseByUnit', 'a92817f1361611e8a37efcaa140ebf84', NULL, '查看统计详情', 'column', 'left', '0', '1', 'id', '', '1', '', NULL, NULL, '', NULL, NULL, '_blank', NULL, NULL, '2', '1', NULL, NULL, NULL, '', '{\"routerName\": \"feeAnalyseByUnitDetail\", \"rowParams\": {\"unitId\": \"unitId\"}}');
INSERT INTO `grid_menu_config` (`fk_grid_id`, `flag_menu_type`, `flag_integrated_menu_type`, `text`, `show_type`, `column_type`, `must_select_row`, `select_limit`, `data_index`, `null_text`, `show_confirm`, `confirm_text`, `url`, `extra_parameters`, `waiting_msg`, `success_msg`, `error_msg`, `open_mode`, `form_config`, `user_type`, `flag_is_valid`, `serial_number`, `script`, `column_data_index`, `value`, `tips`, `extend_menu_config`) VALUES ('feeAnalyseByUnitDetail', 'd6228e78ff1a11e7ab1d001e671d0be8', NULL, '返回', 'top', 'left', '0', '1', 'id', '', '1', '', NULL, NULL, '', NULL, NULL, '_blank', NULL, NULL, '2', '1', NULL, NULL, NULL, '', '');
INSERT INTO `grid_menu_config` (`fk_grid_id`, `flag_menu_type`, `flag_integrated_menu_type`, `text`, `show_type`, `column_type`, `must_select_row`, `select_limit`, `data_index`, `null_text`, `show_confirm`, `confirm_text`, `url`, `extra_parameters`, `waiting_msg`, `success_msg`, `error_msg`, `open_mode`, `form_config`, `user_type`, `flag_is_valid`, `serial_number`, `script`, `column_data_index`, `value`, `tips`, `extend_menu_config`) VALUES ('feeAnalyseDetailByItem', 'd6228e78ff1a11e7ab1d001e671d0be8', NULL, '返回', 'top', 'left', '0', '1', 'id', '', '1', '', NULL, NULL, '', NULL, NULL, '_blank', NULL, NULL, '2', '1', NULL, NULL, NULL, '', '');
INSERT INTO `grid_menu_config` (`fk_grid_id`, `flag_menu_type`, `flag_integrated_menu_type`, `text`, `show_type`, `column_type`, `must_select_row`, `select_limit`, `data_index`, `null_text`, `show_confirm`, `confirm_text`, `url`, `extra_parameters`, `waiting_msg`, `success_msg`, `error_msg`, `open_mode`, `form_config`, `user_type`, `flag_is_valid`, `serial_number`, `script`, `column_data_index`, `value`, `tips`, `extend_menu_config`) VALUES ('placeUsageAnalyse', 'a92817f1361611e8a37efcaa140ebf84', NULL, '查看使用详情', 'column', 'left', '0', '1', 'id', '', '1', '', NULL, NULL, '', NULL, NULL, '_blank', NULL, NULL, '2', '1', NULL, NULL, NULL, '', '{\"routerName\": \"placeUsageDetail\", \"rowParams\": {\"unitId\": \"unitId\", \"placeUnit\": \"placeUnitId\"}}');

INSERT INTO `pe_base_category_group` (`id`, `name`, `code`) VALUES ('9', '统计分析', '9');

INSERT INTO `pe_base_category` (`name`, `code`, `router_name`, `url`, `fk_grid_id`, `flag_isvalid`, `flag_is_system`, `fk_base_category_group`) VALUES ('按地区汇总查询', '', '', '/entity/analyse/analyseFeeByArea/abstractGrid', 'analyseFeeByArea', '2', '0bc108f54df211e8aac8fcaa140ebf84', '9');
INSERT INTO `pe_base_category` (`name`, `code`, `router_name`, `url`, `fk_grid_id`, `flag_isvalid`, `flag_is_system`, `fk_base_category_group`) VALUES ('按地区汇总查询详情', '', 'analyseFeeByAreaDetail', '/entity/analyse/analyseFeeByAreaDetail/abstractGrid', 'analyseFeeByAreaDetail', '2', '0bc108f54df211e8aac8fcaa140ebf84', '9');
INSERT INTO `pe_base_category` (`name`, `code`, `router_name`, `url`, `fk_grid_id`, `flag_isvalid`, `flag_is_system`, `fk_base_category_group`) VALUES ('按地区明细统计', '', '', '/entity/analyse/analyseFeeDetailByArea/abstractGrid', 'analyseFeeDetailByArea', '2', '0bc108f54df211e8aac8fcaa140ebf84', '9');
INSERT INTO `pe_base_category` (`name`, `code`, `router_name`, `url`, `fk_grid_id`, `flag_isvalid`, `flag_is_system`, `fk_base_category_group`) VALUES ('按地区明细统计费用详情', '', 'analyseFeeDetailByAreaDetail', '/entity/analyse/analyseFeeDetailByAreaDetail/abstractGrid', 'analyseFeeDetailByAreaDetail', '2', '0bc108f54df211e8aac8fcaa140ebf84', '9');
INSERT INTO `pe_base_category` (`name`, `code`, `router_name`, `url`, `fk_grid_id`, `flag_isvalid`, `flag_is_system`, `fk_base_category_group`) VALUES ('项目分派统计', '', '', '/entity/analyse/analyseItemApportion/abstractGrid', 'analyseItemApportion', '2', '0bc108f54df211e8aac8fcaa140ebf84', '9');
INSERT INTO `pe_base_category` (`name`, `code`, `router_name`, `url`, `fk_grid_id`, `flag_isvalid`, `flag_is_system`, `fk_base_category_group`) VALUES ('项目分派统计详情', '', 'analyseItemApportionDetail', '/entity/analyse/analyseItemApportionDetail/abstractGrid', 'analyseItemApportionDetail', '2', '0bc108f54df211e8aac8fcaa140ebf84', '9');
INSERT INTO `pe_base_category` (`name`, `code`, `router_name`, `url`, `fk_grid_id`, `flag_isvalid`, `flag_is_system`, `fk_base_category_group`) VALUES ('按培训项目汇总', '', '', '/entity/analyse/feeAnalyseByItem/abstractGrid', 'feeAnalyseByItem', '2', '0bc108f54df211e8aac8fcaa140ebf84', '9');
INSERT INTO `pe_base_category` (`name`, `code`, `router_name`, `url`, `fk_grid_id`, `flag_isvalid`, `flag_is_system`, `fk_base_category_group`) VALUES ('按单位汇总费用', '', '', '/entity/analyse/feeAnalyseByUnit/abstractGrid', 'feeAnalyseByUnit', '2', '0bc108f54df211e8aac8fcaa140ebf84', '9');
INSERT INTO `pe_base_category` (`name`, `code`, `router_name`, `url`, `fk_grid_id`, `flag_isvalid`, `flag_is_system`, `fk_base_category_group`) VALUES ('按培训单位汇总费用详情', '', 'feeAnalyseByUnitDetail', '/entity/analyse/feeAnalyseByUnitDetail/abstractGrid', 'feeAnalyseByUnitDetail', '2', '0bc108f54df211e8aac8fcaa140ebf84', '9');
INSERT INTO `pe_base_category` (`name`, `code`, `router_name`, `url`, `fk_grid_id`, `flag_isvalid`, `flag_is_system`, `fk_base_category_group`) VALUES ('按培训项目汇总详情', '', 'feeAnalyseDetailByItem', '/entity/analyse/feeAnalyseDetailByItem/abstractGrid', 'feeAnalyseDetailByItem', '2', '0bc108f54df211e8aac8fcaa140ebf84', '9');
INSERT INTO `pe_base_category` (`name`, `code`, `router_name`, `url`, `fk_grid_id`, `flag_isvalid`, `flag_is_system`, `fk_base_category_group`) VALUES ('宾馆使用统计', '', '', '/entity/analyse/hotelUsageAnalyse/abstractGrid', 'hotelUsageAnalyse', '2', '0bc108f54df211e8aac8fcaa140ebf84', '9');
INSERT INTO `pe_base_category` (`name`, `code`, `router_name`, `url`, `fk_grid_id`, `flag_isvalid`, `flag_is_system`, `fk_base_category_group`) VALUES ('培训地点使用统计', '', '', '/entity/analyse/placeUsageAnalyse/abstractGrid', 'placeUsageAnalyse', '2', '0bc108f54df211e8aac8fcaa140ebf84', '9');

INSERT INTO `pe_interface` (`name`, `url`, `method`, `flag_isvalid`) VALUES ('宾馆使用统计', '/entity/analyse/hotelUsageAnalyse/**', '', '2');
INSERT INTO `pe_interface` (`name`, `url`, `method`, `flag_isvalid`) VALUES ('培训地点使用统计', '/entity/analyse/placeUsageAnalyse/**', '', '2');
INSERT INTO `pe_interface` (`name`, `url`, `method`, `flag_isvalid`) VALUES ('地点使用情况详情', '/entity/analyse/placeUsageDetail/**', '', '2');
INSERT INTO `pe_interface` (`name`, `url`, `method`, `flag_isvalid`) VALUES ('按培训项目汇总', '/entity/analyse/feeAnalyseByItem/**', '', '2');
INSERT INTO `pe_interface` (`name`, `url`, `method`, `flag_isvalid`) VALUES ('按培训项目汇总详情', '/entity/analyse/feeAnalyseDetailByItem/**', '', '2');
INSERT INTO `pe_interface` (`name`, `url`, `method`, `flag_isvalid`) VALUES ('按单位汇总费用', '/entity/analyse/feeAnalyseByUnit/**', '', '2');
INSERT INTO `pe_interface` (`name`, `url`, `method`, `flag_isvalid`) VALUES ('按培训单位汇总费用详情', '/entity/analyse/feeAnalyseByUnitDetail/**', '', '2');
INSERT INTO `pe_interface` (`name`, `url`, `method`, `flag_isvalid`) VALUES ('按地区明细统计', '/entity/analyse/analyseFeeDetailByArea/**', '', '2');
INSERT INTO `pe_interface` (`name`, `url`, `method`, `flag_isvalid`) VALUES ('按地区明细统计费用详情', '/entity/analyse/analyseFeeDetailByAreaDetail/**', '', '2');
INSERT INTO `pe_interface` (`name`, `url`, `method`, `flag_isvalid`) VALUES ('按地区汇总查询', '/entity/analyse/analyseFeeByArea/**', '', '2');
INSERT INTO `pe_interface` (`name`, `url`, `method`, `flag_isvalid`) VALUES ('按地区汇总查询详情', '/entity/analyse/analyseFeeByAreaDetail/**', '', '2');
INSERT INTO `pe_interface` (`name`, `url`, `method`, `flag_isvalid`) VALUES ('项目分派统计', '/entity/analyse/analyseItemApportion/**', '', '2');
INSERT INTO `pe_interface` (`name`, `url`, `method`, `flag_isvalid`) VALUES ('项目分派统计详情', '/entity/analyse/analyseItemApportionDetail/**', '', '2');

INSERT INTO `pe_pri_category` (`ID`, `NAME`, `FK_PARENT_ID`, `CODE`, `PATH`, `FLAG_LEFT_MENU`, `serial_Number`, `isActive`, `LEVEL`, `fk_grid_id`, `fk_web_site_id`, `icon`, `fk_base_category_id`, `base_id`, `show_in_left_menu`) VALUES ('4028ae316b203482016b206476b80010', '统计分析', NULL, NULL, NULL, '0', '8', '1', '1', NULL, '4028ae316a09ee85016a09f4d7640000', NULL, NULL, '62a3c7705f594e7cae2fa4996af9d0fc', '1');
INSERT INTO `pe_pri_category` (`ID`, `NAME`, `FK_PARENT_ID`, `CODE`, `PATH`, `FLAG_LEFT_MENU`, `serial_Number`, `isActive`, `LEVEL`, `fk_grid_id`, `fk_web_site_id`, `icon`, `fk_base_category_id`, `base_id`, `show_in_left_menu`) VALUES ('4028ae316b203482016b2064a69c0011', '资源使用统计', '4028ae316b203482016b206476b80010', NULL, NULL, '0', '0', '1', '2', NULL, '4028ae316a09ee85016a09f4d7640000', NULL, NULL, '62f8b748bd734352ba6caef2b5f42885', '1');
INSERT INTO `pe_pri_category` (`ID`, `NAME`, `FK_PARENT_ID`, `CODE`, `PATH`, `FLAG_LEFT_MENU`, `serial_Number`, `isActive`, `LEVEL`, `fk_grid_id`, `fk_web_site_id`, `icon`, `fk_base_category_id`, `base_id`, `show_in_left_menu`) VALUES ('4028ae316b217028016b219814460000', '项目费用统计', '4028ae316b203482016b206476b80010', NULL, NULL, '0', '1', '1', '2', NULL, '4028ae316a09ee85016a09f4d7640000', NULL, NULL, '54544fa770ad4d169ef6e0c3e57c994a', '1');
INSERT INTO `pe_pri_category` (`ID`, `NAME`, `FK_PARENT_ID`, `CODE`, `PATH`, `FLAG_LEFT_MENU`, `serial_Number`, `isActive`, `LEVEL`, `fk_grid_id`, `fk_web_site_id`, `icon`, `fk_base_category_id`, `base_id`, `show_in_left_menu`) select '4028ae316b203482016b2064cdf70012', '宾馆使用统计', '4028ae316b203482016b2064a69c0011', NULL, NULL, '1', '0', '1', '3', NULL, '4028ae316a09ee85016a09f4d7640000', NULL, id, '70f9586ecb194c8294ad33ba5902741a', '1' from pe_base_category where name = '宾馆使用统计';
INSERT INTO `pe_pri_category` (`ID`, `NAME`, `FK_PARENT_ID`, `CODE`, `PATH`, `FLAG_LEFT_MENU`, `serial_Number`, `isActive`, `LEVEL`, `fk_grid_id`, `fk_web_site_id`, `icon`, `fk_base_category_id`, `base_id`, `show_in_left_menu`) select '4028ae316b206590016b207d77ab000a', '培训地点使用统计', '4028ae316b203482016b2064a69c0011', NULL, '', '1', '1', '1', '3', NULL, '4028ae316a09ee85016a09f4d7640000', NULL, id, '6ff5ab439df14ec189db889210affc81', '1' from pe_base_category where name = '培训地点使用统计';
INSERT INTO `pe_pri_category` (`ID`, `NAME`, `FK_PARENT_ID`, `CODE`, `PATH`, `FLAG_LEFT_MENU`, `serial_Number`, `isActive`, `LEVEL`, `fk_grid_id`, `fk_web_site_id`, `icon`, `fk_base_category_id`, `base_id`, `show_in_left_menu`) select '4028ae316b217028016b219842230001', '按培训项目汇总', '4028ae316b217028016b219814460000', NULL, NULL, '1', '0', '1', '3', NULL, '4028ae316a09ee85016a09f4d7640000', NULL, id, 'cdd858fd8ba44532b4fa239c7b7360ad', '1' from pe_base_category where name = '按培训项目汇总';
INSERT INTO `pe_pri_category` (`ID`, `NAME`, `FK_PARENT_ID`, `CODE`, `PATH`, `FLAG_LEFT_MENU`, `serial_Number`, `isActive`, `LEVEL`, `fk_grid_id`, `fk_web_site_id`, `icon`, `fk_base_category_id`, `base_id`, `show_in_left_menu`) select '4028ae316b253adb016b253cd0e50000', '按单位汇总费用', '4028ae316b217028016b219814460000', NULL, NULL, '1', '1', '1', '3', NULL, '4028ae316a09ee85016a09f4d7640000', NULL, id, 'e1c4831808724455b2d371ec6e47230c', '1' from pe_base_category where name = '按单位汇总费用';
INSERT INTO `pe_pri_category` (`ID`, `NAME`, `FK_PARENT_ID`, `CODE`, `PATH`, `FLAG_LEFT_MENU`, `serial_Number`, `isActive`, `LEVEL`, `fk_grid_id`, `fk_web_site_id`, `icon`, `fk_base_category_id`, `base_id`, `show_in_left_menu`) select '4028ae316b256a0b016b25a0acdd000d', '按地区明细统计', '4028ae316b217028016b219814460000', NULL, NULL, '1', '2', '1', '3', NULL, '4028ae316a09ee85016a09f4d7640000', NULL, id, 'b45fec86bb7248d59aa83ac291b70035', '1' from pe_base_category where name = '按地区明细统计';
INSERT INTO `pe_pri_category` (`ID`, `NAME`, `FK_PARENT_ID`, `CODE`, `PATH`, `FLAG_LEFT_MENU`, `serial_Number`, `isActive`, `LEVEL`, `fk_grid_id`, `fk_web_site_id`, `icon`, `fk_base_category_id`, `base_id`, `show_in_left_menu`) select '4028ae316b25a57c016b2a57f6820017', '按地区汇总查询', '4028ae316b217028016b219814460000', NULL, NULL, '1', '3', '1', '3', NULL, '4028ae316a09ee85016a09f4d7640000', NULL, id, '4c7c1dd741674a2db23ce68dd1097e1c', '1' from pe_base_category where name = '按地区汇总查询';
INSERT INTO `pe_pri_category` (`ID`, `NAME`, `FK_PARENT_ID`, `CODE`, `PATH`, `FLAG_LEFT_MENU`, `serial_Number`, `isActive`, `LEVEL`, `fk_grid_id`, `fk_web_site_id`, `icon`, `fk_base_category_id`, `base_id`, `show_in_left_menu`) select '4028ae316b2a6638016b2a8e47c2000c', '项目分派统计', '4028ae316b217028016b219814460000', NULL, NULL, '1', '4', '1', '3', NULL, '4028ae316a09ee85016a09f4d7640000', NULL, id, '21b30a1329c64b1fa1a1e7852b02690a', '1' from pe_base_category where name = '项目分派统计';
INSERT INTO `pe_pri_category` (`ID`, `NAME`, `FK_PARENT_ID`, `CODE`, `PATH`, `FLAG_LEFT_MENU`, `serial_Number`, `isActive`, `LEVEL`, `fk_grid_id`, `fk_web_site_id`, `icon`, `fk_base_category_id`, `base_id`, `show_in_left_menu`) select '4028ae316b206590016b210fd73d001e', '地点使用情况详情', '4028ae316b206590016b207d77ab000a', NULL, NULL, '1', '0', '1', '4', NULL, '4028ae316a09ee85016a09f4d7640000', NULL, id, '9f361ab02d4949179a629fde31bdc0b9', '0' from pe_base_category where name = '地点使用情况详情';
INSERT INTO `pe_pri_category` (`ID`, `NAME`, `FK_PARENT_ID`, `CODE`, `PATH`, `FLAG_LEFT_MENU`, `serial_Number`, `isActive`, `LEVEL`, `fk_grid_id`, `fk_web_site_id`, `icon`, `fk_base_category_id`, `base_id`, `show_in_left_menu`) select '4028ae316b21c497016b21c7140d0000', '按培训项目汇总详情', '4028ae316b217028016b219842230001', NULL, NULL, '1', '0', '1', '4', NULL, '4028ae316a09ee85016a09f4d7640000', NULL, id, 'e939c0a6db4d400da8eccb86309c25cb', '0' from pe_base_category where name = '按培训项目汇总详情';
INSERT INTO `pe_pri_category` (`ID`, `NAME`, `FK_PARENT_ID`, `CODE`, `PATH`, `FLAG_LEFT_MENU`, `serial_Number`, `isActive`, `LEVEL`, `fk_grid_id`, `fk_web_site_id`, `icon`, `fk_base_category_id`, `base_id`, `show_in_left_menu`) select '4028ae316b256a0b016b256aecbd0000', '按单位汇总费用详情', '4028ae316b253adb016b253cd0e50000', NULL, NULL, '1', '0', '1', '4', NULL, '4028ae316a09ee85016a09f4d7640000', NULL, id, 'c4666afffd294048b7803641483cb738', '0' from pe_base_category where name = '按单位汇总费用详情';
INSERT INTO `pe_pri_category` (`ID`, `NAME`, `FK_PARENT_ID`, `CODE`, `PATH`, `FLAG_LEFT_MENU`, `serial_Number`, `isActive`, `LEVEL`, `fk_grid_id`, `fk_web_site_id`, `icon`, `fk_base_category_id`, `base_id`, `show_in_left_menu`) select '4028ae316b25a57c016b2a4859cf000f', '按地区明细统计费用详情', '4028ae316b256a0b016b25a0acdd000d', NULL, NULL, '1', '0', '1', '4', NULL, '4028ae316a09ee85016a09f4d7640000', NULL, id, 'adc5f8e005bf4abaac559145c74c463a', '0' from pe_base_category where name = '按地区明细统计费用详情';
INSERT INTO `pe_pri_category` (`ID`, `NAME`, `FK_PARENT_ID`, `CODE`, `PATH`, `FLAG_LEFT_MENU`, `serial_Number`, `isActive`, `LEVEL`, `fk_grid_id`, `fk_web_site_id`, `icon`, `fk_base_category_id`, `base_id`, `show_in_left_menu`) select '4028ae316b2a58f4016b2a65768b000d', '按地区汇总查询详情', '4028ae316b25a57c016b2a57f6820017', NULL, NULL, '1', '0', '1', '4', NULL, '4028ae316a09ee85016a09f4d7640000', NULL, id, '4f888e54b67d40a587fb12963d65e969', '0' from pe_base_category where name = '按地区汇总查询详情';
INSERT INTO `pe_pri_category` (`ID`, `NAME`, `FK_PARENT_ID`, `CODE`, `PATH`, `FLAG_LEFT_MENU`, `serial_Number`, `isActive`, `LEVEL`, `fk_grid_id`, `fk_web_site_id`, `icon`, `fk_base_category_id`, `base_id`, `show_in_left_menu`) select '4028ae316b2a6638016b2aa58d39001b', '项目分派统计详情', '4028ae316b2a6638016b2a8e47c2000c', NULL, NULL, '1', '0', '1', '4', NULL, '4028ae316a09ee85016a09f4d7640000', NULL, id, '656d46efb7914f0b9d79a4e2996d6806', '0' from pe_base_category where name = '项目分派统计详情';


INSERT INTO `pr_base_category_interface` (`fk_base_category_id`, `fk_interface_id`) select cat.id, inter.id from pe_interface inter inner join pe_base_category cat on cat.name = inter.name where cat.name = '宾馆使用统计';
INSERT INTO `pr_base_category_interface` (`fk_base_category_id`, `fk_interface_id`) select cat.id, inter.id from pe_interface inter inner join pe_base_category cat on cat.name = inter.name where cat.name = '培训地点使用统计';
INSERT INTO `pr_base_category_interface` (`fk_base_category_id`, `fk_interface_id`) select cat.id, inter.id from pe_interface inter inner join pe_base_category cat on cat.name = inter.name where cat.name = '地点使用情况详情';
INSERT INTO `pr_base_category_interface` (`fk_base_category_id`, `fk_interface_id`) select cat.id, inter.id from pe_interface inter inner join pe_base_category cat on cat.name = inter.name where cat.name = '按培训项目汇总';
INSERT INTO `pr_base_category_interface` (`fk_base_category_id`, `fk_interface_id`) select cat.id, inter.id from pe_interface inter inner join pe_base_category cat on cat.name = inter.name where cat.name = '按培训项目汇总详情';
INSERT INTO `pr_base_category_interface` (`fk_base_category_id`, `fk_interface_id`) select cat.id, inter.id from pe_interface inter inner join pe_base_category cat on cat.name = inter.name where cat.name = '按单位汇总费用';
INSERT INTO `pr_base_category_interface` (`fk_base_category_id`, `fk_interface_id`) select cat.id, inter.id from pe_interface inter inner join pe_base_category cat on cat.name = inter.name where cat.name = '按培训单位汇总费用详情';
INSERT INTO `pr_base_category_interface` (`fk_base_category_id`, `fk_interface_id`) select cat.id, inter.id from pe_interface inter inner join pe_base_category cat on cat.name = inter.name where cat.name = '按地区明细统计';
INSERT INTO `pr_base_category_interface` (`fk_base_category_id`, `fk_interface_id`) select cat.id, inter.id from pe_interface inter inner join pe_base_category cat on cat.name = inter.name where cat.name = '按地区明细统计费用详情';
INSERT INTO `pr_base_category_interface` (`fk_base_category_id`, `fk_interface_id`) select cat.id, inter.id from pe_interface inter inner join pe_base_category cat on cat.name = inter.name where cat.name = '按地区汇总查询';
INSERT INTO `pr_base_category_interface` (`fk_base_category_id`, `fk_interface_id`) select cat.id, inter.id from pe_interface inter inner join pe_base_category cat on cat.name = inter.name where cat.name = '按地区汇总查询详情';
INSERT INTO `pr_base_category_interface` (`fk_base_category_id`, `fk_interface_id`) select cat.id, inter.id from pe_interface inter inner join pe_base_category cat on cat.name = inter.name where cat.name = '项目分派统计';
INSERT INTO `pr_base_category_interface` (`fk_base_category_id`, `fk_interface_id`) select cat.id, inter.id from pe_interface inter inner join pe_base_category cat on cat.name = inter.name where cat.name = '项目分派统计详情';

INSERT INTO `grid_basic_config` (`id`, `title`, `can_search`, `can_add`, `can_delete`, `can_update`, `can_batch_add`, `can_projections`, `first_search`, `entity_class`, `note`, `list_type`, `dc`, `flag_active`, `flag_bak`, `dateFormat`, `sqlstr`, `statistics`, `s_note`, `update_note`, `is_enum`, `countsql`, `isGroupSql`, `LIST_FUNCTION`, `FLAG_INTE_ACTIVE`, `fk_web_site_id`, `can_checked_all`, `add_mode`, `add_cmp_name`, `fk_chart_id`) VALUES ('placeUsageDetail', '培训地点使用详情', '1', NULL, NULL, NULL, NULL, '0', '0', NULL, NULL, '1', NULL, '4028809c1d625bcf011d66fd0dda0006', NULL, NULL, 'SELECT\n	cct.id as id,\n	un.name as unitName,\n	c.name as className,\n	c.code as classCode,\n	count(DISTINCT stu.id) as studentNumber,\n	c.start_time as startTime,\n	c.end_time as endTime,\n	ty.name as courseType,\n	p.name as placeName,\n	pu.name as placeUnit,\n	cou.name courseName,\n	tea.true_name as teacherName,\n	cct.training_date as limitDate,\n	ct.start_time as useStartTime,\n	ct.end_time as useEndTime,\n        ct.name as courseTime\nFROM\n	class_course_timetable cct\nINNER JOIN class_course cc ON cc.id = cct.fk_class_course_id\nINNER JOIN pe_class c ON c.id = cc.fk_class_id\nINNER JOIN pe_place p ON p.id = cct.fk_place_id\nINNER JOIN course_time ct ON ct.id = cct.fk_course_time_id\nINNER JOIN pe_unit un ON un.id = c.fk_unit_id AND [peUnit|un.id]\nINNER JOIN pe_unit pu ON pu.id = p.fk_place_unit\nINNER JOIN pe_course cou ON cou.id = cc.fk_course_id\nLEFT JOIN pe_teacher tea ON tea.id = cou.fk_teacher_id\nLEFT JOIN pe_student stu on stu.fk_class_id = c.id\nINNER JOIN enum_const ty on ty.id = cou.flag_course_type\nWHERE\n       [unitId|un.id]\nAND [placeUnit|pu.id]\nAND c.site_code = \'${siteCode}\'\nGROUP BY \n	cct.id', NULL, NULL, NULL, NULL, NULL, NULL, '0', NULL, '4028ae316a09ee85016a09f4d7640000', '0', 'dialog', NULL, NULL);
INSERT INTO `grid_column_config` (`ID`, `fk_action_grid_config_id`, `name`, `dataindex`, `data_column`, `search`, `to_add`, `column_can_update`, `list`, `report`, `type`, `dateFormat`, `allow_blank`, `max_length`, `check_message`, `check_regular`, `text_field_parameters`, `combo_sql`, `serial_number`, `flag_active`, `flag_bak`, `user_type`, `team`, `s_note`, `sql_result`, `is_html`, `default_text`, `cascade_columns`) VALUES ('4028ae316b206590016b2107345d000e', 'placeUsageDetail', 'id', 'id', '', '0', '0', '0', '0', '0', 'TextField', 'yyyy-MM-dd', '1', '50', '', '', NULL, '', '0', '4028809c1d625bcf011d66fd0dda0006', NULL, NULL, '', '', '', NULL, '', NULL);
INSERT INTO `grid_column_config` (`ID`, `fk_action_grid_config_id`, `name`, `dataindex`, `data_column`, `search`, `to_add`, `column_can_update`, `list`, `report`, `type`, `dateFormat`, `allow_blank`, `max_length`, `check_message`, `check_regular`, `text_field_parameters`, `combo_sql`, `serial_number`, `flag_active`, `flag_bak`, `user_type`, `team`, `s_note`, `sql_result`, `is_html`, `default_text`, `cascade_columns`) VALUES ('4028ae316b206590016b21079791000f', 'placeUsageDetail', '培训单位', 'combobox_peUnit.unitName', '', '1', '0', '0', '1', '1', 'TextField', 'yyyy-MM-dd', '1', '50', '', '', NULL, '', '1', '4028809c1d625bcf011d66fd0dda0006', NULL, NULL, '', '', '', NULL, '', NULL);
INSERT INTO `grid_column_config` (`ID`, `fk_action_grid_config_id`, `name`, `dataindex`, `data_column`, `search`, `to_add`, `column_can_update`, `list`, `report`, `type`, `dateFormat`, `allow_blank`, `max_length`, `check_message`, `check_regular`, `text_field_parameters`, `combo_sql`, `serial_number`, `flag_active`, `flag_bak`, `user_type`, `team`, `s_note`, `sql_result`, `is_html`, `default_text`, `cascade_columns`) VALUES ('4028ae316b206590016b2107e2d90010', 'placeUsageDetail', '班级名称', 'combobox_peClass.className', '', '1', '0', '0', '1', '1', 'TextField', 'yyyy-MM-dd', '1', '50', '', '', NULL, '', '2', '4028809c1d625bcf011d66fd0dda0006', NULL, NULL, '', '', '', NULL, '', NULL);
INSERT INTO `grid_column_config` (`ID`, `fk_action_grid_config_id`, `name`, `dataindex`, `data_column`, `search`, `to_add`, `column_can_update`, `list`, `report`, `type`, `dateFormat`, `allow_blank`, `max_length`, `check_message`, `check_regular`, `text_field_parameters`, `combo_sql`, `serial_number`, `flag_active`, `flag_bak`, `user_type`, `team`, `s_note`, `sql_result`, `is_html`, `default_text`, `cascade_columns`) VALUES ('4028ae316b206590016b21084e630011', 'placeUsageDetail', '班级编号', 'classCode', '', '1', '0', '0', '1', '1', 'TextField', 'yyyy-MM-dd', '1', '50', '', '', NULL, '', '3', '4028809c1d625bcf011d66fd0dda0006', NULL, NULL, '', '', '', NULL, '', NULL);
INSERT INTO `grid_column_config` (`ID`, `fk_action_grid_config_id`, `name`, `dataindex`, `data_column`, `search`, `to_add`, `column_can_update`, `list`, `report`, `type`, `dateFormat`, `allow_blank`, `max_length`, `check_message`, `check_regular`, `text_field_parameters`, `combo_sql`, `serial_number`, `flag_active`, `flag_bak`, `user_type`, `team`, `s_note`, `sql_result`, `is_html`, `default_text`, `cascade_columns`) VALUES ('4028ae316b206590016b2108bb340012', 'placeUsageDetail', '学生数量', 'studentNumber', '', '1', '0', '0', '1', '1', 'TextField', 'yyyy-MM-dd', '1', '50', '', '', NULL, '', '4', '4028809c1d625bcf011d66fd0dda0006', NULL, NULL, '', '', '', NULL, '', NULL);
INSERT INTO `grid_column_config` (`ID`, `fk_action_grid_config_id`, `name`, `dataindex`, `data_column`, `search`, `to_add`, `column_can_update`, `list`, `report`, `type`, `dateFormat`, `allow_blank`, `max_length`, `check_message`, `check_regular`, `text_field_parameters`, `combo_sql`, `serial_number`, `flag_active`, `flag_bak`, `user_type`, `team`, `s_note`, `sql_result`, `is_html`, `default_text`, `cascade_columns`) VALUES ('4028ae316b206590016b210932ba0013', 'placeUsageDetail', '培训开始时间', 'startTime', '', '1', '0', '0', '1', '1', 'datetime', 'yyyy-MM-dd HH:mm:ss', '1', '50', '', '', NULL, '', '5', '4028809c1d625bcf011d66fd0dda0006', NULL, NULL, '', '', '', NULL, '', NULL);
INSERT INTO `grid_column_config` (`ID`, `fk_action_grid_config_id`, `name`, `dataindex`, `data_column`, `search`, `to_add`, `column_can_update`, `list`, `report`, `type`, `dateFormat`, `allow_blank`, `max_length`, `check_message`, `check_regular`, `text_field_parameters`, `combo_sql`, `serial_number`, `flag_active`, `flag_bak`, `user_type`, `team`, `s_note`, `sql_result`, `is_html`, `default_text`, `cascade_columns`) VALUES ('4028ae316b206590016b2109692a0014', 'placeUsageDetail', '培训结束时间', 'endTime', '', '1', '0', '0', '1', '1', 'datetime', 'yyyy-MM-dd HH:mm:ss', '1', '50', '', '', NULL, '', '6', '4028809c1d625bcf011d66fd0dda0006', NULL, NULL, '', '', '', NULL, '', NULL);
INSERT INTO `grid_column_config` (`ID`, `fk_action_grid_config_id`, `name`, `dataindex`, `data_column`, `search`, `to_add`, `column_can_update`, `list`, `report`, `type`, `dateFormat`, `allow_blank`, `max_length`, `check_message`, `check_regular`, `text_field_parameters`, `combo_sql`, `serial_number`, `flag_active`, `flag_bak`, `user_type`, `team`, `s_note`, `sql_result`, `is_html`, `default_text`, `cascade_columns`) VALUES ('4028ae316b206590016b2109e5dd0015', 'placeUsageDetail', '教学类别', 'combobox_enumConstByFlagCourseType.courseType', '', '1', '0', '0', '1', '1', 'TextField', 'yyyy-MM-dd', '1', '50', '', '', NULL, '', '7', '4028809c1d625bcf011d66fd0dda0006', NULL, NULL, '', '', '', NULL, '', NULL);
INSERT INTO `grid_column_config` (`ID`, `fk_action_grid_config_id`, `name`, `dataindex`, `data_column`, `search`, `to_add`, `column_can_update`, `list`, `report`, `type`, `dateFormat`, `allow_blank`, `max_length`, `check_message`, `check_regular`, `text_field_parameters`, `combo_sql`, `serial_number`, `flag_active`, `flag_bak`, `user_type`, `team`, `s_note`, `sql_result`, `is_html`, `default_text`, `cascade_columns`) VALUES ('4028ae316b206590016b210a53e60016', 'placeUsageDetail', '培训地点', 'combobox_pePlace.placeName', '', '1', '0', '0', '1', '1', 'TextField', 'yyyy-MM-dd', '1', '50', '', '', NULL, '', '8', '4028809c1d625bcf011d66fd0dda0006', NULL, NULL, '', '', '', NULL, '', NULL);
INSERT INTO `grid_column_config` (`ID`, `fk_action_grid_config_id`, `name`, `dataindex`, `data_column`, `search`, `to_add`, `column_can_update`, `list`, `report`, `type`, `dateFormat`, `allow_blank`, `max_length`, `check_message`, `check_regular`, `text_field_parameters`, `combo_sql`, `serial_number`, `flag_active`, `flag_bak`, `user_type`, `team`, `s_note`, `sql_result`, `is_html`, `default_text`, `cascade_columns`) VALUES ('4028ae316b206590016b210aa3e90017', 'placeUsageDetail', '培训单位', 'combobox_peUnit.placeUnit', '', '1', '0', '0', '1', '1', 'TextField', 'yyyy-MM-dd', '1', '50', '', '', NULL, '', '9', '4028809c1d625bcf011d66fd0dda0006', NULL, NULL, '', '', '', NULL, '', NULL);
INSERT INTO `grid_column_config` (`ID`, `fk_action_grid_config_id`, `name`, `dataindex`, `data_column`, `search`, `to_add`, `column_can_update`, `list`, `report`, `type`, `dateFormat`, `allow_blank`, `max_length`, `check_message`, `check_regular`, `text_field_parameters`, `combo_sql`, `serial_number`, `flag_active`, `flag_bak`, `user_type`, `team`, `s_note`, `sql_result`, `is_html`, `default_text`, `cascade_columns`) VALUES ('4028ae316b206590016b210b7f040018', 'placeUsageDetail', '课程名称', 'combobox_peCourse.courseName', '', '1', '0', '0', '1', '1', 'TextField', 'yyyy-MM-dd', '1', '50', '', '', NULL, '', '10', '4028809c1d625bcf011d66fd0dda0006', NULL, NULL, '', '', '', NULL, '', NULL);
INSERT INTO `grid_column_config` (`ID`, `fk_action_grid_config_id`, `name`, `dataindex`, `data_column`, `search`, `to_add`, `column_can_update`, `list`, `report`, `type`, `dateFormat`, `allow_blank`, `max_length`, `check_message`, `check_regular`, `text_field_parameters`, `combo_sql`, `serial_number`, `flag_active`, `flag_bak`, `user_type`, `team`, `s_note`, `sql_result`, `is_html`, `default_text`, `cascade_columns`) VALUES ('4028ae316b206590016b210c0d700019', 'placeUsageDetail', '教师名称', 'combobox_peTeacher.teacherName', '', '1', '0', '0', '1', '1', 'TextField', 'yyyy-MM-dd', '1', '50', '', '', NULL, '', '11', '4028809c1d625bcf011d66fd0dda0006', NULL, NULL, '', '', '', NULL, '', NULL);
INSERT INTO `grid_column_config` (`ID`, `fk_action_grid_config_id`, `name`, `dataindex`, `data_column`, `search`, `to_add`, `column_can_update`, `list`, `report`, `type`, `dateFormat`, `allow_blank`, `max_length`, `check_message`, `check_regular`, `text_field_parameters`, `combo_sql`, `serial_number`, `flag_active`, `flag_bak`, `user_type`, `team`, `s_note`, `sql_result`, `is_html`, `default_text`, `cascade_columns`) VALUES ('4028ae316b206590016b210c4bab001a', 'placeUsageDetail', '培训日期', 'limitDate', '', '1', '0', '0', '1', '1', 'TextField', 'yyyy-MM-dd', '1', '50', '', '', NULL, '', '12', '4028809c1d625bcf011d66fd0dda0006', NULL, NULL, '', '', '', NULL, '', NULL);
INSERT INTO `grid_column_config` (`ID`, `fk_action_grid_config_id`, `name`, `dataindex`, `data_column`, `search`, `to_add`, `column_can_update`, `list`, `report`, `type`, `dateFormat`, `allow_blank`, `max_length`, `check_message`, `check_regular`, `text_field_parameters`, `combo_sql`, `serial_number`, `flag_active`, `flag_bak`, `user_type`, `team`, `s_note`, `sql_result`, `is_html`, `default_text`, `cascade_columns`) VALUES ('4028ae316b206590016b210ccbfe001b', 'placeUsageDetail', '地点开始使用时间', 'useStartTime', '', '0', '0', '0', '1', '1', 'text', 'yyyy-MM-dd', '1', '50', '', '', NULL, '', '13', '4028809c1d625bcf011d66fd0dda0006', NULL, NULL, '', '', '', NULL, '', NULL);
INSERT INTO `grid_column_config` (`ID`, `fk_action_grid_config_id`, `name`, `dataindex`, `data_column`, `search`, `to_add`, `column_can_update`, `list`, `report`, `type`, `dateFormat`, `allow_blank`, `max_length`, `check_message`, `check_regular`, `text_field_parameters`, `combo_sql`, `serial_number`, `flag_active`, `flag_bak`, `user_type`, `team`, `s_note`, `sql_result`, `is_html`, `default_text`, `cascade_columns`) VALUES ('4028ae316b206590016b210d268b001c', 'placeUsageDetail', '地点结束使用时间', 'useEndTime', '', '0', '0', '0', '1', '1', 'TextField', 'yyyy-MM-dd', '1', '50', '', '', NULL, '', '14', '4028809c1d625bcf011d66fd0dda0006', NULL, NULL, '', '', '', NULL, '', NULL);
INSERT INTO `grid_column_config` (`ID`, `fk_action_grid_config_id`, `name`, `dataindex`, `data_column`, `search`, `to_add`, `column_can_update`, `list`, `report`, `type`, `dateFormat`, `allow_blank`, `max_length`, `check_message`, `check_regular`, `text_field_parameters`, `combo_sql`, `serial_number`, `flag_active`, `flag_bak`, `user_type`, `team`, `s_note`, `sql_result`, `is_html`, `default_text`, `cascade_columns`) VALUES ('4028ae316b206590016b210d8bb9001d', 'placeUsageDetail', '时间段', 'combobox_courseTime.courseTime', '', '1', '0', '0', '1', '1', 'TextField', 'yyyy-MM-dd', '1', '50', '', '', NULL, '', '15', '4028809c1d625bcf011d66fd0dda0006', NULL, NULL, '', '', '', NULL, '', NULL);
INSERT INTO `grid_menu_config` (`fk_grid_id`, `flag_menu_type`, `flag_integrated_menu_type`, `text`, `show_type`, `column_type`, `must_select_row`, `select_limit`, `data_index`, `null_text`, `show_confirm`, `confirm_text`, `url`, `extra_parameters`, `waiting_msg`, `success_msg`, `error_msg`, `open_mode`, `form_config`, `user_type`, `flag_is_valid`, `serial_number`, `script`, `column_data_index`, `value`, `tips`, `extend_menu_config`) VALUES ('placeUsageDetail', 'd6228e78ff1a11e7ab1d001e671d0be8', NULL, '返回', 'top', 'left', '0', '1', 'id', '', '1', '', NULL, NULL, '', NULL, NULL, '_blank', NULL, NULL, '2', '1', NULL, NULL, NULL, '', '');
INSERT INTO `pe_base_category` (`name`, `code`, `router_name`, `url`, `fk_grid_id`, `flag_isvalid`, `flag_is_system`, `fk_base_category_group`) VALUES ('地点使用情况详情', '', 'placeUsageDetail', '/entity/analyse/placeUsageDetail/abstractGrid', 'placeUsageDetail', '2', '0bc108f54df211e8aac8fcaa140ebf84', '9');
INSERT INTO `pe_pri_category` (`ID`, `NAME`, `FK_PARENT_ID`, `CODE`, `PATH`, `FLAG_LEFT_MENU`, `serial_Number`, `isActive`, `LEVEL`, `fk_grid_id`, `fk_web_site_id`, `icon`, `fk_base_category_id`, `base_id`, `show_in_left_menu`) select '4028ae316b206590016b210fd73d001e', '地点使用情况详情', '4028ae316b206590016b207d77ab000a', NULL, NULL, '1', '0', '1', '4', NULL, '4028ae316a09ee85016a09f4d7640000', NULL, id, '9f361ab02d4949179a629fde31bdc0b9', '0' from pe_base_category where name = '地点使用情况详情';
INSERT INTO `pr_base_category_interface` (`fk_base_category_id`, `fk_interface_id`) select cat.id, inter.id from pe_interface inter inner join pe_base_category cat on cat.name = inter.name where cat.name = '地点使用情况详情';
