INSERT INTO `grid_basic_config` (`id`, `title`, `can_search`, `can_add`, `can_delete`, `can_update`, `can_batch_add`, `can_projections`, `first_search`, `entity_class`, `note`, `list_type`, `dc`, `flag_active`, `flag_bak`, `dateFormat`, `sqlstr`, `statistics`, `s_note`, `update_note`, `is_enum`, `countsql`, `isGroupSql`, `LIST_FUNCTION`, `FLAG_INTE_ACTIVE`, `fk_web_site_id`, `can_checked_all`, `add_mode`, `add_cmp_name`, `fk_chart_id`) VALUES ('peBulletin', '公告列表', '1', '0', '1', '0', '0', '0', '0', 'com.whaty.bean.PeBulletin', NULL, '0', NULL, '4028809c1d625bcf011d66fd0dda0006', NULL, NULL, NULL, NULL, NULL, NULL, NULL, NULL, NULL, NULL, NULL, '4028ae316a09ee85016a09f4d7640000', '1', NULL, NULL, NULL);
INSERT INTO `grid_basic_config` (`id`, `title`, `can_search`, `can_add`, `can_delete`, `can_update`, `can_batch_add`, `can_projections`, `first_search`, `entity_class`, `note`, `list_type`, `dc`, `flag_active`, `flag_bak`, `dateFormat`, `sqlstr`, `statistics`, `s_note`, `update_note`, `is_enum`, `countsql`, `isGroupSql`, `LIST_FUNCTION`, `FLAG_INTE_ACTIVE`, `fk_web_site_id`, `can_checked_all`, `add_mode`, `add_cmp_name`, `fk_chart_id`) VALUES ('peBulletinView', '通知公告', '1', '0', '0', '0', '0', '1', '0', 'com.whaty.bean.PeBulletin', NULL, '0', '', '4028809c1d625bcf011d66fd0dda0006', NULL, NULL, NULL, NULL, NULL, NULL, NULL, NULL, NULL, NULL, NULL, '4028ae316a09ee85016a09f4d7640000', '1', NULL, NULL, NULL);
INSERT INTO `grid_column_config` (`ID`, `fk_action_grid_config_id`, `name`, `dataindex`, `data_column`, `search`, `to_add`, `column_can_update`, `list`, `report`, `type`, `dateFormat`, `allow_blank`, `max_length`, `check_message`, `check_regular`, `text_field_parameters`, `combo_sql`, `serial_number`, `flag_active`, `flag_bak`, `user_type`, `team`, `s_note`, `sql_result`, `is_html`, `default_text`, `cascade_columns`) VALUES ('4028adef62b7702e0162b7b39c6c0000', 'peBulletinView', 'id', 'id', '', '0', '0', '0', '0', '0', 'TextField', NULL, '0', '50', '', '', NULL, '', '0', '4028809c1d625bcf011d66fd0dda0006', NULL, NULL, '', '', '', NULL, NULL, NULL);
INSERT INTO `grid_column_config` (`ID`, `fk_action_grid_config_id`, `name`, `dataindex`, `data_column`, `search`, `to_add`, `column_can_update`, `list`, `report`, `type`, `dateFormat`, `allow_blank`, `max_length`, `check_message`, `check_regular`, `text_field_parameters`, `combo_sql`, `serial_number`, `flag_active`, `flag_bak`, `user_type`, `team`, `s_note`, `sql_result`, `is_html`, `default_text`, `cascade_columns`) VALUES ('4028adef62b7702e0162b7b41aed0001', 'peBulletinView', 'bulletinview.column.title', 'title', '', '1', '0', '0', '1', '1', 'TextField', NULL, '0', '50', '', '', NULL, '', '1', '4028809c1d625bcf011d66fd0dda0006', NULL, NULL, '', '', '', NULL, NULL, NULL);
INSERT INTO `grid_column_config` (`ID`, `fk_action_grid_config_id`, `name`, `dataindex`, `data_column`, `search`, `to_add`, `column_can_update`, `list`, `report`, `type`, `dateFormat`, `allow_blank`, `max_length`, `check_message`, `check_regular`, `text_field_parameters`, `combo_sql`, `serial_number`, `flag_active`, `flag_bak`, `user_type`, `team`, `s_note`, `sql_result`, `is_html`, `default_text`, `cascade_columns`) VALUES ('4028adef62b7702e0162b7b4541d0002', 'peBulletinView', 'bulletinview.column.date', 'publishDate', '', '1', '0', '0', '1', '1', 'TextField', NULL, '0', '50', '', '', NULL, '', '2', '4028809c1d625bcf011d66fd0dda0006', NULL, NULL, '', '', '', NULL, NULL, NULL);
INSERT INTO `grid_column_config` (`ID`, `fk_action_grid_config_id`, `name`, `dataindex`, `data_column`, `search`, `to_add`, `column_can_update`, `list`, `report`, `type`, `dateFormat`, `allow_blank`, `max_length`, `check_message`, `check_regular`, `text_field_parameters`, `combo_sql`, `serial_number`, `flag_active`, `flag_bak`, `user_type`, `team`, `s_note`, `sql_result`, `is_html`, `default_text`, `cascade_columns`) VALUES ('4028adef62b7702e0162b7b495250003', 'peBulletinView', 'bulletinview.column.user', 'ssoUser.loginId', '', '1', '0', '0', '1', '1', 'TextField', NULL, '0', '50', '', '', NULL, '', '3', '4028809c1d625bcf011d66fd0dda0006', NULL, NULL, '', '', '', NULL, NULL, NULL);
INSERT INTO `grid_column_config` (`ID`, `fk_action_grid_config_id`, `name`, `dataindex`, `data_column`, `search`, `to_add`, `column_can_update`, `list`, `report`, `type`, `dateFormat`, `allow_blank`, `max_length`, `check_message`, `check_regular`, `text_field_parameters`, `combo_sql`, `serial_number`, `flag_active`, `flag_bak`, `user_type`, `team`, `s_note`, `sql_result`, `is_html`, `default_text`, `cascade_columns`) VALUES ('4028adef62b7702e0162b7c185720004', 'peBulletin', 'id', 'id', '', '0', '0', '0', '0', '0', 'TextField', NULL, '0', '50', '', '', NULL, '', '0', '4028809c1d625bcf011d66fd0dda0006', NULL, NULL, '', '', '', NULL, NULL, NULL);
INSERT INTO `grid_column_config` (`ID`, `fk_action_grid_config_id`, `name`, `dataindex`, `data_column`, `search`, `to_add`, `column_can_update`, `list`, `report`, `type`, `dateFormat`, `allow_blank`, `max_length`, `check_message`, `check_regular`, `text_field_parameters`, `combo_sql`, `serial_number`, `flag_active`, `flag_bak`, `user_type`, `team`, `s_note`, `sql_result`, `is_html`, `default_text`, `cascade_columns`) VALUES ('4028adef62b7702e0162b7c1cc150005', 'peBulletin', '公告标题', 'title', '', '1', '0', '0', '1', '1', 'TextField', NULL, '0', '50', '', '', NULL, '', '1', '4028809c1d625bcf011d66fd0dda0006', NULL, NULL, '', '', '', NULL, NULL, NULL);
INSERT INTO `grid_column_config` (`ID`, `fk_action_grid_config_id`, `name`, `dataindex`, `data_column`, `search`, `to_add`, `column_can_update`, `list`, `report`, `type`, `dateFormat`, `allow_blank`, `max_length`, `check_message`, `check_regular`, `text_field_parameters`, `combo_sql`, `serial_number`, `flag_active`, `flag_bak`, `user_type`, `team`, `s_note`, `sql_result`, `is_html`, `default_text`, `cascade_columns`) VALUES ('4028adef62b7702e0162b7c2078a0006', 'peBulletin', '是否置顶', 'enumConstByFlagIstop.name', '', '1', '0', '0', '1', '1', 'TextField', NULL, '0', '50', '', '', NULL, '', '2', '4028809c1d625bcf011d66fd0dda0006', NULL, NULL, '', '', '', NULL, NULL, NULL);
INSERT INTO `grid_column_config` (`ID`, `fk_action_grid_config_id`, `name`, `dataindex`, `data_column`, `search`, `to_add`, `column_can_update`, `list`, `report`, `type`, `dateFormat`, `allow_blank`, `max_length`, `check_message`, `check_regular`, `text_field_parameters`, `combo_sql`, `serial_number`, `flag_active`, `flag_bak`, `user_type`, `team`, `s_note`, `sql_result`, `is_html`, `default_text`, `cascade_columns`) VALUES ('4028adef62b7702e0162b7c24cd70007', 'peBulletin', '是否有效', 'enumConstByFlagIsvalid.name', '', '1', '0', '0', '1', '1', 'TextField', NULL, '0', '50', '', '', NULL, '', '3', '4028809c1d625bcf011d66fd0dda0006', NULL, NULL, '', '', '', NULL, NULL, NULL);
INSERT INTO `grid_column_config` (`ID`, `fk_action_grid_config_id`, `name`, `dataindex`, `data_column`, `search`, `to_add`, `column_can_update`, `list`, `report`, `type`, `dateFormat`, `allow_blank`, `max_length`, `check_message`, `check_regular`, `text_field_parameters`, `combo_sql`, `serial_number`, `flag_active`, `flag_bak`, `user_type`, `team`, `s_note`, `sql_result`, `is_html`, `default_text`, `cascade_columns`) VALUES ('4028adef62b7702e0162b7c2c0000008', 'peBulletin', '发布日期', 'publishDate', '', '1', '1', '0', '1', '1', 'TextField', NULL, '0', '50', '', '', NULL, '', '4', '4028809c1d625bcf011d66fd0dda0006', NULL, NULL, '', '', '', NULL, NULL, NULL);
INSERT INTO `grid_column_config` (`ID`, `fk_action_grid_config_id`, `name`, `dataindex`, `data_column`, `search`, `to_add`, `column_can_update`, `list`, `report`, `type`, `dateFormat`, `allow_blank`, `max_length`, `check_message`, `check_regular`, `text_field_parameters`, `combo_sql`, `serial_number`, `flag_active`, `flag_bak`, `user_type`, `team`, `s_note`, `sql_result`, `is_html`, `default_text`, `cascade_columns`) VALUES ('4028adef62b7702e0162b7c2f5000009', 'peBulletin', '发布人', 'ssoUser.loginId', '', '1', '0', '0', '1', '1', 'TextField', NULL, '0', '50', '', '', NULL, '', '5', '4028809c1d625bcf011d66fd0dda0006', NULL, NULL, '', '', '', NULL, NULL, NULL);
INSERT INTO `grid_column_config` (`ID`, `fk_action_grid_config_id`, `name`, `dataindex`, `data_column`, `search`, `to_add`, `column_can_update`, `list`, `report`, `type`, `dateFormat`, `allow_blank`, `max_length`, `check_message`, `check_regular`, `text_field_parameters`, `combo_sql`, `serial_number`, `flag_active`, `flag_bak`, `user_type`, `team`, `s_note`, `sql_result`, `is_html`, `default_text`, `cascade_columns`) VALUES ('4028aec762c2e1db0162c2fc29a70001', 'peBulletin', 'enumConstByFlagIstop.id', 'enumConstByFlagIstop.id', '', '0', '0', '1', '0', '0', 'TextField', NULL, '0', '50', '', '', NULL, '', '6', '4028809c1d625bcf011d66fd0dda0006', NULL, NULL, '', '', '', NULL, NULL, NULL);
INSERT INTO `grid_column_config` (`ID`, `fk_action_grid_config_id`, `name`, `dataindex`, `data_column`, `search`, `to_add`, `column_can_update`, `list`, `report`, `type`, `dateFormat`, `allow_blank`, `max_length`, `check_message`, `check_regular`, `text_field_parameters`, `combo_sql`, `serial_number`, `flag_active`, `flag_bak`, `user_type`, `team`, `s_note`, `sql_result`, `is_html`, `default_text`, `cascade_columns`) VALUES ('4028aec762c2e1db0162c2fc9c3a0002', 'peBulletin', 'enumConstByFlagIsvalid.id', 'enumConstByFlagIsvalid.id', '', '0', '0', '1', '0', '0', 'TextField', NULL, '0', '50', '', '', NULL, '', '7', '4028809c1d625bcf011d66fd0dda0006', NULL, NULL, '', '', '', NULL, NULL, NULL);
INSERT INTO `grid_menu_config` (`id`, `fk_grid_id`, `flag_menu_type`, `flag_integrated_menu_type`, `text`, `show_type`, `column_type`, `must_select_row`, `select_limit`, `data_index`, `null_text`, `show_confirm`, `confirm_text`, `url`, `extra_parameters`, `waiting_msg`, `success_msg`, `error_msg`, `open_mode`, `form_config`, `user_type`, `flag_is_valid`, `serial_number`, `script`, `column_data_index`, `value`, `tips`, `extend_menu_config`) VALUES ('958', 'peBulletinView', 'a92817f1361611e8a37efcaa140ebf84', NULL, '查看详细信息', 'column', 'left', '0', '1', 'id', NULL, '1', NULL, '/entity/information/peBulletinView_viewDetail.action?bean.id=${value}', NULL, NULL, NULL, NULL, '_blank', NULL, NULL, '2', '1', NULL, NULL, NULL, '', '{\"routerName\":\"bulletinDetail\"}');
INSERT INTO `grid_menu_config` (`id`, `fk_grid_id`, `flag_menu_type`, `flag_integrated_menu_type`, `text`, `show_type`, `column_type`, `must_select_row`, `select_limit`, `data_index`, `null_text`, `show_confirm`, `confirm_text`, `url`, `extra_parameters`, `waiting_msg`, `success_msg`, `error_msg`, `open_mode`, `form_config`, `user_type`, `flag_is_valid`, `serial_number`, `script`, `column_data_index`, `value`, `tips`, `extend_menu_config`) VALUES ('960', 'peBulletin', '4b808c1f071c11e89847fcaa140ebf84', NULL, '设置置顶', 'top', 'left', '1', '1', 'id', NULL, '1', NULL, NULL, NULL, NULL, NULL, NULL, '_blank', NULL, NULL, '2', '1', NULL, 'enumConstByFlagIstop.id', '4028826a1e1bcbd0011e1bd94f3d0005', '', '');
INSERT INTO `grid_menu_config` (`id`, `fk_grid_id`, `flag_menu_type`, `flag_integrated_menu_type`, `text`, `show_type`, `column_type`, `must_select_row`, `select_limit`, `data_index`, `null_text`, `show_confirm`, `confirm_text`, `url`, `extra_parameters`, `waiting_msg`, `success_msg`, `error_msg`, `open_mode`, `form_config`, `user_type`, `flag_is_valid`, `serial_number`, `script`, `column_data_index`, `value`, `tips`, `extend_menu_config`) VALUES ('962', 'peBulletin', '4b808c1f071c11e89847fcaa140ebf84', NULL, '取消置顶', 'top', 'left', '1', '1', 'id', NULL, '1', NULL, NULL, NULL, NULL, NULL, NULL, '_blank', NULL, NULL, '2', '2', NULL, 'enumConstByFlagIstop.id', '4028826a1e1bcbd0011e1bd8ab6b0004', '', '');
INSERT INTO `grid_menu_config` (`id`, `fk_grid_id`, `flag_menu_type`, `flag_integrated_menu_type`, `text`, `show_type`, `column_type`, `must_select_row`, `select_limit`, `data_index`, `null_text`, `show_confirm`, `confirm_text`, `url`, `extra_parameters`, `waiting_msg`, `success_msg`, `error_msg`, `open_mode`, `form_config`, `user_type`, `flag_is_valid`, `serial_number`, `script`, `column_data_index`, `value`, `tips`, `extend_menu_config`) VALUES ('963', 'peBulletin', '4b808c1f071c11e89847fcaa140ebf84', NULL, '设为有效', 'top', 'left', '1', '1', 'id', NULL, '1', NULL, NULL, NULL, NULL, NULL, NULL, '_blank', NULL, NULL, '2', '3', NULL, 'enumConstByFlagIsvalid.id', '2', '', '');
INSERT INTO `grid_menu_config` (`id`, `fk_grid_id`, `flag_menu_type`, `flag_integrated_menu_type`, `text`, `show_type`, `column_type`, `must_select_row`, `select_limit`, `data_index`, `null_text`, `show_confirm`, `confirm_text`, `url`, `extra_parameters`, `waiting_msg`, `success_msg`, `error_msg`, `open_mode`, `form_config`, `user_type`, `flag_is_valid`, `serial_number`, `script`, `column_data_index`, `value`, `tips`, `extend_menu_config`) VALUES ('964', 'peBulletin', '4b808c1f071c11e89847fcaa140ebf84', NULL, '设为无效', 'top', 'left', '1', '1', 'id', NULL, '1', NULL, NULL, NULL, NULL, NULL, NULL, '_blank', NULL, NULL, '2', '4', NULL, 'enumConstByFlagIsvalid.id', '3', '', '');
INSERT INTO `grid_menu_config` (`id`, `fk_grid_id`, `flag_menu_type`, `flag_integrated_menu_type`, `text`, `show_type`, `column_type`, `must_select_row`, `select_limit`, `data_index`, `null_text`, `show_confirm`, `confirm_text`, `url`, `extra_parameters`, `waiting_msg`, `success_msg`, `error_msg`, `open_mode`, `form_config`, `user_type`, `flag_is_valid`, `serial_number`, `script`, `column_data_index`, `value`, `tips`, `extend_menu_config`) VALUES ('1232', 'peBulletin', NULL, '030ebfea479b11e89697fcaa140ebf84', '删除', '', 'left', '0', '0', '', NULL, NULL, NULL, NULL, NULL, NULL, NULL, NULL, NULL, NULL, NULL, '2', '3', NULL, NULL, NULL, NULL, NULL);
INSERT INTO `grid_menu_config` (`id`, `fk_grid_id`, `flag_menu_type`, `flag_integrated_menu_type`, `text`, `show_type`, `column_type`, `must_select_row`, `select_limit`, `data_index`, `null_text`, `show_confirm`, `confirm_text`, `url`, `extra_parameters`, `waiting_msg`, `success_msg`, `error_msg`, `open_mode`, `form_config`, `user_type`, `flag_is_valid`, `serial_number`, `script`, `column_data_index`, `value`, `tips`, `extend_menu_config`) VALUES ('9271', 'peBulletin', NULL, 'fc43396e479a11e89697fcaa140ebf84', '修改', '', '', '0', '0', '', NULL, NULL, NULL, NULL, NULL, NULL, NULL, NULL, NULL, NULL, NULL, '2', '2', NULL, NULL, NULL, NULL, NULL);
INSERT INTO `grid_menu_config` (`id`, `fk_grid_id`, `flag_menu_type`, `flag_integrated_menu_type`, `text`, `show_type`, `column_type`, `must_select_row`, `select_limit`, `data_index`, `null_text`, `show_confirm`, `confirm_text`, `url`, `extra_parameters`, `waiting_msg`, `success_msg`, `error_msg`, `open_mode`, `form_config`, `user_type`, `flag_is_valid`, `serial_number`, `script`, `column_data_index`, `value`, `tips`, `extend_menu_config`) VALUES ('9272', 'peBulletin', NULL, 'd54b3e85479a11e89697fcaa140ebf84', '添加', '', '', '0', '0', '', NULL, NULL, NULL, NULL, NULL, NULL, NULL, NULL, NULL, NULL, NULL, '3', '1', NULL, NULL, NULL, NULL, NULL);
INSERT INTO `pe_base_category_group` (`name`, `code`) VALUES ('默认分类', '12');
INSERT INTO `pe_interface` (`name`, `url`, `method`, `flag_isvalid`) VALUES ('公告列表', '/entity/information/peBulletin/**', NULL, '2');
INSERT INTO `pe_interface` (`name`, `url`, `method`, `flag_isvalid`) VALUES ('通知公告', '/entity/information/peBulletinView/**', NULL, '2');
INSERT INTO `pe_base_category` (`name`, `code`, `router_name`, `url`, `fk_grid_id`, `flag_isvalid`, `flag_is_system`, `fk_base_category_group`) VALUES ('公告列表', 'grid-bulletin', NULL, '/entity/information/peBulletin/abstractGrid', 'peBulletin', '2', '0bc108f54df211e8aac8fcaa140ebf84', '12');
INSERT INTO `pe_base_category` (`name`, `code`, `router_name`, `url`, `fk_grid_id`, `flag_isvalid`, `flag_is_system`, `fk_base_category_group`) VALUES ('通知公告', NULL, NULL, '/entity/information/peBulletinView/abstractGrid', 'peBulletinView', '2', '0bc108f54df211e8aac8fcaa140ebf84', '12');
INSERT INTO `pe_base_category` (`name`, `code`, `router_name`, `url`, `fk_grid_id`, `flag_isvalid`, `flag_is_system`, `fk_base_category_group`) VALUES ('添加公告', NULL, NULL, '/entity/information/peBulletin_showAddNotice.action', NULL, '2', '0bc108f54df211e8aac8fcaa140ebf84', '12');
INSERT INTO `pe_base_category` (`name`, `code`, `router_name`, `url`, `fk_grid_id`, `flag_isvalid`, `flag_is_system`, `fk_base_category_group`) VALUES ('通知公告详情', 'bulletin-detail', 'bulletinDetail', '', NULL, '2', '058cfaf74df211e8aac8fcaa140ebf84', '12');
INSERT INTO `pe_base_category` (`name`, `code`, `router_name`, `url`, `fk_grid_id`, `flag_isvalid`, `flag_is_system`, `fk_base_category_group`) VALUES ('添加公告单页面', 'bulletin-manage', 'bulletinManage', '', NULL, '2', '058cfaf74df211e8aac8fcaa140ebf84', '12');
INSERT INTO `pe_pri_category` (`ID`, `NAME`, `FK_PARENT_ID`, `CODE`, `PATH`, `FLAG_LEFT_MENU`, `serial_Number`, `isActive`, `LEVEL`, `fk_grid_id`, `fk_web_site_id`, `icon`, `fk_base_category_id`, `base_id`, `show_in_left_menu`) VALUES ('1', '平台及信息操作', NULL, NULL, '', '0', '1', '1', '1', NULL, '4028ae316a09ee85016a09f4d7640000', 'icon-tree-data-stroke', NULL, 'e673c91f-78e3-11e8-9e1d-fcaa140ebf84', '1');
INSERT INTO `pe_pri_category` (`ID`, `NAME`, `FK_PARENT_ID`, `CODE`, `PATH`, `FLAG_LEFT_MENU`, `serial_Number`, `isActive`, `LEVEL`, `fk_grid_id`, `fk_web_site_id`, `icon`, `fk_base_category_id`, `base_id`, `show_in_left_menu`) select '1001', '通知公告', '1', NULL, NULL, '1', '1', '1', '2', NULL, '4028ae316a09ee85016a09f4d7640000', NULL, id, 'e673cdb4-78e3-11e8-9e1d-fcaa140ebf84', '1' from pe_base_category where name = '通知公告';
INSERT INTO `pe_pri_category` (`ID`, `NAME`, `FK_PARENT_ID`, `CODE`, `PATH`, `FLAG_LEFT_MENU`, `serial_Number`, `isActive`, `LEVEL`, `fk_grid_id`, `fk_web_site_id`, `icon`, `fk_base_category_id`, `base_id`, `show_in_left_menu`) VALUES ('1006', '公告管理', '1', NULL, NULL, '0', '2', '1', '2', NULL, '4028ae316a09ee85016a09f4d7640000', NULL, NULL, 'e673d3f8-78e3-11e8-9e1d-fcaa140ebf84', '1');
INSERT INTO `pe_pri_category` (`ID`, `NAME`, `FK_PARENT_ID`, `CODE`, `PATH`, `FLAG_LEFT_MENU`, `serial_Number`, `isActive`, `LEVEL`, `fk_grid_id`, `fk_web_site_id`, `icon`, `fk_base_category_id`, `base_id`, `show_in_left_menu`) select '100601', '添加公告', '1006', NULL, '', '1', '0', '1', '3', NULL, '4028ae316a09ee85016a09f4d7640000', NULL, id, 'e673d5d1-78e3-11e8-9e1d-fcaa140ebf84', '1' from pe_base_category where name = '添加公告单页面';
INSERT INTO `pe_pri_category` (`ID`, `NAME`, `FK_PARENT_ID`, `CODE`, `PATH`, `FLAG_LEFT_MENU`, `serial_Number`, `isActive`, `LEVEL`, `fk_grid_id`, `fk_web_site_id`, `icon`, `fk_base_category_id`, `base_id`, `show_in_left_menu`) select '100602', '公告列表', '1006', NULL, NULL, '1', '1', '1', '3', NULL, '4028ae316a09ee85016a09f4d7640000', NULL, id, 'e673d7b6-78e3-11e8-9e1d-fcaa140ebf84', '1' from pe_base_category where name = '公告列表';
INSERT INTO `pe_pri_category` (`ID`, `NAME`, `FK_PARENT_ID`, `CODE`, `PATH`, `FLAG_LEFT_MENU`, `serial_Number`, `isActive`, `LEVEL`, `fk_grid_id`, `fk_web_site_id`, `icon`, `fk_base_category_id`, `base_id`, `show_in_left_menu`) select 'ff8080816620911e016623117f680000', '通知公告详情', '100602', NULL, NULL, '1', '0', '1', '4', NULL, '4028ae316a09ee85016a09f4d7640000', NULL, id, '95365a068eb644e591d7d3ed12f7d5bc', '0' from pe_base_category where name = '通知公告详情';
INSERT INTO `pe_pri_category` (`ID`, `NAME`, `FK_PARENT_ID`, `CODE`, `PATH`, `FLAG_LEFT_MENU`, `serial_Number`, `isActive`, `LEVEL`, `fk_grid_id`, `fk_web_site_id`, `icon`, `fk_base_category_id`, `base_id`, `show_in_left_menu`) select 'ff80808166b061900166bd7c2cc20000', '修改公告', '100602', NULL, NULL, '1', '1', '1', '4', NULL, '4028ae316a09ee85016a09f4d7640000', NULL, id, '5c91e46e57de47618b24efbde32cdad4', '0' from pe_base_category where name = '添加公告单页面';
INSERT INTO `pe_pri_category` (`ID`, `NAME`, `FK_PARENT_ID`, `CODE`, `PATH`, `FLAG_LEFT_MENU`, `serial_Number`, `isActive`, `LEVEL`, `fk_grid_id`, `fk_web_site_id`, `icon`, `fk_base_category_id`, `base_id`, `show_in_left_menu`) select 'ff80808166ee31470166f22e33b00096', '通知公告详情', '1001', NULL, NULL, '1', '0', '1', '3', NULL, '4028ae316a09ee85016a09f4d7640000', NULL, id, '0de4f8bbd29d43ab8dd8dfeefa4973e8', '0' from pe_base_category where name = '通知公告详情';
INSERT INTO `pr_base_category_interface` (`fk_base_category_id`, `fk_interface_id`) select cat.id, inter.id from pe_interface inter,pe_base_category cat where cat.name = '公告列表' and inter.name = '公告列表';
INSERT INTO `pr_base_category_interface` (`fk_base_category_id`, `fk_interface_id`) select cat.id, inter.id from pe_interface inter,pe_base_category cat where cat.name = '通知公告' and inter.name = '通知公告';
INSERT INTO `pr_base_category_interface` (`fk_base_category_id`, `fk_interface_id`) select cat.id, inter.id from pe_interface inter,pe_base_category cat where cat.name = '添加公告单页面' and inter.name = '通知公告';
UPDATE `pe_pri_category` SET `ID`='1', `NAME`='平台及信息操作', `FK_PARENT_ID`=NULL, `CODE`=NULL, `PATH`='', `FLAG_LEFT_MENU`='0', `serial_Number`='2', `isActive`='1', `LEVEL`='1', `fk_grid_id`=NULL, `fk_web_site_id`='4028ae316a09ee85016a09f4d7640000', `icon`='icon-tree-data-stroke', `fk_base_category_id`=NULL, `base_id`='e673c91f-78e3-11e8-9e1d-fcaa140ebf84', `show_in_left_menu`='1' WHERE (`ID`='1');
UPDATE `pe_pri_category` SET `ID`='4028ae316a0b55f9016a0b60fd6f001c', `NAME`='系统高级设置', `FK_PARENT_ID`=NULL, `CODE`=NULL, `PATH`='', `FLAG_LEFT_MENU`='0', `serial_Number`='1', `isActive`='1', `LEVEL`='1', `fk_grid_id`=NULL, `fk_web_site_id`='4028ae316a09ee85016a09f4d7640000', `icon`='icon-freeze-stroke', `fk_base_category_id`=NULL, `base_id`='e05ac772280240ab81fcc756918ad6c6', `show_in_left_menu`='1' WHERE (`ID`='4028ae316a0b55f9016a0b60fd6f001c');
UPDATE `pe_pri_category` SET `ID`='4028ae316a10bdef016a10c62ac60009', `NAME`='资源管理', `FK_PARENT_ID`=NULL, `CODE`=NULL, `PATH`='', `FLAG_LEFT_MENU`='0', `serial_Number`='3', `isActive`='1', `LEVEL`='1', `fk_grid_id`=NULL, `fk_web_site_id`='4028ae316a09ee85016a09f4d7640000', `icon`='icon-tree-files-stroke', `fk_base_category_id`=NULL, `base_id`='ced7a206da43491090b4d1d08f07bcf6', `show_in_left_menu`='1' WHERE (`ID`='4028ae316a10bdef016a10c62ac60009');
UPDATE `pe_pri_category` SET `ID`='4028ae316a53d5c1016a53f5c7ab00e6', `NAME`='培训项目管理', `FK_PARENT_ID`=NULL, `CODE`=NULL, `PATH`='', `FLAG_LEFT_MENU`='0', `serial_Number`='4', `isActive`='1', `LEVEL`='1', `fk_grid_id`=NULL, `fk_web_site_id`='4028ae316a09ee85016a09f4d7640000', `icon`='icon-tree-data-stroke', `fk_base_category_id`=NULL, `base_id`='3c969f67d9bb470fb981fde0825c3d21', `show_in_left_menu`='1' WHERE (`ID`='4028ae316a53d5c1016a53f5c7ab00e6');
UPDATE `pe_pri_category` SET `ID`='4028ae316a66b5f8016a66c3d41c0003', `NAME`='培训班管理', `FK_PARENT_ID`=NULL, `CODE`=NULL, `PATH`='', `FLAG_LEFT_MENU`='0', `serial_Number`='5', `isActive`='1', `LEVEL`='1', `fk_grid_id`=NULL, `fk_web_site_id`='4028ae316a09ee85016a09f4d7640000', `icon`='icon-tree-teaching-stroke', `fk_base_category_id`=NULL, `base_id`='3c3d134cc7384d90837fa589afd4a865', `show_in_left_menu`='1' WHERE (`ID`='4028ae316a66b5f8016a66c3d41c0003');
UPDATE `pe_pri_category` SET `ID`='4028ae316a6c3171016a6c4f222b0027', `NAME`='结业管理', `FK_PARENT_ID`=NULL, `CODE`=NULL, `PATH`='', `FLAG_LEFT_MENU`='0', `serial_Number`='6', `isActive`='1', `LEVEL`='1', `fk_grid_id`=NULL, `fk_web_site_id`='4028ae316a09ee85016a09f4d7640000', `icon`='icon-tree-student-stroke', `fk_base_category_id`=NULL, `base_id`='132d6966cfde404e94e4697ceb679009', `show_in_left_menu`='1' WHERE (`ID`='4028ae316a6c3171016a6c4f222b0027');
UPDATE `pe_pri_category` SET `ID`='4028ae316a6d4370016a6d5c58ea0042', `NAME`='财务管理', `FK_PARENT_ID`=NULL, `CODE`=NULL, `PATH`='', `FLAG_LEFT_MENU`='0', `serial_Number`='7', `isActive`='1', `LEVEL`='1', `fk_grid_id`=NULL, `fk_web_site_id`='4028ae316a09ee85016a09f4d7640000', `icon`='icon-tree-data-stroke', `fk_base_category_id`=NULL, `base_id`='eba4a1be74c9419e86c4913f750b00ec', `show_in_left_menu`='1' WHERE (`ID`='4028ae316a6d4370016a6d5c58ea0042');
UPDATE `pe_pri_category` SET `ID`='4028ae316a871b04016a87242bf70005', `NAME`='审核流程管理', `FK_PARENT_ID`=NULL, `CODE`=NULL, `PATH`=NULL, `FLAG_LEFT_MENU`='0', `serial_Number`='12', `isActive`='1', `LEVEL`='1', `fk_grid_id`=NULL, `fk_web_site_id`='4028ae316a09ee85016a09f4d7640000', `icon`=NULL, `fk_base_category_id`=NULL, `base_id`='3042daa68e1d4ae4a57bc2cc53b7d35a', `show_in_left_menu`='1' WHERE (`ID`='4028ae316a871b04016a87242bf70005');
UPDATE `pe_pri_category` SET `ID`='4028ae316b203482016b206476b80010', `NAME`='统计分析', `FK_PARENT_ID`=NULL, `CODE`=NULL, `PATH`=NULL, `FLAG_LEFT_MENU`='0', `serial_Number`='8', `isActive`='1', `LEVEL`='1', `fk_grid_id`=NULL, `fk_web_site_id`='4028ae316a09ee85016a09f4d7640000', `icon`=NULL, `fk_base_category_id`=NULL, `base_id`='62a3c7705f594e7cae2fa4996af9d0fc', `show_in_left_menu`='1' WHERE (`ID`='4028ae316b203482016b206476b80010');
UPDATE `pe_pri_category` SET `ID`='4028aec76b357628016b40269952002e', `NAME`='社会项目报名管理', `FK_PARENT_ID`=NULL, `CODE`=NULL, `PATH`=NULL, `FLAG_LEFT_MENU`='0', `serial_Number`='9', `isActive`='1', `LEVEL`='1', `fk_grid_id`=NULL, `fk_web_site_id`='4028ae316a09ee85016a09f4d7640000', `icon`=NULL, `fk_base_category_id`=NULL, `base_id`='469e96525bdb4b03afc7b7cb83b31f5c', `show_in_left_menu`='1' WHERE (`ID`='4028aec76b357628016b40269952002e');
UPDATE `pe_pri_category` SET `ID`='4028aec76b4976b8016b499f86a20000', `NAME`='综合评价管理', `FK_PARENT_ID`=NULL, `CODE`=NULL, `PATH`=NULL, `FLAG_LEFT_MENU`='0', `serial_Number`='10', `isActive`='1', `LEVEL`='1', `fk_grid_id`=NULL, `fk_web_site_id`='4028ae316a09ee85016a09f4d7640000', `icon`=NULL, `fk_base_category_id`=NULL, `base_id`='11c41bbb03ad4e269aa7320126d0d53a', `show_in_left_menu`='1' WHERE (`ID`='4028aec76b4976b8016b499f86a20000');
UPDATE `pe_pri_category` SET `ID`='4028aed86ad45c29016ad47642490002', `NAME`='工作空间', `FK_PARENT_ID`=NULL, `CODE`=NULL, `PATH`=NULL, `FLAG_LEFT_MENU`='0', `serial_Number`='11', `isActive`='1', `LEVEL`='1', `fk_grid_id`=NULL, `fk_web_site_id`='4028ae316a09ee85016a09f4d7640000', `icon`='icon-book-stroke', `fk_base_category_id`=NULL, `base_id`='94413c7fd272411c87c6294242f521b9', `show_in_left_menu`='1' WHERE (`ID`='4028aed86ad45c29016ad47642490002');
