
SET FOREIGN_KEY_CHECKS=0;

INSERT INTO `grid_basic_config` (`id`, `title`, `can_search`, `can_add`, `can_delete`, `can_update`, `can_batch_add`, `can_projections`, `first_search`, `entity_class`, `note`, `list_type`, `dc`, `flag_active`, `flag_bak`, `dateFormat`, `sqlstr`, `statistics`, `s_note`, `update_note`, `is_enum`, `countsql`, `isGroupSql`, `LIST_FUNCTION`, `FLAG_INTE_ACTIVE`, `fk_web_site_id`, `can_checked_all`, `add_mode`, `add_cmp_name`, `fk_chart_id`) VALUES ('classActivityGrid', '班级活动详情', '0', NULL, NULL, NULL, NULL, '0', '0', NULL, NULL, '1', NULL, '4028809c1d625bcf011d66fd0dda0006', NULL, NULL, 'SELECT\n	cs.id AS id,\n	concat(\n		cs.sign_date,\n		\' \',\n		cs.start_time,\n		\'-\',\n		cs.end_time\n	) AS signTime,\n	count(stu.id) AS willReach,\n	count(css.id) - sum(IF(iob. CODE = \'1\', 1, 0)) AS reached,\n	sum(IF(iob. CODE = \'1\', 1, 0)) AS onBehalf,\n	count(stu.id) - count(css.id) AS noReach,\n	sum(IF(ila. CODE = \'1\', 1, 0)) AS isLate,\n	sum(IF(ile. CODE = \'1\', 1, 0)) AS isLeaveEarly,\n	sum(IF(isc. CODE = \'1\', 1, 0)) AS isCribbing\nFROM\n	class_sign cs\nINNER JOIN pe_class c ON c.id = cs.fk_class_id\nINNER JOIN pe_student stu ON stu.fk_class_id = c.id\nLEFT JOIN class_sign_student css ON css.fk_class_sign_id = cs.id\nAND css.fk_student_id = stu.id\nLEFT JOIN enum_const ila ON ila.id = css.flag_is_late\nLEFT JOIN enum_const isc ON isc.id = css.flag_is_cribbing\nLEFT JOIN enum_const ile ON ile.id = css.flag_leave_early\nLEFT JOIN enum_const iob ON iob.id = css.flag_is_on_behalf\nWHERE\n	[parentId|c.id]\nAND [peUnit|c.fk_unit_id]\nGROUP BY\n	cs.id', NULL, NULL, NULL, NULL, NULL, NULL, '0', NULL, '4028ae316a09ee85016a09f4d7640000', '0', 'dialog', NULL, NULL);
INSERT INTO `grid_basic_config` (`id`, `title`, `can_search`, `can_add`, `can_delete`, `can_update`, `can_batch_add`, `can_projections`, `first_search`, `entity_class`, `note`, `list_type`, `dc`, `flag_active`, `flag_bak`, `dateFormat`, `sqlstr`, `statistics`, `s_note`, `update_note`, `is_enum`, `countsql`, `isGroupSql`, `LIST_FUNCTION`, `FLAG_INTE_ACTIVE`, `fk_web_site_id`, `can_checked_all`, `add_mode`, `add_cmp_name`, `fk_chart_id`) VALUES ('classAnalyse-classPieDetail', '带班统计详情-带班统计', '0', NULL, NULL, NULL, NULL, '0', '0', NULL, NULL, '1', NULL, '4028809c1d625bcf011d66fd0dda0006', NULL, NULL, 'SELECT \n	c.unitId AS unitId,\n	c.unitName AS unitName,\n        c.classTotalNum AS classTotalNum,\n	c.expectedOpenClassNum AS expectedOpenClassNum,\n        c.trainingClassNum AS trainingClassNum,\n	c.endedClassNum AS endedClassNum,\n	c.studentTotalNum AS studentTotalNum,\n	c.evaluateTotalNum AS evaluateTotalNumOfEndedClass,\n	c.aCount AS excellentEvaluateTotalNumOfEndedClass,\n	c.dCount AS badEvaluateTotalNumOfEndedClass,\n	IFNULL(CONCAT(ROUND(c.evaluateTotalNum/c.studentTotalNumOfEndedClass*100,2),\'%\'),\'0.00%\') as evaluateRateOfEndedClass,\n	IFNULL(CONCAT(ROUND(c.aCount/c.evaluateTotalNum*100,2),\'%\'),\'0.00%\') as excellentEvaluateRateOfEndedClass, \n	IFNULL(CONCAT(ROUND(c.dCount/c.evaluateTotalNum*100,2),\'%\'),\'0.00%\') as badEvaluateRateOfEndedClass \nFROM (\n	SELECT \n		unit.id AS unitId,\n		unit. NAME AS unitName,\n                COUNT(DISTINCT cl.id) AS classTotalNum,\n		COUNT(DISTINCT IF(DATEDIFF(cl.start_time, NOW()) >= 0,cl.id,NULL)) AS expectedOpenClassNum, -- 未开始\n		COUNT(DISTINCT IF(DATEDIFF(cl.start_time, NOW()) < 0 & DATEDIFF(cl.end_time, NOW()) > 0,cl.id,NULL)) AS trainingClassNum, -- 进行中\n		COUNT(DISTINCT IF(DATEDIFF(cl.end_time, NOW()) < 0,cl.id,NULL)) AS endedClassNum, -- 已结束\n		COUNT(DISTINCT stu.id) AS studentTotalNum, -- 学员数\n                COUNT(DISTINCT IF(DATEDIFF(cl.end_time, NOW()) < 0,stu.id,NULL)) AS studentTotalNumOfEndedClass,\n		COUNT(DISTINCT IF(DATEDIFF(cl.end_time, NOW()) < 0 & oe.answerCode IS NOT NULL,oe.oeaId,NULL)) as evaluateTotalNum, \n		COUNT(DISTINCT IF(DATEDIFF(cl.end_time, NOW()) < 0 & oe.answerCode=\'0\',oe.oeaId,NULL)) AS dCount,\n		COUNT(DISTINCT IF(DATEDIFF(cl.end_time, NOW()) < 0 & oe.answerCode=\'1\',oe.oeaId,NULL)) AS cCount, \n		COUNT(DISTINCT IF(DATEDIFF(cl.end_time, NOW()) < 0 & oe.answerCode=\'2\',oe.oeaId,NULL)) AS bCount,\n		COUNT(DISTINCT IF(DATEDIFF(cl.end_time, NOW()) < 0 & oe.answerCode=\'3\',oe.oeaId,NULL)) AS aCount \n	FROM \n		pe_manager pm\n	INNER JOIN pe_unit unit ON unit.id = pm.fk_unit_id \n	INNER JOIN pe_class cl ON unit.id = cl.fk_unit_id AND cl.fk_class_master_id = pm.id \n	LEFT JOIN pe_student stu ON stu.fk_class_id = cl.id \n	LEFT JOIN (\n		SELECT oea.fk_sso_user_id AS ssoUserId,ao.code AS answerCode,oea.id AS oeaId\n		FROM overall_evaluate oe\n		INNER JOIN enum_const va ON va. CODE = \'1\' AND oe.flag_isvalid = va.id  \n		INNER JOIN overall_evaluate_option oeo ON oeo.fk_evaluate_id = oe.id\n		INNER JOIN enum_const ot ON ot.code=\'2\' AND oeo.flag_option_type = ot.id \n		INNER JOIN enum_const qt ON qt.code=\'1\' AND oeo.flag_question_type = qt.id  \n		LEFT JOIN overall_evaluate_answer oea ON oea.fk_option_id = oeo.id\n		INNER JOIN enum_const ao ON ao.id = oea.answer \n		WHERE	oe.site_code = \'${siteCode}\' \n	) oe ON oe.ssoUserId = stu.fk_sso_user_id\n	WHERE \n                         [analyse_dateLimit|cl.create_date]\n		AND [unit|cl.fk_unit_id]\n		AND [peUnit|cl.fk_unit_id]\n		AND pm.site_code = \'${siteCode}\' \n	GROUP BY unit.id \n )  c', NULL, NULL, NULL, NULL, NULL, NULL, '0', NULL, '4028ae316a09ee85016a09f4d7640000', '0', 'dialog', NULL, NULL);
INSERT INTO `grid_basic_config` (`id`, `title`, `can_search`, `can_add`, `can_delete`, `can_update`, `can_batch_add`, `can_projections`, `first_search`, `entity_class`, `note`, `list_type`, `dc`, `flag_active`, `flag_bak`, `dateFormat`, `sqlstr`, `statistics`, `s_note`, `update_note`, `is_enum`, `countsql`, `isGroupSql`, `LIST_FUNCTION`, `FLAG_INTE_ACTIVE`, `fk_web_site_id`, `can_checked_all`, `add_mode`, `add_cmp_name`, `fk_chart_id`) VALUES ('classAnalyse_classDetailAnalyse', '班级统计-班级详情列表-进行中', '0', NULL, NULL, NULL, NULL, '0', '0', NULL, NULL, '1', NULL, '4028809c1d625bcf011d66fd0dda0006', NULL, NULL, 'SELECT\n	c.id as id,\n	c.name as `className`,\n	m.true_name as classMaster,\n	ifnull(studentNum, 0) as studentNum,\n	ifnull(courseNum, 0) as courseNum,\n	ifnull(attachNum, 0) as attachNum,\n	ifnull(signNum, 0) as signNum,\n	ifnull(homeworkNum, 0) as homeworkNum,\n	ifnull(voteNum, 0) as voteNum,\n	ifnull(questionNum, 0) as questionNum,\n	date_format(c.end_time, \'%Y年%m月%d日\') as endTime\nFROM\n	pe_class c\nINNER JOIN pe_manager m on m.id = c.fk_class_master_id\nLEFT JOIN (\n	SELECT\n		c.id AS id,\n		count(af.id) AS attachNum\n	FROM\n		pe_class c\n	INNER JOIN attach_file af ON af.link_id = c.id\n	WHERE\n		[unit|c.fk_unit_id]\n	AND [peUnit |c.fk_unit_id]\n	AND c.site_code = \'${siteCode}\'\n	AND [analyse_dateLimit|c.create_date]\n        AND [className_like|c.name]\n        AND c.end_time >= now() AND c.start_time <= now()\n        GROUP BY c.id\n) af ON af.id = c.id\nLEFT JOIN (\n	SELECT\n		c.id AS id,\n		count(stu.id) AS studentNum\n	FROM\n		pe_student stu\n	INNER JOIN pe_class c ON c.id = stu.fk_class_id\n	WHERE\n		[unit|c.fk_unit_id]\n	AND [peUnit|c.fk_unit_id]\n	AND c.site_code = \'${siteCode}\' \n	AND [analyse_dateLimit|c.create_date]\n        AND [className_like|c.name]\n        AND c.end_time >= now() AND c.start_time <= now()\n        GROUP BY c.id\n) stu ON stu.id = c.id\nLEFT JOIN (\n	SELECT\n		c.id AS id,\n		count(cc.id) AS courseNum\n	FROM\n		class_course cc\n	INNER JOIN pe_class c ON c.id = cc.fk_class_id\n	WHERE\n		[unit|c.fk_unit_id]\n	AND [peUnit|c.fk_unit_id]\n	AND c.site_code = \'${siteCode}\' \n	AND [analyse_dateLimit|c.create_date]\n        AND [className_like|c.name]\n        AND c.end_time >= now() AND c.start_time <= now()\n        GROUP BY c.id\n) cc ON cc.id = c.id\nLEFT JOIN (\n	SELECT\n		c.id AS id,\n		count(cs.id) AS signNum\n	FROM\n		class_sign cs\n	INNER JOIN pe_class c ON c.id = cs.fk_class_id\n	WHERE\n		c.site_code = \'${siteCode}\'\n	AND [unit|c.fk_unit_id]\n	AND [peUnit|c.fk_unit_id]\n	AND [analyse_dateLimit|c.create_date]\n        AND [className_like|c.name]\n        AND c.end_time >= now() AND c.start_time <= now()\n        GROUP BY c.id\n) cs ON cs.id = c.id\nLEFT JOIN (\n	SELECT\n		c.id AS id,\n		count(hg.id) AS homeworkNum\n	FROM\n		homework_group AS hg\n	INNER JOIN pe_class c ON c.id = hg.item_id\n	WHERE\n		c.site_code = \'${siteCode}\'\n	AND [unit|c.fk_unit_id]\n	AND [peUnit|c.fk_unit_id]\n	AND is_delete = \'0\' \n	AND [analyse_dateLimit|c.create_date]\n        AND [className_like|c.name]\n        AND c.end_time >= now() AND c.start_time <= now()\n        GROUP BY c.id\n) hg ON hg.id = c.id\nLEFT JOIN (\n	SELECT\n		c.id AS id,\n		sum(IF(ty. CODE = \'1\', 1, 0)) AS questionNum,\n		sum(IF(ty. CODE = \'2\', 1, 0)) AS voteNum\n	FROM\n		questionnaire_group g\n	INNER JOIN pe_class c ON c.id = g.item_id\n	INNER JOIN enum_const ty ON ty.id = g.flag_questionnaire_group_type\n	INNER JOIN enum_const pub ON pub.id = g.flag_is_publish\n	WHERE\n		pub. CODE = \'1\'\n	AND g.is_delete = \'0\'\n	AND c.site_code = \'${siteCode}\'\n	AND [unit|c.fk_unit_id]\n	AND [peUnit|c.fk_unit_id]\n	AND [analyse_dateLimit|c.create_date]\n        AND [className_like|c.name]\n        AND c.end_time >= now() AND c.start_time <= now()\n        GROUP BY c.id\n) g ON g.id = c.id\nWHERE\n	[unit|c.fk_unit_id]\nAND [peUnit|c.fk_unit_id]\nAND c.site_code = \'${siteCode}\'\nAND [analyse_dateLimit|c.create_date]\nAND [className_like|c.name]\nAND c.end_time >= now() AND c.start_time <= now()', NULL, NULL, NULL, NULL, NULL, NULL, '0', NULL, '4028ae316a09ee85016a09f4d7640000', '0', 'dialog', NULL, NULL);
INSERT INTO `grid_basic_config` (`id`, `title`, `can_search`, `can_add`, `can_delete`, `can_update`, `can_batch_add`, `can_projections`, `first_search`, `entity_class`, `note`, `list_type`, `dc`, `flag_active`, `flag_bak`, `dateFormat`, `sqlstr`, `statistics`, `s_note`, `update_note`, `is_enum`, `countsql`, `isGroupSql`, `LIST_FUNCTION`, `FLAG_INTE_ACTIVE`, `fk_web_site_id`, `can_checked_all`, `add_mode`, `add_cmp_name`, `fk_chart_id`) VALUES ('classAnalyse_classDetailAnalyse_isEnd', '班级统计-班级详情统计-已结束', '0', NULL, NULL, NULL, NULL, '0', '0', NULL, NULL, '1', NULL, '4028809c1d625bcf011d66fd0dda0006', NULL, NULL, 'SELECT\n	c.id AS id,\n	c. NAME AS className,\n        m.true_name as classMasterName,\n	ifnull(\n		oeo.`group` + oeo.classMaster + oeo.rearService + cou.course,\n		0\n	) AS total,\n	ifnull(oeo.`group`, 0) AS `group`,\n	ifnull(oeo.classMaster, 0) AS classMaster,\n	ifnull(oeo.rearService, 0) AS rearService,\n	ifnull(cou.course, 0) AS course,\n	stu.studentNumber AS studentNumber,\n	ifnull(cs.signCount, 0) as signCount,\n	concat(round(ifnull(cs.signNumber, 0) / (stu.studentNumber * ifnull(cs.signCount, 1)) * 100, 2), \'%\') as signRate\nFROM\n	pe_class c\nINNER JOIN pe_manager m on m.id = c.fk_class_master_id\nLEFT JOIN (\n	SELECT\n		cl.id AS id,\n		round(\n			sum(ao. CODE + 1) / count(DISTINCT stu.id),\n			1\n		) AS `course`\n	FROM\n		overall_evaluate_answer oea\n	INNER JOIN pe_course c ON c.id = oea.rel_id\n	INNER JOIN enum_const ao ON ao.id = oea.answer_id\n	INNER JOIN pe_Student stu ON stu.fk_sso_user_id = oea.fk_sso_user_id\n	INNER JOIN pe_class cl ON cl.id = stu.fk_class_id\n	WHERE\n		[analyse_dateLimit|c.create_date]\n	AND [unit|cl.fk_unit_id]\n	AND [peUnit|cl.fk_unit_id]\n	AND cl .site_code = \'${siteCode}\'\n        AND cl .end_time < now()\n	GROUP BY\n		cl.id\n) cou ON cou.id = c.id\nLEFT JOIN (\n	SELECT\n		c.id AS id,\n		round(\n			sum(\n\n				IF (ot. CODE = \'1\', ao. CODE + 1, 0)\n			) / count(DISTINCT stu.id),\n			1\n		) AS `group`,\n		round(\n			sum(\n\n				IF (ot. CODE = \'2\', ao. CODE + 1, 0)\n			) / count(DISTINCT stu.id),\n			1\n		) AS `classMaster`,\n		round(\n			sum(\n\n				IF (ot. CODE = \'3\', ao. CODE + 1, 0)\n			) / count(DISTINCT stu.id),\n			1\n		) AS `rearService`\n	FROM\n		overall_evaluate_option oeo\n	INNER JOIN overall_evaluate_answer oea ON oeo.id = oea.fk_option_id\n	INNER JOIN enum_const ot ON ot.id = oeo.flag_option_type\n	INNER JOIN enum_const ao ON ao.id = oea.answer_id\n	INNER JOIN pe_Student stu ON stu.fk_sso_user_id = oea.fk_sso_user_id\n	INNER JOIN pe_class c ON c.id = stu.fk_class_id\n	WHERE\n	[analyse_dateLimit|c.create_date]\n	AND [unit|c.fk_unit_id]\n	AND [peUnit|c.fk_unit_id]\n	AND c.site_code = \'${siteCode}\'\n        AND c.end_time < now()\n	GROUP BY\n		c.id\n) oeo ON oeo.id = c.id\nLEFT JOIN (\n	SELECT\n		c.id AS id,\n		count(stu.id) studentNumber\n	FROM\n		pe_student stu\n	INNER JOIN pe_class c ON c.id = stu.fk_class_id\n	WHERE\n	[analyse_dateLimit|c.create_date]\n	AND [unit|c.fk_unit_id]\n	AND [peUnit|c.fk_unit_id]\n	AND c.site_code = \'${siteCode}\'\n        AND c.end_time < now()\n	GROUP BY\n		stu.fk_class_id\n) stu ON stu.id = c.id\nLEFT JOIN (\n	SELECT\n		cs.fk_class_id AS id,\n		count(DISTINCT cs.id) as signCount,\n		count(css.id) AS signNumber\n	FROM\n		class_sign cs\n	INNER JOIN class_sign_student css ON css.fk_class_sign_id = cs.id\n	INNER JOIN pe_class c ON c.id = cs.fk_class_id\n	WHERE\n	[analyse_dateLimit|c.create_date]\n	AND [unit|c.fk_unit_id]\n	AND [peUnit|c.fk_unit_id]\n	AND c.site_code = \'${siteCode}\'\n        AND c.end_time < now()\n	GROUP BY\n		cs.fk_class_id\n) cs on cs.id = c.id\nWHERE\n	[analyse_dateLimit|c.create_date]\nAND [unit|c.fk_unit_id]\nAND [peUnit|c.fk_unit_id]\nAND c.site_code = \'${siteCode}\'\nAND c.end_time < now()', NULL, NULL, NULL, NULL, NULL, NULL, '0', NULL, '4028ae316a09ee85016a09f4d7640000', '0', 'dialog', NULL, NULL);
INSERT INTO `grid_basic_config` (`id`, `title`, `can_search`, `can_add`, `can_delete`, `can_update`, `can_batch_add`, `can_projections`, `first_search`, `entity_class`, `note`, `list_type`, `dc`, `flag_active`, `flag_bak`, `dateFormat`, `sqlstr`, `statistics`, `s_note`, `update_note`, `is_enum`, `countsql`, `isGroupSql`, `LIST_FUNCTION`, `FLAG_INTE_ACTIVE`, `fk_web_site_id`, `can_checked_all`, `add_mode`, `add_cmp_name`, `fk_chart_id`) VALUES ('classAnalyse_classDetailAnalyse_noStart', '班级统计-班级详情统计-未开始', '0', NULL, NULL, NULL, NULL, '0', '0', NULL, NULL, '1', NULL, '4028809c1d625bcf011d66fd0dda0006', NULL, NULL, 'SELECT\n	c.id as id,\n	c.name as className,\n	m.true_name as classMaster,\n	ifnull(studentNumber, 0) as studentNumber,\n	ifnull(courseNumber, 0) as courseNumber,\n	ifnull(attachFileNumber, 0) as attachFileNumber,\n	date_format(c.start_time, \'%Y年%m月%d日\') as startTime,\n	date_format(c.end_time, \'%Y年%m月%d日\') as endTime,\n	c.training_day_number as trainingDay\nFROM\n	pe_class c\nINNER JOIN pe_manager m ON m.id = c.fk_class_master_id\nLEFT JOIN (\n	SELECT\n		c.id AS id,\n		count(stu.id) AS studentNumber\n	FROM\n		pe_student stu\n	INNER JOIN pe_class c ON c.id = stu.fk_class_id\n	GROUP BY\n		c.id\n) stu ON stu.id = c.id\nLEFT JOIN (\n	SELECT\n		c.id AS id,\n		count(cc.id) AS courseNumber\n	FROM\n		class_course cc\n	INNER JOIN pe_class c ON c.id = cc.fk_class_id\n	GROUP BY\n		c.id\n) course on course.id = c.id\nLEFT JOIN (\n	SELECT\n		c.id AS id,\n		count(af.id) AS attachFileNumber\n	FROM\n		attach_file af\n	INNER JOIN pe_class c ON c.id = af.link_id\n	GROUP BY\n		c.id\n) af ON af.id = c.id\nwhere\n	[analyse_dateLimit|c.create_date]\nAND [unit|c.fk_unit_id]\nAND [peUnit|c.fk_unit_id]\nAND c.site_code = \'${siteCode}\'', NULL, NULL, NULL, NULL, NULL, NULL, '0', NULL, '4028ae316a09ee85016a09f4d7640000', '0', 'dialog', NULL, NULL);
INSERT INTO `grid_basic_config` (`id`, `title`, `can_search`, `can_add`, `can_delete`, `can_update`, `can_batch_add`, `can_projections`, `first_search`, `entity_class`, `note`, `list_type`, `dc`, `flag_active`, `flag_bak`, `dateFormat`, `sqlstr`, `statistics`, `s_note`, `update_note`, `is_enum`, `countsql`, `isGroupSql`, `LIST_FUNCTION`, `FLAG_INTE_ACTIVE`, `fk_web_site_id`, `can_checked_all`, `add_mode`, `add_cmp_name`, `fk_chart_id`) VALUES ('classQualityDetailGrid', '班级质量评估-组织管理', '0', NULL, NULL, NULL, NULL, '0', '0', NULL, NULL, '1', NULL, '4028809c1d625bcf011d66fd0dda0006', NULL, NULL, 'SELECT oeo.id AS id, oeo. NAME AS optionName, cast( concat( COUNT(IF(ao. CODE = \'0\', 1, NULL)), \'(\', concat( round( COUNT(IF(ao. CODE = \'0\', 1, NULL)) / COUNT(stu.id) * 100, 2 ), \'%\' ), \')\' ) AS CHAR ) AS best, cast( concat( COUNT(IF(ao. CODE = \'1\', 1, NULL)), \'(\', concat( round( COUNT(IF(ao. CODE = \'1\', 1, NULL)) / COUNT(stu.id) * 100, 2 ), \'%\' ), \')\' ) AS CHAR ) AS good, cast( concat( COUNT(IF(ao. CODE = \'2\', 1, NULL)), \'(\', concat( round( COUNT(IF(ao. CODE = \'2\', 1, NULL)) / COUNT(stu.id) * 100, 2 ), \'%\' ), \')\' ) AS CHAR ) AS general, cast( concat( COUNT(IF(ao. CODE = \'3\', 1, NULL)), \'(\', concat( round( COUNT(IF(ao. CODE = \'3\', 1, NULL)) / COUNT(stu.id) * 100, 2 ), \'%\' ), \')\' ) AS CHAR ) AS bad FROM pe_class cl INNER JOIN pe_student stu ON stu.fk_class_id = cl.id INNER JOIN enum_const qt ON qt.NAMESPACE = \'flagQuestionType\' AND qt. CODE = \'1\' INNER JOIN enum_const va ON va.namespace = \'flagIsvalid\' AND va. CODE = \'1\' INNER JOIN overall_evaluate oe ON oe.flag_isvalid = va.id INNER JOIN overall_evaluate_option oeo ON oeo.fk_evaluate_id = oe.id AND oeo.flag_question_type = qt.id INNER JOIN enum_const ot ON ot.id = oeo.flag_option_type LEFT JOIN overall_evaluate_answer oea ON oea.fk_sso_user_id = stu.fk_sso_user_id AND oea.fk_option_id = oeo.id LEFT JOIN enum_const ao ON ao.id = oea.answer WHERE ot. CODE IN (\'1\', \'2\') AND [parentId|cl.id] GROUP BY oeo.id', NULL, NULL, NULL, NULL, NULL, NULL, '0', NULL, '4028ae316a09ee85016a09f4d7640000', '0', 'dialog', NULL, NULL);
INSERT INTO `grid_basic_config` (`id`, `title`, `can_search`, `can_add`, `can_delete`, `can_update`, `can_batch_add`, `can_projections`, `first_search`, `entity_class`, `note`, `list_type`, `dc`, `flag_active`, `flag_bak`, `dateFormat`, `sqlstr`, `statistics`, `s_note`, `update_note`, `is_enum`, `countsql`, `isGroupSql`, `LIST_FUNCTION`, `FLAG_INTE_ACTIVE`, `fk_web_site_id`, `can_checked_all`, `add_mode`, `add_cmp_name`, `fk_chart_id`) VALUES ('classQualityDetailGridCourse', '班级质量评估-课程评价', '0', NULL, NULL, NULL, NULL, '0', '0', NULL, NULL, '1', NULL, '4028809c1d625bcf011d66fd0dda0006', NULL, NULL, 'SELECT\n	cou.id AS id,\n	cou. NAME AS optionName,\n	cast(\n		concat(\n			COUNT(IF(ao. CODE = \'0\', 1, NULL)),\n			\'(\',\n			concat(\n				round(\n					COUNT(IF(ao. CODE = \'0\', 1, NULL)) / COUNT(stu.id) * 100,\n					2\n				),\n				\'%\'\n			),\n			\')\'\n		) AS CHAR\n	) AS best,\n	cast(\n		concat(\n			COUNT(IF(ao. CODE = \'1\', 1, NULL)),\n			\'(\',\n			concat(\n				round(\n					COUNT(IF(ao. CODE = \'1\', 1, NULL)) / COUNT(stu.id) * 100,\n					2\n				),\n				\'%\'\n			),\n			\')\'\n		) AS CHAR\n	) AS good,\n	cast(\n		concat(\n			COUNT(IF(ao. CODE = \'2\', 1, NULL)),\n			\'(\',\n			concat(\n				round(\n					COUNT(IF(ao. CODE = \'2\', 1, NULL)) / COUNT(stu.id) * 100,\n					2\n				),\n				\'%\'\n			),\n			\')\'\n		) AS CHAR\n	) AS general,\n	cast(\n		concat(\n			COUNT(IF(ao. CODE = \'3\', 1, NULL)),\n			\'(\',\n			concat(\n				round(\n					COUNT(IF(ao. CODE = \'3\', 1, NULL)) / COUNT(stu.id) * 100,\n					2\n				),\n				\'%\'\n			),\n			\')\'\n		) AS CHAR\n	) AS bad\nFROM\n	pe_class cl\nINNER JOIN pe_student stu ON stu.fk_class_id = cl.id\nINNER JOIN class_course cc ON cc.fk_class_id = cl.id\nINNER JOIN pe_course cou ON cou.id = cc.fk_course_id\nLEFT JOIN overall_evaluate_answer oea ON oea.fk_sso_user_id = stu.fk_sso_user_id\nAND oea.rel_id = cou.id\nLEFT JOIN enum_const ao ON ao.id = oea.answer\nWHERE\n	[parentId|cl.id]\nGROUP BY\n	cou.id', NULL, NULL, NULL, NULL, NULL, NULL, '0', NULL, '4028ae316a09ee85016a09f4d7640000', '0', NULL, NULL, NULL);
INSERT INTO `grid_basic_config` (`id`, `title`, `can_search`, `can_add`, `can_delete`, `can_update`, `can_batch_add`, `can_projections`, `first_search`, `entity_class`, `note`, `list_type`, `dc`, `flag_active`, `flag_bak`, `dateFormat`, `sqlstr`, `statistics`, `s_note`, `update_note`, `is_enum`, `countsql`, `isGroupSql`, `LIST_FUNCTION`, `FLAG_INTE_ACTIVE`, `fk_web_site_id`, `can_checked_all`, `add_mode`, `add_cmp_name`, `fk_chart_id`) VALUES ('classQualityDetailGridRearService', '班级质量评估-后勤服务', '0', NULL, NULL, NULL, NULL, '0', '0', NULL, NULL, '1', NULL, '4028809c1d625bcf011d66fd0dda0006', NULL, NULL, 'SELECT oeo.id AS id, oeo. NAME AS optionName, cast( concat( COUNT(IF(ao. CODE = \'0\', 1, NULL)), \'(\', concat( round( COUNT(IF(ao. CODE = \'0\', 1, NULL)) / COUNT(stu.id) * 100, 2 ), \'%\' ), \')\' ) AS CHAR ) AS best, cast( concat( COUNT(IF(ao. CODE = \'1\', 1, NULL)), \'(\', concat( round( COUNT(IF(ao. CODE = \'1\', 1, NULL)) / COUNT(stu.id) * 100, 2 ), \'%\' ), \')\' ) AS CHAR ) AS good, cast( concat( COUNT(IF(ao. CODE = \'2\', 1, NULL)), \'(\', concat( round( COUNT(IF(ao. CODE = \'2\', 1, NULL)) / COUNT(stu.id) * 100, 2 ), \'%\' ), \')\' ) AS CHAR ) AS general, cast( concat( COUNT(IF(ao. CODE = \'3\', 1, NULL)), \'(\', concat( round( COUNT(IF(ao. CODE = \'3\', 1, NULL)) / COUNT(stu.id) * 100, 2 ), \'%\' ), \')\' ) AS CHAR ) AS bad FROM pe_class cl INNER JOIN pe_student stu ON stu.fk_class_id = cl.id INNER JOIN enum_const qt ON qt.NAMESPACE = \'flagQuestionType\' AND qt. CODE = \'1\' INNER JOIN enum_const va ON va.namespace = \'flagIsvalid\' AND va. CODE = \'1\' INNER JOIN overall_evaluate oe ON oe.flag_isvalid = va.id INNER JOIN overall_evaluate_option oeo ON oeo.fk_evaluate_id = oe.id AND oeo.flag_question_type = qt.id INNER JOIN enum_const ot ON ot.id = oeo.flag_option_type LEFT JOIN overall_evaluate_answer oea ON oea.fk_sso_user_id = stu.fk_sso_user_id AND oea.fk_option_id = oeo.id LEFT JOIN enum_const ao ON ao.id = oea.answer WHERE ot. CODE = \'3\' AND [parentId|cl.id] GROUP BY oeo.id', NULL, NULL, NULL, NULL, NULL, NULL, '0', NULL, '4028ae316a09ee85016a09f4d7640000', '0', NULL, NULL, NULL);
INSERT INTO `grid_basic_config` (`id`, `title`, `can_search`, `can_add`, `can_delete`, `can_update`, `can_batch_add`, `can_projections`, `first_search`, `entity_class`, `note`, `list_type`, `dc`, `flag_active`, `flag_bak`, `dateFormat`, `sqlstr`, `statistics`, `s_note`, `update_note`, `is_enum`, `countsql`, `isGroupSql`, `LIST_FUNCTION`, `FLAG_INTE_ACTIVE`, `fk_web_site_id`, `can_checked_all`, `add_mode`, `add_cmp_name`, `fk_chart_id`) VALUES ('feeAnalyseDetail', '收支详情', '0', NULL, NULL, NULL, NULL, '0', '0', NULL, NULL, '1', NULL, '4028809c1d625bcf011d66fd0dda0006', NULL, NULL, 'SELECT\n	un.id AS id,\n	un. NAME AS `unitName`,\n	ifnull(round(\n		sum(c.training_total_fee) / 10000,\n		2\n	), 0) AS incoming,\n	ifnull(round(\n		(sum(c.teacher_fee) + sum(c.teaching_fee) + sum(c.transport_fee) + sum(c.food_fee) + sum(c.room_fee) + sum(c.enroll_fee) + sum(c.material_fee) + sum(c.site_fee) + sum(c.period_fee) + sum(c.other_fee)) / 10000,\n		2\n	), 0) AS expense,\n	ifnull(round(\n		(sum(c.training_total_fee) - (\n			sum(c.teacher_fee) + sum(c.teaching_fee) + sum(c.transport_fee) + sum(c.food_fee) + sum(c.room_fee) + sum(c.enroll_fee) + sum(c.material_fee) + sum(c.site_fee) + sum(c.period_fee) + sum(c.other_fee)\n		)) / 10000,\n		2\n	), 0) AS balance,\n	ifnull(cast(concat(round(\n		(\n			sum(c.training_total_fee) - (\n				sum(c.teacher_fee) + sum(c.teaching_fee) + sum(c.transport_fee) + sum(c.food_fee) + sum(c.room_fee) + sum(c.enroll_fee) + sum(c.material_fee) + sum(c.site_fee) + sum(c.period_fee) + sum(c.other_fee)\n			)\n		) / sum(c.training_total_fee) * 100,\n		2\n	), \'%\') as char), \'0%\') AS `balanceRate`\nFROM\n	pe_class c\nINNER JOIN pe_unit un ON un.id = c.fk_unit_id\nINNER JOIN check_Flow cf ON cf.fk_item_id = c.id\nINNER JOIN enum_const ty ON ty.id = cf.flag_flow_type\nINNER JOIN enum_const ss ON ss.id = c.flag_apply_certificate_status\nINNER JOIN enum_const ac ON ac.id = cf.flag_active\nINNER JOIN enum_const cs ON cs.id = cf.flag_check_status\nWHERE\n	ty. CODE = \'4\'\nAND ss. CODE = \'2\'\nAND ac. CODE = \'1\'\nAND cs. CODE = \'2\'\nAND [analyse_dateLimit|cf.complete_date]\nAND [unit|un.id]\nAND c.site_code = \'${siteCode}\'\nAND [peUnit|c.fk_unit_id]\nAND [unitName_like|un.name]\nGROUP BY\n	un.id', NULL, NULL, NULL, NULL, NULL, NULL, '0', NULL, '4028ae316a09ee85016a09f4d7640000', '0', 'dialog', NULL, NULL);
INSERT INTO `grid_basic_config` (`id`, `title`, `can_search`, `can_add`, `can_delete`, `can_update`, `can_batch_add`, `can_projections`, `first_search`, `entity_class`, `note`, `list_type`, `dc`, `flag_active`, `flag_bak`, `dateFormat`, `sqlstr`, `statistics`, `s_note`, `update_note`, `is_enum`, `countsql`, `isGroupSql`, `LIST_FUNCTION`, `FLAG_INTE_ACTIVE`, `fk_web_site_id`, `can_checked_all`, `add_mode`, `add_cmp_name`, `fk_chart_id`) VALUES ('feeUnitExpenseGrid', '单位支出详情', '0', NULL, NULL, NULL, NULL, '0', '0', NULL, NULL, '1', NULL, '4028809c1d625bcf011d66fd0dda0006', NULL, NULL, 'SELECT un.id as id, un. NAME AS `name`, round(( sum(c.teacher_fee) + sum(c.teaching_fee) + sum(c.transport_fee) + sum(c.food_fee) + sum(c.room_fee) + sum(c.enroll_fee) + sum(c.material_fee) + sum(c.site_fee) + sum(c.period_fee) + sum(c.other_fee)) / 10000, 2 ) AS `value` FROM pe_class c INNER JOIN pe_unit un ON un.id = c.fk_unit_id INNER JOIN check_Flow cf ON cf.fk_item_id = c.id INNER JOIN enum_const ty ON ty.id = cf.flag_flow_type INNER JOIN enum_const ss ON ss.id = c.flag_apply_certificate_status INNER JOIN enum_const ac ON ac.id = cf.flag_active INNER JOIN enum_const cs ON cs.id = cf.flag_check_status WHERE ty. CODE = \'4\' AND ss. CODE = \'2\' AND ac. CODE = \'1\' AND cs. CODE = \'2\' AND [analyse_dateLimit|cf.complete_date] AND [unit|un.id] AND c.site_code = \'${siteCode}\' AND [peUnit|c.fk_unit_id] GROUP BY un.id', NULL, NULL, NULL, NULL, NULL, NULL, '0', NULL, '4028ae316a09ee85016a09f4d7640000', '0', 'dialog', NULL, NULL);
INSERT INTO `grid_basic_config` (`id`, `title`, `can_search`, `can_add`, `can_delete`, `can_update`, `can_batch_add`, `can_projections`, `first_search`, `entity_class`, `note`, `list_type`, `dc`, `flag_active`, `flag_bak`, `dateFormat`, `sqlstr`, `statistics`, `s_note`, `update_note`, `is_enum`, `countsql`, `isGroupSql`, `LIST_FUNCTION`, `FLAG_INTE_ACTIVE`, `fk_web_site_id`, `can_checked_all`, `add_mode`, `add_cmp_name`, `fk_chart_id`) VALUES ('feeUnitIncomingGrid', '各单位收入对比', '0', NULL, NULL, NULL, NULL, '0', '0', NULL, NULL, '1', NULL, '4028809c1d625bcf011d66fd0dda0006', NULL, NULL, 'SELECT un.id as id, un. NAME AS `name`, round(sum(training_total_fee) / 10000, 2 ) AS `value` FROM pe_class c INNER JOIN pe_unit un ON un.id = c.fk_unit_id INNER JOIN check_Flow cf ON cf.fk_item_id = c.id INNER JOIN enum_const ty ON ty.id = cf.flag_flow_type INNER JOIN enum_const ss ON ss.id = c.flag_apply_certificate_status INNER JOIN enum_const ac ON ac.id = cf.flag_active INNER JOIN enum_const cs ON cs.id = cf.flag_check_status WHERE ty. CODE = \'4\' AND ss. CODE = \'2\' AND ac. CODE = \'1\' AND cs. CODE = \'2\' AND [analyse_dateLimit|cf.complete_date] AND [unit|un.id] AND c.site_code = \'${siteCode}\' AND [peUnit|c.fk_unit_id] GROUP BY un.id', NULL, NULL, NULL, NULL, NULL, NULL, '0', NULL, '4028ae316a09ee85016a09f4d7640000', '0', 'dialog', NULL, NULL);
INSERT INTO `grid_basic_config` (`id`, `title`, `can_search`, `can_add`, `can_delete`, `can_update`, `can_batch_add`, `can_projections`, `first_search`, `entity_class`, `note`, `list_type`, `dc`, `flag_active`, `flag_bak`, `dateFormat`, `sqlstr`, `statistics`, `s_note`, `update_note`, `is_enum`, `countsql`, `isGroupSql`, `LIST_FUNCTION`, `FLAG_INTE_ACTIVE`, `fk_web_site_id`, `can_checked_all`, `add_mode`, `add_cmp_name`, `fk_chart_id`) VALUES ('itemQualityUnitDetail', '项目质量统计-单位详情', '0', NULL, NULL, NULL, NULL, '0', '0', NULL, NULL, '1', NULL, '4028809c1d625bcf011d66fd0dda0006', NULL, NULL, 'SELECT\n	un.id as id,\n	un.name as unitName,\n	ifnull(r.`group` + r.classMaster + r.rearService + cou.course, 0) as totalScore,\n	ifnull(r.`group`, 0) as `group`,\n	ifnull(r.classMaster, 0) as classMaster,\n	ifnull(r.rearService, 0) as rearService,\n	ifnull(cou.course, 0) as course\nFROM\n	pe_unit un\nLEFT JOIN (\n	SELECT\n		r.fk_unit_id AS id,\n		round(\n			sum(`group`) / count(`group`),\n			1\n		) AS `group`,\n		round(\n			sum(classMaster) / count(classMaster),\n			1\n		) AS classMaster,\n		round(\n			sum(rearService) / count(rearService),\n			1\n		) AS rearService\n	FROM\n		(\n			SELECT\n				c.fk_unit_id AS fk_unit_id,\n				round(\n					sum(\n\n						IF (ot. CODE = \'1\', ao. CODE + 1, 0)\n					),\n					1\n				) AS `group`,\n				round(\n					sum(\n\n						IF (ot. CODE = \'2\', ao. CODE + 1, 0)\n					),\n					1\n				) AS `classMaster`,\n				round(\n					sum(\n\n						IF (ot. CODE = \'3\', ao. CODE + 1, 0)\n					),\n					1\n				) AS `rearService`\n			FROM\n				overall_evaluate_option oeo\n			INNER JOIN overall_evaluate_answer oea ON oeo.id = oea.fk_option_id\n			INNER JOIN enum_const ot ON ot.id = oeo.flag_option_type\n			INNER JOIN enum_const ao ON ao.id = oea.answer_id\n			INNER JOIN pe_Student stu ON stu.fk_sso_user_id = oea.fk_sso_user_id\n			INNER JOIN pe_class c ON c.id = stu.fk_class_id\n			WHERE\n				[analyse_dateLimit|c.create_date]\n			AND [unit|c.fk_unit_id]\n			AND [peUnit|c.fk_unit_id]\n			AND c.site_code = \'${siteCode}\'\n			GROUP BY\n				stu.id\n		) r\n	GROUP BY\n		r.fk_unit_id\n) r ON r.id = un.id\nLEFT JOIN (\n	SELECT\n		r.fk_unit_id AS id,\n		round(\n			sum(course) / count(course),\n			1\n		) AS course\n	FROM\n		(\n			SELECT\n				cl.fk_unit_id AS fk_unit_id,\n				sum(ao. CODE + 1) / count(c.id) AS `course`\n			FROM\n				overall_evaluate_answer oea\n			INNER JOIN pe_course c ON c.id = oea.rel_id\n			INNER JOIN enum_const ao ON ao.id = oea.answer_id\n			INNER JOIN pe_Student stu ON stu.fk_sso_user_id = oea.fk_sso_user_id\n			INNER JOIN pe_class cl ON cl.id = stu.fk_class_id\n			WHERE\n				[analyse_dateLimit|c.create_date]\n			AND [unit|cl.fk_unit_id]\n			AND [peUnit|cl.fk_unit_id]\n			AND c.site_code = \'${siteCode}\'\n			GROUP BY\n				stu.id\n		) r\n	GROUP BY\n		r.fk_unit_id\n) cou ON cou.id = un.id', NULL, NULL, NULL, NULL, NULL, NULL, '0', NULL, '4028ae316a09ee85016a09f4d7640000', '0', 'dialog', NULL, NULL);
INSERT INTO `grid_basic_config` (`id`, `title`, `can_search`, `can_add`, `can_delete`, `can_update`, `can_batch_add`, `can_projections`, `first_search`, `entity_class`, `note`, `list_type`, `dc`, `flag_active`, `flag_bak`, `dateFormat`, `sqlstr`, `statistics`, `s_note`, `update_note`, `is_enum`, `countsql`, `isGroupSql`, `LIST_FUNCTION`, `FLAG_INTE_ACTIVE`, `fk_web_site_id`, `can_checked_all`, `add_mode`, `add_cmp_name`, `fk_chart_id`) VALUES ('unitAnalyse_unitDetail', '市场数据分析-单位详情', '0', NULL, NULL, NULL, NULL, '0', '0', NULL, NULL, '1', NULL, '4028809c1d625bcf011d66fd0dda0006', NULL, NULL, 'SELECT\n	un.id AS id,\n	un. NAME AS unitName,\n	ifnull(ri.total, 0) as requirementTotal,\n	ifnull(ri.noFollow, 0) AS noFollow,\n	ifnull(ri.following, 0) AS following,\n	ifnull(ri.sign, 0) AS sign,\n	ifnull(ri.signRate, \'0%\') AS signRate,\n	ifnull(ri.failure, 0) AS failure,\n	ifnull(ri.failureRate, \'0%\') AS failureRate,\n	ifnull(ri.delay, 0) AS delay,\n	ifnull(ti.total, 0) AS itemTotal,\n	ifnull(ti.society, 0) AS society,\n	ifnull(ti.cooperate, 0) AS cooperate,\n	ifnull(stu.studentNum, 0) AS studentNum,\n	ifnull(c.classNum, 0) AS classNum\nFROM\n	pe_unit un\nLEFT JOIN (\n	SELECT\n		un.id AS id,\n		count(ri.id) as total,\n		sum(IF(st. CODE = \'1\', 1, 0)) AS noFollow,\n		sum(IF(st. CODE = \'2\', 1, 0)) AS following,\n		sum(IF(st. CODE = \'3\', 1, 0)) AS sign,\n		concat(\n			round(\n				sum(IF(st. CODE = \'3\', 1, 0)) / count(ri.id) * 100,\n				2\n			),\n			\'%\'\n		) AS signRate,\n		sum(IF(st. CODE = \'4\', 1, 0)) AS failure,\n		concat(\n			round(\n				sum(IF(st. CODE = \'4\', 1, 0)) / count(ri.id) * 100,\n				2\n			),\n			\'%\'\n		) AS failureRate,\n		sum(IF(st. CODE = \'5\', 1, 0)) AS delay\n	FROM\n		requirement_info ri\n	INNER JOIN enum_const st ON ri.flag_follow_up_status = st.id\n	INNER JOIN requirement_follow_up_info rfui ON rfui.fk_requirement_info_id = ri.id\n	INNER JOIN pe_manager m ON m.id = rfui.fk_follow_up_user_id\n	INNER JOIN pe_unit un ON un.id = m.fk_unit_id\n	AND [peUnit|m.fk_unit_id]\n	WHERE\n		[unit|m.fk_unit_id]\n	AND [analyse_dateLimit|ri.create_time]\n	AND ri.site_code = \'${siteCode}\'\n	GROUP BY\n		m.fk_unit_id\n) ri ON ri.id = un.id\nLEFT JOIN (\n	SELECT\n		un.id AS id,\n		count(ti.id) AS total,\n		sum(IF(ty. CODE = \'1\', 1, 0)) AS society,\n		sum(IF(ty. CODE = \'2\', 1, 0)) AS cooperate\n	FROM\n		training_item ti\n	INNER JOIN enum_const ty ON ty.id = ti.flag_training_item_type\n	INNER JOIN pe_unit un ON un.id = ti.fk_unit_id\n	AND [peUnit|un.id]\n	INNER JOIN enum_const st ON st.id = ti.flag_item_status\n	WHERE\n		st. CODE = \'3\'\n	AND [unit|un.id]\n	AND [analyse_dateLimit|ti.training_start_time]\n	AND ti.site_code = \'${siteCode}\'\n	GROUP BY\n		un.id\n) AS ti ON ti.id = un.id\nLEFT JOIN (\n	SELECT\n		fk_unit_id AS id,\n		count(stu.id) AS studentNum\n	FROM\n		pe_student stu\n	INNER JOIN pe_class c ON c.id = stu.fk_class_id\n	WHERE\n		[unit|c.fk_unit_id]\n	AND [peUnit|c.fk_unit_id]\n	AND [analyse_dateLimit|c.create_date]\n	AND c.site_code = \'${siteCode}\'\n	GROUP BY\n		fk_unit_id\n) stu ON stu.id = un.id\nLEFT JOIN (\n	SELECT\n		fk_unit_id AS id,\n		count(id) AS classNum\n	FROM\n		pe_class\n	WHERE\n		[unit|fk_unit_id]\n	AND [peUnit|fk_unit_id]\n	AND [analyse_dateLimit|create_date]\n	AND site_code = \'${siteCode}\'\n	GROUP BY\n		fk_unit_id\n) c ON c.id = un.id\nwhere\n[unit|un.id] and [peUnit|un.id]', NULL, NULL, NULL, NULL, NULL, NULL, '0', NULL, '4028ae316a09ee85016a09f4d7640000', '0', 'dialog', NULL, NULL);
INSERT INTO `grid_basic_config` (`id`, `title`, `can_search`, `can_add`, `can_delete`, `can_update`, `can_batch_add`, `can_projections`, `first_search`, `entity_class`, `note`, `list_type`, `dc`, `flag_active`, `flag_bak`, `dateFormat`, `sqlstr`, `statistics`, `s_note`, `update_note`, `is_enum`, `countsql`, `isGroupSql`, `LIST_FUNCTION`, `FLAG_INTE_ACTIVE`, `fk_web_site_id`, `can_checked_all`, `add_mode`, `add_cmp_name`, `fk_chart_id`) VALUES ('unitRequirementDetail', '市场跟进情况-单位详情', '0', NULL, NULL, NULL, NULL, '0', '0', NULL, NULL, '1', NULL, '4028809c1d625bcf011d66fd0dda0006', NULL, NULL, 'SELECT\n	un.id AS id,\n	un. NAME AS unitName,\n	count(ri.id) AS total,\n	cast(\n		concat(\n			round(\n				sum(IF(st. CODE = \'3\', 1, 0)) / (\n					sum(IF(st. CODE = \'2\', 1, 0)) + sum(IF(st. CODE = \'3\', 1, 0))\n				) * 100,\n				2\n			),\n			\'%\'\n		) AS CHAR\n	) AS successRate,\n	cast(\n		concat(\n			round(\n				sum(IF(st. CODE = \'2\', 1, 0)) / (\n					sum(IF(st. CODE = \'2\', 1, 0)) + sum(IF(st. CODE = \'3\', 1, 0))\n				) * 100,\n				2\n			),\n			\'%\'\n		) AS CHAR\n	) AS failureRate,\n	count(DISTINCT m.id) AS person,\n	cast(\n		concat(\n			round(\n				sum(IF(st. CODE = \'3\', 1, 0)) / count(ri.id) * 100,\n				2\n			),\n			\'%\'\n		) AS CHAR\n	) AS transferRate\nFROM\n	requirement_info ri\nINNER JOIN pe_manager m ON m.id = ri.fk_create_user_id\nINNER JOIN pe_unit un ON un.id = m.fk_unit_id\nINNER JOIN enum_const st ON st.id = ri.flag_follow_up_status\nWHERE\n	[analyse_dateLimit|ri.create_time]\nAND [peUnit|un.id]\nAND [unit|un.id]\nAND ri.site_code = \'${siteCode}\'\nGROUP BY\n	un.id', NULL, NULL, NULL, NULL, NULL, NULL, '0', NULL, '4028ae316a09ee85016a09f4d7640000', '0', 'dialog', NULL, NULL);
INSERT INTO `grid_column_config` (`ID`, `fk_action_grid_config_id`, `name`, `dataindex`, `data_column`, `search`, `to_add`, `to_update`, `column_can_update`, `list`, `report`, `type`, `dateFormat`, `allow_blank`, `max_length`, `check_message`, `check_regular`, `text_field_parameters`, `combo_sql`, `serial_number`, `flag_active`, `flag_bak`, `user_type`, `team`, `s_note`, `sql_result`, `is_html`, `default_text`, `cascade_columns`) VALUES ('00f91ed31b1511eabd12fcaa140ebf84', 'classQualityDetailGridRearService', 'id', 'id', '', '0', '0', NULL, '0', '0', '0', 'TextField', 'yyyy-MM-dd', '1', '50', '', '', NULL, '', '1', '4028809c1d625bcf011d66fd0dda0006', NULL, NULL, '', '', '', NULL, '', NULL);
INSERT INTO `grid_column_config` (`ID`, `fk_action_grid_config_id`, `name`, `dataindex`, `data_column`, `search`, `to_add`, `to_update`, `column_can_update`, `list`, `report`, `type`, `dateFormat`, `allow_blank`, `max_length`, `check_message`, `check_regular`, `text_field_parameters`, `combo_sql`, `serial_number`, `flag_active`, `flag_bak`, `user_type`, `team`, `s_note`, `sql_result`, `is_html`, `default_text`, `cascade_columns`) VALUES ('00f923971b1511eabd12fcaa140ebf84', 'classQualityDetailGridRearService', '评价项', 'optionName', '', '0', '0', NULL, '0', '1', '1', 'TextField', 'yyyy-MM-dd', '1', '50', '', '', NULL, '', '2', '4028809c1d625bcf011d66fd0dda0006', NULL, NULL, '', '', '', NULL, '', NULL);
INSERT INTO `grid_column_config` (`ID`, `fk_action_grid_config_id`, `name`, `dataindex`, `data_column`, `search`, `to_add`, `to_update`, `column_can_update`, `list`, `report`, `type`, `dateFormat`, `allow_blank`, `max_length`, `check_message`, `check_regular`, `text_field_parameters`, `combo_sql`, `serial_number`, `flag_active`, `flag_bak`, `user_type`, `team`, `s_note`, `sql_result`, `is_html`, `default_text`, `cascade_columns`) VALUES ('00f9266f1b1511eabd12fcaa140ebf84', 'classQualityDetailGridRearService', '优秀', 'best', '', '0', '0', NULL, '0', '1', '1', 'TextField', 'yyyy-MM-dd', '1', '50', '', '', NULL, '', '3', '4028809c1d625bcf011d66fd0dda0006', NULL, NULL, '', '', '', NULL, '', NULL);
INSERT INTO `grid_column_config` (`ID`, `fk_action_grid_config_id`, `name`, `dataindex`, `data_column`, `search`, `to_add`, `to_update`, `column_can_update`, `list`, `report`, `type`, `dateFormat`, `allow_blank`, `max_length`, `check_message`, `check_regular`, `text_field_parameters`, `combo_sql`, `serial_number`, `flag_active`, `flag_bak`, `user_type`, `team`, `s_note`, `sql_result`, `is_html`, `default_text`, `cascade_columns`) VALUES ('00f929de1b1511eabd12fcaa140ebf84', 'classQualityDetailGridRearService', '良好', 'good', '', '0', '0', NULL, '0', '1', '1', 'TextField', 'yyyy-MM-dd', '1', '50', '', '', NULL, '', '4', '4028809c1d625bcf011d66fd0dda0006', NULL, NULL, '', '', '', NULL, '', NULL);
INSERT INTO `grid_column_config` (`ID`, `fk_action_grid_config_id`, `name`, `dataindex`, `data_column`, `search`, `to_add`, `to_update`, `column_can_update`, `list`, `report`, `type`, `dateFormat`, `allow_blank`, `max_length`, `check_message`, `check_regular`, `text_field_parameters`, `combo_sql`, `serial_number`, `flag_active`, `flag_bak`, `user_type`, `team`, `s_note`, `sql_result`, `is_html`, `default_text`, `cascade_columns`) VALUES ('00f92c2e1b1511eabd12fcaa140ebf84', 'classQualityDetailGridRearService', '一般', 'general', '', '0', '0', NULL, '0', '1', '1', 'TextField', 'yyyy-MM-dd', '1', '50', '', '', NULL, '', '5', '4028809c1d625bcf011d66fd0dda0006', NULL, NULL, '', '', '', NULL, '', NULL);
INSERT INTO `grid_column_config` (`ID`, `fk_action_grid_config_id`, `name`, `dataindex`, `data_column`, `search`, `to_add`, `to_update`, `column_can_update`, `list`, `report`, `type`, `dateFormat`, `allow_blank`, `max_length`, `check_message`, `check_regular`, `text_field_parameters`, `combo_sql`, `serial_number`, `flag_active`, `flag_bak`, `user_type`, `team`, `s_note`, `sql_result`, `is_html`, `default_text`, `cascade_columns`) VALUES ('00f92edf1b1511eabd12fcaa140ebf84', 'classQualityDetailGridRearService', '很差', 'bad', '', '0', '0', NULL, '0', '1', '1', 'TextField', 'yyyy-MM-dd', '1', '50', '', '', NULL, '', '6', '4028809c1d625bcf011d66fd0dda0006', NULL, NULL, '', '', '', NULL, '', NULL);
INSERT INTO `grid_column_config` (`ID`, `fk_action_grid_config_id`, `name`, `dataindex`, `data_column`, `search`, `to_add`, `to_update`, `column_can_update`, `list`, `report`, `type`, `dateFormat`, `allow_blank`, `max_length`, `check_message`, `check_regular`, `text_field_parameters`, `combo_sql`, `serial_number`, `flag_active`, `flag_bak`, `user_type`, `team`, `s_note`, `sql_result`, `is_html`, `default_text`, `cascade_columns`) VALUES ('4028ae0e6ef2d005016ef3eb112b0001', 'classAnalyse-classPieDetail', '进行中', 'trainingClassNum', '', '0', '0', '0', '0', '1', '1', 'TextField', 'yyyy-MM-dd', '1', '50', '', '', NULL, '', '3', '4028809c1d625bcf011d66fd0dda0006', NULL, NULL, '', '', '', NULL, '', NULL);
INSERT INTO `grid_column_config` (`ID`, `fk_action_grid_config_id`, `name`, `dataindex`, `data_column`, `search`, `to_add`, `to_update`, `column_can_update`, `list`, `report`, `type`, `dateFormat`, `allow_blank`, `max_length`, `check_message`, `check_regular`, `text_field_parameters`, `combo_sql`, `serial_number`, `flag_active`, `flag_bak`, `user_type`, `team`, `s_note`, `sql_result`, `is_html`, `default_text`, `cascade_columns`) VALUES ('4028ae0e6ef2d005016ef3eba5c40002', 'classAnalyse-classPieDetail', '已结束', 'endedClassNum', '', '0', '0', '0', '0', '1', '1', 'TextField', 'yyyy-MM-dd', '1', '50', '', '', NULL, '', '4', '4028809c1d625bcf011d66fd0dda0006', NULL, NULL, '', '', '', NULL, '', NULL);
INSERT INTO `grid_column_config` (`ID`, `fk_action_grid_config_id`, `name`, `dataindex`, `data_column`, `search`, `to_add`, `to_update`, `column_can_update`, `list`, `report`, `type`, `dateFormat`, `allow_blank`, `max_length`, `check_message`, `check_regular`, `text_field_parameters`, `combo_sql`, `serial_number`, `flag_active`, `flag_bak`, `user_type`, `team`, `s_note`, `sql_result`, `is_html`, `default_text`, `cascade_columns`) VALUES ('4028ae0e6ef2d005016ef3ebfd470003', 'classAnalyse-classPieDetail', '未开始', 'expectedOpenClassNum', '', '0', '0', '0', '0', '1', '1', 'TextField', 'yyyy-MM-dd', '1', '50', '', '', NULL, '', '5', '4028809c1d625bcf011d66fd0dda0006', NULL, NULL, '', '', '', NULL, '', NULL);
INSERT INTO `grid_column_config` (`ID`, `fk_action_grid_config_id`, `name`, `dataindex`, `data_column`, `search`, `to_add`, `to_update`, `column_can_update`, `list`, `report`, `type`, `dateFormat`, `allow_blank`, `max_length`, `check_message`, `check_regular`, `text_field_parameters`, `combo_sql`, `serial_number`, `flag_active`, `flag_bak`, `user_type`, `team`, `s_note`, `sql_result`, `is_html`, `default_text`, `cascade_columns`) VALUES ('4028ae0e6ef2d005016ef3ec73790004', 'classAnalyse-classPieDetail', '学员数', 'studentTotalNum', '', '0', '0', '0', '0', '1', '1', 'TextField', 'yyyy-MM-dd', '1', '50', '', '', NULL, '', '10', '4028809c1d625bcf011d66fd0dda0006', NULL, NULL, '', '', '', NULL, '', NULL);
INSERT INTO `grid_column_config` (`ID`, `fk_action_grid_config_id`, `name`, `dataindex`, `data_column`, `search`, `to_add`, `to_update`, `column_can_update`, `list`, `report`, `type`, `dateFormat`, `allow_blank`, `max_length`, `check_message`, `check_regular`, `text_field_parameters`, `combo_sql`, `serial_number`, `flag_active`, `flag_bak`, `user_type`, `team`, `s_note`, `sql_result`, `is_html`, `default_text`, `cascade_columns`) VALUES ('4028ae316ed5935d016ed8f58a600000', 'unitAnalyse_unitDetail', 'id', 'id', '', '0', '0', '0', '0', '0', '0', 'TextField', 'yyyy-MM-dd', '1', '50', '', '', NULL, '', '0', '4028809c1d625bcf011d66fd0dda0006', NULL, NULL, '', '', '', NULL, '', NULL);
INSERT INTO `grid_column_config` (`ID`, `fk_action_grid_config_id`, `name`, `dataindex`, `data_column`, `search`, `to_add`, `to_update`, `column_can_update`, `list`, `report`, `type`, `dateFormat`, `allow_blank`, `max_length`, `check_message`, `check_regular`, `text_field_parameters`, `combo_sql`, `serial_number`, `flag_active`, `flag_bak`, `user_type`, `team`, `s_note`, `sql_result`, `is_html`, `default_text`, `cascade_columns`) VALUES ('4028ae316ed5935d016ed8f6056e0001', 'unitAnalyse_unitDetail', '单位', 'combobox_peUnit.unitName', '', '1', '0', '0', '0', '1', '1', 'TextField', 'yyyy-MM-dd', '1', '50', '', '', NULL, '', '1', '4028809c1d625bcf011d66fd0dda0006', NULL, NULL, '', '', '', NULL, '', NULL);
INSERT INTO `grid_column_config` (`ID`, `fk_action_grid_config_id`, `name`, `dataindex`, `data_column`, `search`, `to_add`, `to_update`, `column_can_update`, `list`, `report`, `type`, `dateFormat`, `allow_blank`, `max_length`, `check_message`, `check_regular`, `text_field_parameters`, `combo_sql`, `serial_number`, `flag_active`, `flag_bak`, `user_type`, `team`, `s_note`, `sql_result`, `is_html`, `default_text`, `cascade_columns`) VALUES ('4028ae316ed5935d016ed8f78d880002', 'unitAnalyse_unitDetail', '市场数', 'requirementTotal', '', '1', '0', '0', '0', '1', '1', 'TextField', 'yyyy-MM-dd', '1', '50', '', '', NULL, '', '2', '4028809c1d625bcf011d66fd0dda0006', NULL, NULL, '', '', '', NULL, '', NULL);
INSERT INTO `grid_column_config` (`ID`, `fk_action_grid_config_id`, `name`, `dataindex`, `data_column`, `search`, `to_add`, `to_update`, `column_can_update`, `list`, `report`, `type`, `dateFormat`, `allow_blank`, `max_length`, `check_message`, `check_regular`, `text_field_parameters`, `combo_sql`, `serial_number`, `flag_active`, `flag_bak`, `user_type`, `team`, `s_note`, `sql_result`, `is_html`, `default_text`, `cascade_columns`) VALUES ('4028ae316ed5935d016ed8f7cd760003', 'unitAnalyse_unitDetail', '跟进中', 'following', '', '1', '0', '0', '0', '1', '1', 'TextField', 'yyyy-MM-dd', '1', '50', '', '', NULL, '', '3', '4028809c1d625bcf011d66fd0dda0006', NULL, NULL, '', '', '', NULL, '', NULL);
INSERT INTO `grid_column_config` (`ID`, `fk_action_grid_config_id`, `name`, `dataindex`, `data_column`, `search`, `to_add`, `to_update`, `column_can_update`, `list`, `report`, `type`, `dateFormat`, `allow_blank`, `max_length`, `check_message`, `check_regular`, `text_field_parameters`, `combo_sql`, `serial_number`, `flag_active`, `flag_bak`, `user_type`, `team`, `s_note`, `sql_result`, `is_html`, `default_text`, `cascade_columns`) VALUES ('4028ae316ed5935d016ed8f80dd40004', 'unitAnalyse_unitDetail', '待跟进', 'noFollow', '', '1', '0', '0', '0', '1', '1', 'TextField', 'yyyy-MM-dd', '1', '50', '', '', NULL, '', '4', '4028809c1d625bcf011d66fd0dda0006', NULL, NULL, '', '', '', NULL, '', NULL);
INSERT INTO `grid_column_config` (`ID`, `fk_action_grid_config_id`, `name`, `dataindex`, `data_column`, `search`, `to_add`, `to_update`, `column_can_update`, `list`, `report`, `type`, `dateFormat`, `allow_blank`, `max_length`, `check_message`, `check_regular`, `text_field_parameters`, `combo_sql`, `serial_number`, `flag_active`, `flag_bak`, `user_type`, `team`, `s_note`, `sql_result`, `is_html`, `default_text`, `cascade_columns`) VALUES ('4028ae316ed5935d016ed8f858bb0005', 'unitAnalyse_unitDetail', '延期', 'delay', '', '1', '0', '0', '0', '1', '1', 'TextField', 'yyyy-MM-dd', '1', '50', '', '', NULL, '', '5', '4028809c1d625bcf011d66fd0dda0006', NULL, NULL, '', '', '', NULL, '', NULL);
INSERT INTO `grid_column_config` (`ID`, `fk_action_grid_config_id`, `name`, `dataindex`, `data_column`, `search`, `to_add`, `to_update`, `column_can_update`, `list`, `report`, `type`, `dateFormat`, `allow_blank`, `max_length`, `check_message`, `check_regular`, `text_field_parameters`, `combo_sql`, `serial_number`, `flag_active`, `flag_bak`, `user_type`, `team`, `s_note`, `sql_result`, `is_html`, `default_text`, `cascade_columns`) VALUES ('4028ae316ed5935d016ed8f891870006', 'unitAnalyse_unitDetail', '成功数', 'sign', '', '1', '0', '0', '0', '1', '1', 'TextField', 'yyyy-MM-dd', '1', '50', '', '', NULL, '', '6', '4028809c1d625bcf011d66fd0dda0006', NULL, NULL, '', '', '', NULL, '', NULL);
INSERT INTO `grid_column_config` (`ID`, `fk_action_grid_config_id`, `name`, `dataindex`, `data_column`, `search`, `to_add`, `to_update`, `column_can_update`, `list`, `report`, `type`, `dateFormat`, `allow_blank`, `max_length`, `check_message`, `check_regular`, `text_field_parameters`, `combo_sql`, `serial_number`, `flag_active`, `flag_bak`, `user_type`, `team`, `s_note`, `sql_result`, `is_html`, `default_text`, `cascade_columns`) VALUES ('4028ae316ed5935d016ed8f8d8530007', 'unitAnalyse_unitDetail', '成功率', 'signRate', '', '1', '0', '0', '0', '1', '1', 'TextField', 'yyyy-MM-dd', '1', '50', '', '', NULL, '', '7', '4028809c1d625bcf011d66fd0dda0006', NULL, NULL, '', '', '', NULL, '', NULL);
INSERT INTO `grid_column_config` (`ID`, `fk_action_grid_config_id`, `name`, `dataindex`, `data_column`, `search`, `to_add`, `to_update`, `column_can_update`, `list`, `report`, `type`, `dateFormat`, `allow_blank`, `max_length`, `check_message`, `check_regular`, `text_field_parameters`, `combo_sql`, `serial_number`, `flag_active`, `flag_bak`, `user_type`, `team`, `s_note`, `sql_result`, `is_html`, `default_text`, `cascade_columns`) VALUES ('4028ae316ed5935d016ed8f919820008', 'unitAnalyse_unitDetail', '失败数', 'failure', '', '1', '0', '0', '0', '1', '1', 'TextField', 'yyyy-MM-dd', '1', '50', '', '', NULL, '', '8', '4028809c1d625bcf011d66fd0dda0006', NULL, NULL, '', '', '', NULL, '', NULL);
INSERT INTO `grid_column_config` (`ID`, `fk_action_grid_config_id`, `name`, `dataindex`, `data_column`, `search`, `to_add`, `to_update`, `column_can_update`, `list`, `report`, `type`, `dateFormat`, `allow_blank`, `max_length`, `check_message`, `check_regular`, `text_field_parameters`, `combo_sql`, `serial_number`, `flag_active`, `flag_bak`, `user_type`, `team`, `s_note`, `sql_result`, `is_html`, `default_text`, `cascade_columns`) VALUES ('4028ae316ed5935d016ed8f95e3a0009', 'unitAnalyse_unitDetail', '失败率', 'failureRate', '', '1', '0', '0', '0', '1', '1', 'TextField', 'yyyy-MM-dd', '1', '50', '', '', NULL, '', '9', '4028809c1d625bcf011d66fd0dda0006', NULL, NULL, '', '', '', NULL, '', NULL);
INSERT INTO `grid_column_config` (`ID`, `fk_action_grid_config_id`, `name`, `dataindex`, `data_column`, `search`, `to_add`, `to_update`, `column_can_update`, `list`, `report`, `type`, `dateFormat`, `allow_blank`, `max_length`, `check_message`, `check_regular`, `text_field_parameters`, `combo_sql`, `serial_number`, `flag_active`, `flag_bak`, `user_type`, `team`, `s_note`, `sql_result`, `is_html`, `default_text`, `cascade_columns`) VALUES ('4028ae316ed5935d016ed8f99f4c000a', 'unitAnalyse_unitDetail', '项目总数', 'itemTotal', '', '1', '0', '0', '0', '1', '1', 'TextField', 'yyyy-MM-dd', '1', '50', '', '', NULL, '', '10', '4028809c1d625bcf011d66fd0dda0006', NULL, NULL, '', '', '', NULL, '', NULL);
INSERT INTO `grid_column_config` (`ID`, `fk_action_grid_config_id`, `name`, `dataindex`, `data_column`, `search`, `to_add`, `to_update`, `column_can_update`, `list`, `report`, `type`, `dateFormat`, `allow_blank`, `max_length`, `check_message`, `check_regular`, `text_field_parameters`, `combo_sql`, `serial_number`, `flag_active`, `flag_bak`, `user_type`, `team`, `s_note`, `sql_result`, `is_html`, `default_text`, `cascade_columns`) VALUES ('4028ae316ed5935d016ed8f9e355000b', 'unitAnalyse_unitDetail', '委托项目', 'cooperate', '', '1', '0', '0', '0', '1', '1', 'TextField', 'yyyy-MM-dd', '1', '50', '', '', NULL, '', '11', '4028809c1d625bcf011d66fd0dda0006', NULL, NULL, '', '', '', NULL, '', NULL);
INSERT INTO `grid_column_config` (`ID`, `fk_action_grid_config_id`, `name`, `dataindex`, `data_column`, `search`, `to_add`, `to_update`, `column_can_update`, `list`, `report`, `type`, `dateFormat`, `allow_blank`, `max_length`, `check_message`, `check_regular`, `text_field_parameters`, `combo_sql`, `serial_number`, `flag_active`, `flag_bak`, `user_type`, `team`, `s_note`, `sql_result`, `is_html`, `default_text`, `cascade_columns`) VALUES ('4028ae316ed5935d016ed8fa1fb6000c', 'unitAnalyse_unitDetail', '社会项目', 'society', '', '1', '0', '0', '0', '1', '1', 'TextField', 'yyyy-MM-dd', '1', '50', '', '', NULL, '', '12', '4028809c1d625bcf011d66fd0dda0006', NULL, NULL, '', '', '', NULL, '', NULL);
INSERT INTO `grid_column_config` (`ID`, `fk_action_grid_config_id`, `name`, `dataindex`, `data_column`, `search`, `to_add`, `to_update`, `column_can_update`, `list`, `report`, `type`, `dateFormat`, `allow_blank`, `max_length`, `check_message`, `check_regular`, `text_field_parameters`, `combo_sql`, `serial_number`, `flag_active`, `flag_bak`, `user_type`, `team`, `s_note`, `sql_result`, `is_html`, `default_text`, `cascade_columns`) VALUES ('4028ae316ed5935d016ed8fa7372000d', 'unitAnalyse_unitDetail', '班级', 'classNum', '', '1', '0', '0', '0', '1', '1', 'TextField', 'yyyy-MM-dd', '1', '50', '', '', NULL, '', '13', '4028809c1d625bcf011d66fd0dda0006', NULL, NULL, '', '', '', NULL, '', NULL);
INSERT INTO `grid_column_config` (`ID`, `fk_action_grid_config_id`, `name`, `dataindex`, `data_column`, `search`, `to_add`, `to_update`, `column_can_update`, `list`, `report`, `type`, `dateFormat`, `allow_blank`, `max_length`, `check_message`, `check_regular`, `text_field_parameters`, `combo_sql`, `serial_number`, `flag_active`, `flag_bak`, `user_type`, `team`, `s_note`, `sql_result`, `is_html`, `default_text`, `cascade_columns`) VALUES ('4028ae316ed5935d016ed8faad7e000e', 'unitAnalyse_unitDetail', '学员', 'studentNum', '', '1', '0', '0', '0', '1', '1', 'TextField', 'yyyy-MM-dd', '1', '50', '', '', NULL, '', '14', '4028809c1d625bcf011d66fd0dda0006', NULL, NULL, '', '', '', NULL, '', NULL);
INSERT INTO `grid_column_config` (`ID`, `fk_action_grid_config_id`, `name`, `dataindex`, `data_column`, `search`, `to_add`, `to_update`, `column_can_update`, `list`, `report`, `type`, `dateFormat`, `allow_blank`, `max_length`, `check_message`, `check_regular`, `text_field_parameters`, `combo_sql`, `serial_number`, `flag_active`, `flag_bak`, `user_type`, `team`, `s_note`, `sql_result`, `is_html`, `default_text`, `cascade_columns`) VALUES ('4028ae316eda59e6016eda6ba76e0000', 'classAnalyse_classDetailAnalyse', 'id', 'id', '', '0', '0', '0', '0', '0', '0', 'TextField', 'yyyy-MM-dd', '1', '50', '', '', NULL, '', '0', '4028809c1d625bcf011d66fd0dda0006', NULL, NULL, '', '', '', NULL, '', NULL);
INSERT INTO `grid_column_config` (`ID`, `fk_action_grid_config_id`, `name`, `dataindex`, `data_column`, `search`, `to_add`, `to_update`, `column_can_update`, `list`, `report`, `type`, `dateFormat`, `allow_blank`, `max_length`, `check_message`, `check_regular`, `text_field_parameters`, `combo_sql`, `serial_number`, `flag_active`, `flag_bak`, `user_type`, `team`, `s_note`, `sql_result`, `is_html`, `default_text`, `cascade_columns`) VALUES ('4028ae316eda59e6016eda6c391b0001', 'classAnalyse_classDetailAnalyse', '班级名称', 'className', '', '0', '0', '0', '0', '1', '1', 'TextField', 'yyyy-MM-dd', '1', '50', '', '', NULL, '', '1', '4028809c1d625bcf011d66fd0dda0006', NULL, NULL, '', '', '', NULL, '', NULL);
INSERT INTO `grid_column_config` (`ID`, `fk_action_grid_config_id`, `name`, `dataindex`, `data_column`, `search`, `to_add`, `to_update`, `column_can_update`, `list`, `report`, `type`, `dateFormat`, `allow_blank`, `max_length`, `check_message`, `check_regular`, `text_field_parameters`, `combo_sql`, `serial_number`, `flag_active`, `flag_bak`, `user_type`, `team`, `s_note`, `sql_result`, `is_html`, `default_text`, `cascade_columns`) VALUES ('4028ae316eda59e6016eda6caa260002', 'classAnalyse_classDetailAnalyse', '班主任', 'classMaster', '', '0', '0', '0', '0', '1', '1', 'TextField', 'yyyy-MM-dd', '1', '50', '', '', NULL, '', '2', '4028809c1d625bcf011d66fd0dda0006', NULL, NULL, '', '', '', NULL, '', NULL);
INSERT INTO `grid_column_config` (`ID`, `fk_action_grid_config_id`, `name`, `dataindex`, `data_column`, `search`, `to_add`, `to_update`, `column_can_update`, `list`, `report`, `type`, `dateFormat`, `allow_blank`, `max_length`, `check_message`, `check_regular`, `text_field_parameters`, `combo_sql`, `serial_number`, `flag_active`, `flag_bak`, `user_type`, `team`, `s_note`, `sql_result`, `is_html`, `default_text`, `cascade_columns`) VALUES ('4028ae316eda59e6016eda6d05bb0003', 'classAnalyse_classDetailAnalyse', '学员', 'studentNum', '', '0', '0', '0', '0', '1', '1', 'TextField', 'yyyy-MM-dd', '1', '50', '', '', NULL, '', '3', '4028809c1d625bcf011d66fd0dda0006', NULL, NULL, '', '', '', NULL, '', NULL);
INSERT INTO `grid_column_config` (`ID`, `fk_action_grid_config_id`, `name`, `dataindex`, `data_column`, `search`, `to_add`, `to_update`, `column_can_update`, `list`, `report`, `type`, `dateFormat`, `allow_blank`, `max_length`, `check_message`, `check_regular`, `text_field_parameters`, `combo_sql`, `serial_number`, `flag_active`, `flag_bak`, `user_type`, `team`, `s_note`, `sql_result`, `is_html`, `default_text`, `cascade_columns`) VALUES ('4028ae316eda59e6016eda6d3c2b0004', 'classAnalyse_classDetailAnalyse', '课程', 'courseNum', '', '0', '0', '0', '0', '1', '1', 'TextField', 'yyyy-MM-dd', '1', '50', '', '', NULL, '', '4', '4028809c1d625bcf011d66fd0dda0006', NULL, NULL, '', '', '', NULL, '', NULL);
INSERT INTO `grid_column_config` (`ID`, `fk_action_grid_config_id`, `name`, `dataindex`, `data_column`, `search`, `to_add`, `to_update`, `column_can_update`, `list`, `report`, `type`, `dateFormat`, `allow_blank`, `max_length`, `check_message`, `check_regular`, `text_field_parameters`, `combo_sql`, `serial_number`, `flag_active`, `flag_bak`, `user_type`, `team`, `s_note`, `sql_result`, `is_html`, `default_text`, `cascade_columns`) VALUES ('4028ae316eda59e6016eda6d776e0005', 'classAnalyse_classDetailAnalyse', '附件数', 'attachNum', '', '0', '0', '0', '0', '1', '1', 'TextField', 'yyyy-MM-dd', '1', '50', '', '', NULL, '', '5', '4028809c1d625bcf011d66fd0dda0006', NULL, NULL, '', '', '', NULL, '', NULL);
INSERT INTO `grid_column_config` (`ID`, `fk_action_grid_config_id`, `name`, `dataindex`, `data_column`, `search`, `to_add`, `to_update`, `column_can_update`, `list`, `report`, `type`, `dateFormat`, `allow_blank`, `max_length`, `check_message`, `check_regular`, `text_field_parameters`, `combo_sql`, `serial_number`, `flag_active`, `flag_bak`, `user_type`, `team`, `s_note`, `sql_result`, `is_html`, `default_text`, `cascade_columns`) VALUES ('4028ae316eda59e6016eda6daed70006', 'classAnalyse_classDetailAnalyse', '签到', 'signNum', '', '0', '0', '0', '0', '1', '1', 'TextField', 'yyyy-MM-dd', '1', '50', '', '', NULL, '', '6', '4028809c1d625bcf011d66fd0dda0006', NULL, NULL, '', '', '', NULL, '', NULL);
INSERT INTO `grid_column_config` (`ID`, `fk_action_grid_config_id`, `name`, `dataindex`, `data_column`, `search`, `to_add`, `to_update`, `column_can_update`, `list`, `report`, `type`, `dateFormat`, `allow_blank`, `max_length`, `check_message`, `check_regular`, `text_field_parameters`, `combo_sql`, `serial_number`, `flag_active`, `flag_bak`, `user_type`, `team`, `s_note`, `sql_result`, `is_html`, `default_text`, `cascade_columns`) VALUES ('4028ae316eda59e6016eda6df3ba0007', 'classAnalyse_classDetailAnalyse', '作业', 'homeworkNum', '', '0', '0', '0', '0', '1', '1', 'TextField', 'yyyy-MM-dd', '1', '50', '', '', NULL, '', '7', '4028809c1d625bcf011d66fd0dda0006', NULL, NULL, '', '', '', NULL, '', NULL);
INSERT INTO `grid_column_config` (`ID`, `fk_action_grid_config_id`, `name`, `dataindex`, `data_column`, `search`, `to_add`, `to_update`, `column_can_update`, `list`, `report`, `type`, `dateFormat`, `allow_blank`, `max_length`, `check_message`, `check_regular`, `text_field_parameters`, `combo_sql`, `serial_number`, `flag_active`, `flag_bak`, `user_type`, `team`, `s_note`, `sql_result`, `is_html`, `default_text`, `cascade_columns`) VALUES ('4028ae316eda59e6016eda6e361c0008', 'classAnalyse_classDetailAnalyse', '投票', 'voteNum', '', '0', '0', '0', '0', '1', '1', 'TextField', 'yyyy-MM-dd', '1', '50', '', '', NULL, '', '8', '4028809c1d625bcf011d66fd0dda0006', NULL, NULL, '', '', '', NULL, '', NULL);
INSERT INTO `grid_column_config` (`ID`, `fk_action_grid_config_id`, `name`, `dataindex`, `data_column`, `search`, `to_add`, `to_update`, `column_can_update`, `list`, `report`, `type`, `dateFormat`, `allow_blank`, `max_length`, `check_message`, `check_regular`, `text_field_parameters`, `combo_sql`, `serial_number`, `flag_active`, `flag_bak`, `user_type`, `team`, `s_note`, `sql_result`, `is_html`, `default_text`, `cascade_columns`) VALUES ('4028ae316eda59e6016eda6e78000009', 'classAnalyse_classDetailAnalyse', '问卷', 'questionNum', '', '0', '0', '0', '0', '1', '1', 'TextField', 'yyyy-MM-dd', '1', '50', '', '', NULL, '', '9', '4028809c1d625bcf011d66fd0dda0006', NULL, NULL, '', '', '', NULL, '', NULL);
INSERT INTO `grid_column_config` (`ID`, `fk_action_grid_config_id`, `name`, `dataindex`, `data_column`, `search`, `to_add`, `to_update`, `column_can_update`, `list`, `report`, `type`, `dateFormat`, `allow_blank`, `max_length`, `check_message`, `check_regular`, `text_field_parameters`, `combo_sql`, `serial_number`, `flag_active`, `flag_bak`, `user_type`, `team`, `s_note`, `sql_result`, `is_html`, `default_text`, `cascade_columns`) VALUES ('4028ae316eda59e6016eda6ed051000a', 'classAnalyse_classDetailAnalyse', '结束日期', 'endTime', '', '0', '0', '0', '0', '1', '1', 'TextField', 'yyyy-MM-dd', '1', '50', '', '', NULL, '', '10', '4028809c1d625bcf011d66fd0dda0006', NULL, NULL, '', '', '', NULL, '', NULL);
INSERT INTO `grid_column_config` (`ID`, `fk_action_grid_config_id`, `name`, `dataindex`, `data_column`, `search`, `to_add`, `to_update`, `column_can_update`, `list`, `report`, `type`, `dateFormat`, `allow_blank`, `max_length`, `check_message`, `check_regular`, `text_field_parameters`, `combo_sql`, `serial_number`, `flag_active`, `flag_bak`, `user_type`, `team`, `s_note`, `sql_result`, `is_html`, `default_text`, `cascade_columns`) VALUES ('4028ae316edaad98016ee83e81c90000', 'classAnalyse-classPieDetail', 'id', 'id', '', '0', '0', '0', '0', '0', '0', 'TextField', 'yyyy-MM-dd', '1', '50', '', '', NULL, '', '0', '4028809c1d625bcf011d66fd0dda0006', NULL, NULL, '', '', '', NULL, '', NULL);
INSERT INTO `grid_column_config` (`ID`, `fk_action_grid_config_id`, `name`, `dataindex`, `data_column`, `search`, `to_add`, `to_update`, `column_can_update`, `list`, `report`, `type`, `dateFormat`, `allow_blank`, `max_length`, `check_message`, `check_regular`, `text_field_parameters`, `combo_sql`, `serial_number`, `flag_active`, `flag_bak`, `user_type`, `team`, `s_note`, `sql_result`, `is_html`, `default_text`, `cascade_columns`) VALUES ('4028ae316edaad98016ee83ec99d0001', 'classAnalyse-classPieDetail', '单位名称', 'unitName', '', '1', '0', '0', '0', '1', '1', 'TextField', 'yyyy-MM-dd', '1', '50', '', '', NULL, '', '1', '4028809c1d625bcf011d66fd0dda0006', NULL, NULL, '', '', '', NULL, '', NULL);
INSERT INTO `grid_column_config` (`ID`, `fk_action_grid_config_id`, `name`, `dataindex`, `data_column`, `search`, `to_add`, `to_update`, `column_can_update`, `list`, `report`, `type`, `dateFormat`, `allow_blank`, `max_length`, `check_message`, `check_regular`, `text_field_parameters`, `combo_sql`, `serial_number`, `flag_active`, `flag_bak`, `user_type`, `team`, `s_note`, `sql_result`, `is_html`, `default_text`, `cascade_columns`) VALUES ('4028ae316edaad98016ee83f15f80002', 'classAnalyse-classPieDetail', '班级数量', 'classTotalNum', '', '1', '0', '0', '0', '1', '1', 'TextField', 'yyyy-MM-dd', '1', '50', '', '', NULL, '', '2', '4028809c1d625bcf011d66fd0dda0006', NULL, NULL, '', '', '', NULL, '', NULL);
INSERT INTO `grid_column_config` (`ID`, `fk_action_grid_config_id`, `name`, `dataindex`, `data_column`, `search`, `to_add`, `to_update`, `column_can_update`, `list`, `report`, `type`, `dateFormat`, `allow_blank`, `max_length`, `check_message`, `check_regular`, `text_field_parameters`, `combo_sql`, `serial_number`, `flag_active`, `flag_bak`, `user_type`, `team`, `s_note`, `sql_result`, `is_html`, `default_text`, `cascade_columns`) VALUES ('4028ae316ee94c1b016ee96456f50000', 'classAnalyse_classDetailAnalyse_isEnd', 'id', 'id', '', '0', '0', '0', '0', '0', '0', 'TextField', 'yyyy-MM-dd', '1', '50', '', '', NULL, '', '0', '4028809c1d625bcf011d66fd0dda0006', NULL, NULL, '', '', '', NULL, '', NULL);
INSERT INTO `grid_column_config` (`ID`, `fk_action_grid_config_id`, `name`, `dataindex`, `data_column`, `search`, `to_add`, `to_update`, `column_can_update`, `list`, `report`, `type`, `dateFormat`, `allow_blank`, `max_length`, `check_message`, `check_regular`, `text_field_parameters`, `combo_sql`, `serial_number`, `flag_active`, `flag_bak`, `user_type`, `team`, `s_note`, `sql_result`, `is_html`, `default_text`, `cascade_columns`) VALUES ('4028ae316ee94c1b016ee9649b6c0001', 'classAnalyse_classDetailAnalyse_isEnd', '班级名称', 'className', '', '0', '0', '0', '0', '1', '1', 'TextField', 'yyyy-MM-dd', '1', '50', '', '', NULL, '', '1', '4028809c1d625bcf011d66fd0dda0006', NULL, NULL, '', '', '', NULL, '', NULL);
INSERT INTO `grid_column_config` (`ID`, `fk_action_grid_config_id`, `name`, `dataindex`, `data_column`, `search`, `to_add`, `to_update`, `column_can_update`, `list`, `report`, `type`, `dateFormat`, `allow_blank`, `max_length`, `check_message`, `check_regular`, `text_field_parameters`, `combo_sql`, `serial_number`, `flag_active`, `flag_bak`, `user_type`, `team`, `s_note`, `sql_result`, `is_html`, `default_text`, `cascade_columns`) VALUES ('4028ae316ee94c1b016ee964d5f40002', 'classAnalyse_classDetailAnalyse_isEnd', '班主任', 'classMasterName', '', '0', '0', '0', '0', '1', '1', 'TextField', 'yyyy-MM-dd', '1', '50', '', '', NULL, '', '2', '4028809c1d625bcf011d66fd0dda0006', NULL, NULL, '', '', '', NULL, '', NULL);
INSERT INTO `grid_column_config` (`ID`, `fk_action_grid_config_id`, `name`, `dataindex`, `data_column`, `search`, `to_add`, `to_update`, `column_can_update`, `list`, `report`, `type`, `dateFormat`, `allow_blank`, `max_length`, `check_message`, `check_regular`, `text_field_parameters`, `combo_sql`, `serial_number`, `flag_active`, `flag_bak`, `user_type`, `team`, `s_note`, `sql_result`, `is_html`, `default_text`, `cascade_columns`) VALUES ('4028ae316ee94c1b016ee9651d6a0003', 'classAnalyse_classDetailAnalyse_isEnd', '总评分', 'total', '', '0', '0', '0', '0', '1', '1', 'TextField', 'yyyy-MM-dd', '1', '50', '', '', NULL, '', '3', '4028809c1d625bcf011d66fd0dda0006', NULL, NULL, '', '', '', NULL, '', NULL);
INSERT INTO `grid_column_config` (`ID`, `fk_action_grid_config_id`, `name`, `dataindex`, `data_column`, `search`, `to_add`, `to_update`, `column_can_update`, `list`, `report`, `type`, `dateFormat`, `allow_blank`, `max_length`, `check_message`, `check_regular`, `text_field_parameters`, `combo_sql`, `serial_number`, `flag_active`, `flag_bak`, `user_type`, `team`, `s_note`, `sql_result`, `is_html`, `default_text`, `cascade_columns`) VALUES ('4028ae316ee94c1b016ee9655ecb0004', 'classAnalyse_classDetailAnalyse_isEnd', '组织管理', 'group', '', '0', '0', '0', '0', '1', '1', 'TextField', 'yyyy-MM-dd', '1', '50', '', '', NULL, '', '4', '4028809c1d625bcf011d66fd0dda0006', NULL, NULL, '', '', '', NULL, '', NULL);
INSERT INTO `grid_column_config` (`ID`, `fk_action_grid_config_id`, `name`, `dataindex`, `data_column`, `search`, `to_add`, `to_update`, `column_can_update`, `list`, `report`, `type`, `dateFormat`, `allow_blank`, `max_length`, `check_message`, `check_regular`, `text_field_parameters`, `combo_sql`, `serial_number`, `flag_active`, `flag_bak`, `user_type`, `team`, `s_note`, `sql_result`, `is_html`, `default_text`, `cascade_columns`) VALUES ('4028ae316ee94c1b016ee965cff20005', 'classAnalyse_classDetailAnalyse_isEnd', '班主任评价', 'classMaster', '', '0', '0', '0', '0', '1', '1', 'TextField', 'yyyy-MM-dd', '1', '50', '', '', NULL, '', '5', '4028809c1d625bcf011d66fd0dda0006', NULL, NULL, '', '', '', NULL, '', NULL);
INSERT INTO `grid_column_config` (`ID`, `fk_action_grid_config_id`, `name`, `dataindex`, `data_column`, `search`, `to_add`, `to_update`, `column_can_update`, `list`, `report`, `type`, `dateFormat`, `allow_blank`, `max_length`, `check_message`, `check_regular`, `text_field_parameters`, `combo_sql`, `serial_number`, `flag_active`, `flag_bak`, `user_type`, `team`, `s_note`, `sql_result`, `is_html`, `default_text`, `cascade_columns`) VALUES ('4028ae316ee94c1b016ee9660be00006', 'classAnalyse_classDetailAnalyse_isEnd', '课程评价', 'course', '', '0', '0', '0', '0', '1', '1', 'TextField', 'yyyy-MM-dd', '1', '50', '', '', NULL, '', '6', '4028809c1d625bcf011d66fd0dda0006', NULL, NULL, '', '', '', NULL, '', NULL);
INSERT INTO `grid_column_config` (`ID`, `fk_action_grid_config_id`, `name`, `dataindex`, `data_column`, `search`, `to_add`, `to_update`, `column_can_update`, `list`, `report`, `type`, `dateFormat`, `allow_blank`, `max_length`, `check_message`, `check_regular`, `text_field_parameters`, `combo_sql`, `serial_number`, `flag_active`, `flag_bak`, `user_type`, `team`, `s_note`, `sql_result`, `is_html`, `default_text`, `cascade_columns`) VALUES ('4028ae316ee94c1b016ee96653780007', 'classAnalyse_classDetailAnalyse_isEnd', '后勤服务', 'rearService', '', '1', '0', '0', '0', '1', '1', 'TextField', 'yyyy-MM-dd', '1', '50', '', '', NULL, '', '7', '4028809c1d625bcf011d66fd0dda0006', NULL, NULL, '', '', '', NULL, '', NULL);
INSERT INTO `grid_column_config` (`ID`, `fk_action_grid_config_id`, `name`, `dataindex`, `data_column`, `search`, `to_add`, `to_update`, `column_can_update`, `list`, `report`, `type`, `dateFormat`, `allow_blank`, `max_length`, `check_message`, `check_regular`, `text_field_parameters`, `combo_sql`, `serial_number`, `flag_active`, `flag_bak`, `user_type`, `team`, `s_note`, `sql_result`, `is_html`, `default_text`, `cascade_columns`) VALUES ('4028ae316ee94c1b016ee966a5c20008', 'classAnalyse_classDetailAnalyse_isEnd', '人数', 'studentNumber', '', '0', '0', '0', '0', '1', '1', 'TextField', 'yyyy-MM-dd', '1', '50', '', '', NULL, '', '8', '4028809c1d625bcf011d66fd0dda0006', NULL, NULL, '', '', '', NULL, '', NULL);
INSERT INTO `grid_column_config` (`ID`, `fk_action_grid_config_id`, `name`, `dataindex`, `data_column`, `search`, `to_add`, `to_update`, `column_can_update`, `list`, `report`, `type`, `dateFormat`, `allow_blank`, `max_length`, `check_message`, `check_regular`, `text_field_parameters`, `combo_sql`, `serial_number`, `flag_active`, `flag_bak`, `user_type`, `team`, `s_note`, `sql_result`, `is_html`, `default_text`, `cascade_columns`) VALUES ('4028ae316ee94c1b016ee966f6ca0009', 'classAnalyse_classDetailAnalyse_isEnd', '签到', 'signCount', '', '0', '0', '0', '0', '1', '1', 'TextField', 'yyyy-MM-dd', '1', '50', '', '', NULL, '', '9', '4028809c1d625bcf011d66fd0dda0006', NULL, NULL, '', '', '', NULL, '', NULL);
INSERT INTO `grid_column_config` (`ID`, `fk_action_grid_config_id`, `name`, `dataindex`, `data_column`, `search`, `to_add`, `to_update`, `column_can_update`, `list`, `report`, `type`, `dateFormat`, `allow_blank`, `max_length`, `check_message`, `check_regular`, `text_field_parameters`, `combo_sql`, `serial_number`, `flag_active`, `flag_bak`, `user_type`, `team`, `s_note`, `sql_result`, `is_html`, `default_text`, `cascade_columns`) VALUES ('4028ae316ee94c1b016ee96726d3000a', 'classAnalyse_classDetailAnalyse_isEnd', '签到率', 'signRate', '', '0', '0', '0', '0', '1', '1', 'TextField', 'yyyy-MM-dd', '1', '50', '', '', NULL, '', '10', '4028809c1d625bcf011d66fd0dda0006', NULL, NULL, '', '', '', NULL, '', NULL);
INSERT INTO `grid_column_config` (`ID`, `fk_action_grid_config_id`, `name`, `dataindex`, `data_column`, `search`, `to_add`, `to_update`, `column_can_update`, `list`, `report`, `type`, `dateFormat`, `allow_blank`, `max_length`, `check_message`, `check_regular`, `text_field_parameters`, `combo_sql`, `serial_number`, `flag_active`, `flag_bak`, `user_type`, `team`, `s_note`, `sql_result`, `is_html`, `default_text`, `cascade_columns`) VALUES ('4028ae316ee94c1b016ee9727531000b', 'classAnalyse_classDetailAnalyse_noStart', 'id', 'id', '', '0', '0', '0', '0', '0', '0', 'TextField', 'yyyy-MM-dd', '1', '50', '', '', NULL, '', '0', '4028809c1d625bcf011d66fd0dda0006', NULL, NULL, '', '', '', NULL, '', NULL);
INSERT INTO `grid_column_config` (`ID`, `fk_action_grid_config_id`, `name`, `dataindex`, `data_column`, `search`, `to_add`, `to_update`, `column_can_update`, `list`, `report`, `type`, `dateFormat`, `allow_blank`, `max_length`, `check_message`, `check_regular`, `text_field_parameters`, `combo_sql`, `serial_number`, `flag_active`, `flag_bak`, `user_type`, `team`, `s_note`, `sql_result`, `is_html`, `default_text`, `cascade_columns`) VALUES ('4028ae316ee94c1b016ee972c84d000c', 'classAnalyse_classDetailAnalyse_noStart', '班级名称', 'className', '', '0', '0', '0', '0', '1', '1', 'TextField', 'yyyy-MM-dd', '1', '50', '', '', NULL, '', '1', '4028809c1d625bcf011d66fd0dda0006', NULL, NULL, '', '', '', NULL, '', NULL);
INSERT INTO `grid_column_config` (`ID`, `fk_action_grid_config_id`, `name`, `dataindex`, `data_column`, `search`, `to_add`, `to_update`, `column_can_update`, `list`, `report`, `type`, `dateFormat`, `allow_blank`, `max_length`, `check_message`, `check_regular`, `text_field_parameters`, `combo_sql`, `serial_number`, `flag_active`, `flag_bak`, `user_type`, `team`, `s_note`, `sql_result`, `is_html`, `default_text`, `cascade_columns`) VALUES ('4028ae316ee94c1b016ee972fffb000d', 'classAnalyse_classDetailAnalyse_noStart', '班主任', 'classMaster', '', '0', '0', '0', '0', '1', '1', 'TextField', 'yyyy-MM-dd', '1', '50', '', '', NULL, '', '2', '4028809c1d625bcf011d66fd0dda0006', NULL, NULL, '', '', '', NULL, '', NULL);
INSERT INTO `grid_column_config` (`ID`, `fk_action_grid_config_id`, `name`, `dataindex`, `data_column`, `search`, `to_add`, `to_update`, `column_can_update`, `list`, `report`, `type`, `dateFormat`, `allow_blank`, `max_length`, `check_message`, `check_regular`, `text_field_parameters`, `combo_sql`, `serial_number`, `flag_active`, `flag_bak`, `user_type`, `team`, `s_note`, `sql_result`, `is_html`, `default_text`, `cascade_columns`) VALUES ('4028ae316ee94c1b016ee97338ed000e', 'classAnalyse_classDetailAnalyse_noStart', '学院人数', 'studentNumber', '', '0', '0', '0', '0', '1', '1', 'TextField', 'yyyy-MM-dd', '1', '50', '', '', NULL, '', '3', '4028809c1d625bcf011d66fd0dda0006', NULL, NULL, '', '', '', NULL, '', NULL);
INSERT INTO `grid_column_config` (`ID`, `fk_action_grid_config_id`, `name`, `dataindex`, `data_column`, `search`, `to_add`, `to_update`, `column_can_update`, `list`, `report`, `type`, `dateFormat`, `allow_blank`, `max_length`, `check_message`, `check_regular`, `text_field_parameters`, `combo_sql`, `serial_number`, `flag_active`, `flag_bak`, `user_type`, `team`, `s_note`, `sql_result`, `is_html`, `default_text`, `cascade_columns`) VALUES ('4028ae316ee94c1b016ee9738bd6000f', 'classAnalyse_classDetailAnalyse_noStart', '课程数', 'courseNumber', '', '0', '0', '0', '0', '1', '1', 'TextField', 'yyyy-MM-dd', '1', '50', '', '', NULL, '', '4', '4028809c1d625bcf011d66fd0dda0006', NULL, NULL, '', '', '', NULL, '', NULL);
INSERT INTO `grid_column_config` (`ID`, `fk_action_grid_config_id`, `name`, `dataindex`, `data_column`, `search`, `to_add`, `to_update`, `column_can_update`, `list`, `report`, `type`, `dateFormat`, `allow_blank`, `max_length`, `check_message`, `check_regular`, `text_field_parameters`, `combo_sql`, `serial_number`, `flag_active`, `flag_bak`, `user_type`, `team`, `s_note`, `sql_result`, `is_html`, `default_text`, `cascade_columns`) VALUES ('4028ae316ee94c1b016ee973ccd30010', 'classAnalyse_classDetailAnalyse_noStart', '附件数', 'attachFileNumber', '', '0', '0', '0', '0', '1', '1', 'TextField', 'yyyy-MM-dd', '1', '50', '', '', NULL, '', '5', '4028809c1d625bcf011d66fd0dda0006', NULL, NULL, '', '', '', NULL, '', NULL);
INSERT INTO `grid_column_config` (`ID`, `fk_action_grid_config_id`, `name`, `dataindex`, `data_column`, `search`, `to_add`, `to_update`, `column_can_update`, `list`, `report`, `type`, `dateFormat`, `allow_blank`, `max_length`, `check_message`, `check_regular`, `text_field_parameters`, `combo_sql`, `serial_number`, `flag_active`, `flag_bak`, `user_type`, `team`, `s_note`, `sql_result`, `is_html`, `default_text`, `cascade_columns`) VALUES ('4028ae316ee94c1b016ee974047a0011', 'classAnalyse_classDetailAnalyse_noStart', '开始时间', 'startTime', '', '0', '0', '0', '0', '1', '1', 'TextField', 'yyyy-MM-dd', '1', '50', '', '', NULL, '', '6', '4028809c1d625bcf011d66fd0dda0006', NULL, NULL, '', '', '', NULL, '', NULL);
INSERT INTO `grid_column_config` (`ID`, `fk_action_grid_config_id`, `name`, `dataindex`, `data_column`, `search`, `to_add`, `to_update`, `column_can_update`, `list`, `report`, `type`, `dateFormat`, `allow_blank`, `max_length`, `check_message`, `check_regular`, `text_field_parameters`, `combo_sql`, `serial_number`, `flag_active`, `flag_bak`, `user_type`, `team`, `s_note`, `sql_result`, `is_html`, `default_text`, `cascade_columns`) VALUES ('4028ae316ee94c1b016ee97436cc0012', 'classAnalyse_classDetailAnalyse_noStart', '结束时间', 'endTime', '', '0', '0', '0', '0', '1', '1', 'TextField', 'yyyy-MM-dd', '1', '50', '', '', NULL, '', '7', '4028809c1d625bcf011d66fd0dda0006', NULL, NULL, '', '', '', NULL, '', NULL);
INSERT INTO `grid_column_config` (`ID`, `fk_action_grid_config_id`, `name`, `dataindex`, `data_column`, `search`, `to_add`, `to_update`, `column_can_update`, `list`, `report`, `type`, `dateFormat`, `allow_blank`, `max_length`, `check_message`, `check_regular`, `text_field_parameters`, `combo_sql`, `serial_number`, `flag_active`, `flag_bak`, `user_type`, `team`, `s_note`, `sql_result`, `is_html`, `default_text`, `cascade_columns`) VALUES ('4028ae316ee94c1b016ee974a3c00013', 'classAnalyse_classDetailAnalyse_noStart', '结束时间', 'endTime', '', '0', '0', '0', '0', '1', '1', 'TextField', 'yyyy-MM-dd', '1', '50', '', '', NULL, '', '8', '4028809c1d625bcf011d66fd0dda0006', NULL, NULL, '', '', '', NULL, '', NULL);
INSERT INTO `grid_column_config` (`ID`, `fk_action_grid_config_id`, `name`, `dataindex`, `data_column`, `search`, `to_add`, `to_update`, `column_can_update`, `list`, `report`, `type`, `dateFormat`, `allow_blank`, `max_length`, `check_message`, `check_regular`, `text_field_parameters`, `combo_sql`, `serial_number`, `flag_active`, `flag_bak`, `user_type`, `team`, `s_note`, `sql_result`, `is_html`, `default_text`, `cascade_columns`) VALUES ('4028ae316eed7b2c016eedcfe2e70000', 'classQualityDetailGrid', 'id', 'id', '', '0', '0', '0', '0', '0', '0', 'TextField', 'yyyy-MM-dd', '1', '50', '', '', NULL, '', '1', '4028809c1d625bcf011d66fd0dda0006', NULL, NULL, '', '', '', NULL, '', NULL);
INSERT INTO `grid_column_config` (`ID`, `fk_action_grid_config_id`, `name`, `dataindex`, `data_column`, `search`, `to_add`, `to_update`, `column_can_update`, `list`, `report`, `type`, `dateFormat`, `allow_blank`, `max_length`, `check_message`, `check_regular`, `text_field_parameters`, `combo_sql`, `serial_number`, `flag_active`, `flag_bak`, `user_type`, `team`, `s_note`, `sql_result`, `is_html`, `default_text`, `cascade_columns`) VALUES ('4028ae316eed7b2c016eedd3d4fa0002', 'classQualityDetailGrid', '评价项', 'optionName', '', '0', '0', '0', '0', '1', '1', 'TextField', 'yyyy-MM-dd', '1', '50', '', '', NULL, '', '2', '4028809c1d625bcf011d66fd0dda0006', NULL, NULL, '', '', '', NULL, '', NULL);
INSERT INTO `grid_column_config` (`ID`, `fk_action_grid_config_id`, `name`, `dataindex`, `data_column`, `search`, `to_add`, `to_update`, `column_can_update`, `list`, `report`, `type`, `dateFormat`, `allow_blank`, `max_length`, `check_message`, `check_regular`, `text_field_parameters`, `combo_sql`, `serial_number`, `flag_active`, `flag_bak`, `user_type`, `team`, `s_note`, `sql_result`, `is_html`, `default_text`, `cascade_columns`) VALUES ('4028ae316eed7b2c016eedd40c850003', 'classQualityDetailGrid', '优秀', 'best', '', '0', '0', '0', '0', '1', '1', 'TextField', 'yyyy-MM-dd', '1', '50', '', '', NULL, '', '3', '4028809c1d625bcf011d66fd0dda0006', NULL, NULL, '', '', '', NULL, '', NULL);
INSERT INTO `grid_column_config` (`ID`, `fk_action_grid_config_id`, `name`, `dataindex`, `data_column`, `search`, `to_add`, `to_update`, `column_can_update`, `list`, `report`, `type`, `dateFormat`, `allow_blank`, `max_length`, `check_message`, `check_regular`, `text_field_parameters`, `combo_sql`, `serial_number`, `flag_active`, `flag_bak`, `user_type`, `team`, `s_note`, `sql_result`, `is_html`, `default_text`, `cascade_columns`) VALUES ('4028ae316eed7b2c016eedd4416e0004', 'classQualityDetailGrid', '良好', 'good', '', '0', '0', '0', '0', '1', '1', 'TextField', 'yyyy-MM-dd', '1', '50', '', '', NULL, '', '4', '4028809c1d625bcf011d66fd0dda0006', NULL, NULL, '', '', '', NULL, '', NULL);
INSERT INTO `grid_column_config` (`ID`, `fk_action_grid_config_id`, `name`, `dataindex`, `data_column`, `search`, `to_add`, `to_update`, `column_can_update`, `list`, `report`, `type`, `dateFormat`, `allow_blank`, `max_length`, `check_message`, `check_regular`, `text_field_parameters`, `combo_sql`, `serial_number`, `flag_active`, `flag_bak`, `user_type`, `team`, `s_note`, `sql_result`, `is_html`, `default_text`, `cascade_columns`) VALUES ('4028ae316eed7b2c016eedd47a3c0005', 'classQualityDetailGrid', '一般', 'general', '', '0', '0', '0', '0', '1', '1', 'TextField', 'yyyy-MM-dd', '1', '50', '', '', NULL, '', '5', '4028809c1d625bcf011d66fd0dda0006', NULL, NULL, '', '', '', NULL, '', NULL);
INSERT INTO `grid_column_config` (`ID`, `fk_action_grid_config_id`, `name`, `dataindex`, `data_column`, `search`, `to_add`, `to_update`, `column_can_update`, `list`, `report`, `type`, `dateFormat`, `allow_blank`, `max_length`, `check_message`, `check_regular`, `text_field_parameters`, `combo_sql`, `serial_number`, `flag_active`, `flag_bak`, `user_type`, `team`, `s_note`, `sql_result`, `is_html`, `default_text`, `cascade_columns`) VALUES ('4028ae316eed7b2c016eedd4b6370006', 'classQualityDetailGrid', '很差', 'bad', '', '0', '0', '0', '0', '1', '1', 'TextField', 'yyyy-MM-dd', '1', '50', '', '', NULL, '', '6', '4028809c1d625bcf011d66fd0dda0006', NULL, NULL, '', '', '', NULL, '', NULL);
INSERT INTO `grid_column_config` (`ID`, `fk_action_grid_config_id`, `name`, `dataindex`, `data_column`, `search`, `to_add`, `to_update`, `column_can_update`, `list`, `report`, `type`, `dateFormat`, `allow_blank`, `max_length`, `check_message`, `check_regular`, `text_field_parameters`, `combo_sql`, `serial_number`, `flag_active`, `flag_bak`, `user_type`, `team`, `s_note`, `sql_result`, `is_html`, `default_text`, `cascade_columns`) VALUES ('4028ae316eeeb028016eeecc33960000', 'feeUnitExpenseGrid', 'id', 'id', '', '0', '0', '0', '0', '0', '0', 'TextField', 'yyyy-MM-dd', '1', '50', '', '', NULL, '', '0', '4028809c1d625bcf011d66fd0dda0006', NULL, NULL, '', '', '', NULL, '', NULL);
INSERT INTO `grid_column_config` (`ID`, `fk_action_grid_config_id`, `name`, `dataindex`, `data_column`, `search`, `to_add`, `to_update`, `column_can_update`, `list`, `report`, `type`, `dateFormat`, `allow_blank`, `max_length`, `check_message`, `check_regular`, `text_field_parameters`, `combo_sql`, `serial_number`, `flag_active`, `flag_bak`, `user_type`, `team`, `s_note`, `sql_result`, `is_html`, `default_text`, `cascade_columns`) VALUES ('4028ae316eeeb028016eeecc5b8b0001', 'feeUnitExpenseGrid', '单位名称', 'name', '', '0', '0', '0', '0', '1', '1', 'TextField', 'yyyy-MM-dd', '1', '50', '', '', NULL, '', '1', '4028809c1d625bcf011d66fd0dda0006', NULL, NULL, '', '', '', NULL, '', NULL);
INSERT INTO `grid_column_config` (`ID`, `fk_action_grid_config_id`, `name`, `dataindex`, `data_column`, `search`, `to_add`, `to_update`, `column_can_update`, `list`, `report`, `type`, `dateFormat`, `allow_blank`, `max_length`, `check_message`, `check_regular`, `text_field_parameters`, `combo_sql`, `serial_number`, `flag_active`, `flag_bak`, `user_type`, `team`, `s_note`, `sql_result`, `is_html`, `default_text`, `cascade_columns`) VALUES ('4028ae316eeeb028016eeecc905c0002', 'feeUnitExpenseGrid', '支出', 'value', '', '0', '0', '0', '0', '1', '1', 'TextField', 'yyyy-MM-dd', '1', '50', '', '', NULL, '', '2', '4028809c1d625bcf011d66fd0dda0006', NULL, NULL, '', '', '', NULL, '', NULL);
INSERT INTO `grid_column_config` (`ID`, `fk_action_grid_config_id`, `name`, `dataindex`, `data_column`, `search`, `to_add`, `to_update`, `column_can_update`, `list`, `report`, `type`, `dateFormat`, `allow_blank`, `max_length`, `check_message`, `check_regular`, `text_field_parameters`, `combo_sql`, `serial_number`, `flag_active`, `flag_bak`, `user_type`, `team`, `s_note`, `sql_result`, `is_html`, `default_text`, `cascade_columns`) VALUES ('4028ae316eeeb028016eeed071030003', 'feeUnitIncomingGrid', 'id', 'id', '', '0', '0', '0', '0', '0', '0', 'TextField', 'yyyy-MM-dd', '1', '50', '', '', NULL, '', '0', '4028809c1d625bcf011d66fd0dda0006', NULL, NULL, '', '', '', NULL, '', NULL);
INSERT INTO `grid_column_config` (`ID`, `fk_action_grid_config_id`, `name`, `dataindex`, `data_column`, `search`, `to_add`, `to_update`, `column_can_update`, `list`, `report`, `type`, `dateFormat`, `allow_blank`, `max_length`, `check_message`, `check_regular`, `text_field_parameters`, `combo_sql`, `serial_number`, `flag_active`, `flag_bak`, `user_type`, `team`, `s_note`, `sql_result`, `is_html`, `default_text`, `cascade_columns`) VALUES ('4028ae316eeeb028016eeed097b30004', 'feeUnitIncomingGrid', '单位名称', 'name', '', '0', '0', '0', '0', '1', '1', 'TextField', 'yyyy-MM-dd', '1', '50', '', '', NULL, '', '1', '4028809c1d625bcf011d66fd0dda0006', NULL, NULL, '', '', '', NULL, '', NULL);
INSERT INTO `grid_column_config` (`ID`, `fk_action_grid_config_id`, `name`, `dataindex`, `data_column`, `search`, `to_add`, `to_update`, `column_can_update`, `list`, `report`, `type`, `dateFormat`, `allow_blank`, `max_length`, `check_message`, `check_regular`, `text_field_parameters`, `combo_sql`, `serial_number`, `flag_active`, `flag_bak`, `user_type`, `team`, `s_note`, `sql_result`, `is_html`, `default_text`, `cascade_columns`) VALUES ('4028ae316eeeb028016eeed0c5890005', 'feeUnitIncomingGrid', '收入', 'value', '', '0', '0', '0', '0', '1', '1', 'TextField', 'yyyy-MM-dd', '1', '50', '', '', NULL, '', '2', '4028809c1d625bcf011d66fd0dda0006', NULL, NULL, '', '', '', NULL, '', NULL);
INSERT INTO `grid_column_config` (`ID`, `fk_action_grid_config_id`, `name`, `dataindex`, `data_column`, `search`, `to_add`, `to_update`, `column_can_update`, `list`, `report`, `type`, `dateFormat`, `allow_blank`, `max_length`, `check_message`, `check_regular`, `text_field_parameters`, `combo_sql`, `serial_number`, `flag_active`, `flag_bak`, `user_type`, `team`, `s_note`, `sql_result`, `is_html`, `default_text`, `cascade_columns`) VALUES ('4028ae316eeeb028016eeee527690006', 'feeAnalyseDetail', 'id', 'id', '', '0', '0', '0', '0', '0', '0', 'TextField', 'yyyy-MM-dd', '1', '50', '', '', NULL, '', '0', '4028809c1d625bcf011d66fd0dda0006', NULL, NULL, '', '', '', NULL, '', NULL);
INSERT INTO `grid_column_config` (`ID`, `fk_action_grid_config_id`, `name`, `dataindex`, `data_column`, `search`, `to_add`, `to_update`, `column_can_update`, `list`, `report`, `type`, `dateFormat`, `allow_blank`, `max_length`, `check_message`, `check_regular`, `text_field_parameters`, `combo_sql`, `serial_number`, `flag_active`, `flag_bak`, `user_type`, `team`, `s_note`, `sql_result`, `is_html`, `default_text`, `cascade_columns`) VALUES ('4028ae316eeeb028016eeee568920007', 'feeAnalyseDetail', '单位名称', 'unitName', '', '0', '0', '0', '0', '1', '1', 'TextField', 'yyyy-MM-dd', '1', '50', '', '', NULL, '', '1', '4028809c1d625bcf011d66fd0dda0006', NULL, NULL, '', '', '', NULL, '', NULL);
INSERT INTO `grid_column_config` (`ID`, `fk_action_grid_config_id`, `name`, `dataindex`, `data_column`, `search`, `to_add`, `to_update`, `column_can_update`, `list`, `report`, `type`, `dateFormat`, `allow_blank`, `max_length`, `check_message`, `check_regular`, `text_field_parameters`, `combo_sql`, `serial_number`, `flag_active`, `flag_bak`, `user_type`, `team`, `s_note`, `sql_result`, `is_html`, `default_text`, `cascade_columns`) VALUES ('4028ae316eeeb028016eeee5a2510008', 'feeAnalyseDetail', '总收入', 'incoming', '', '0', '0', '0', '0', '1', '1', 'TextField', 'yyyy-MM-dd', '1', '50', '', '', NULL, '', '2', '4028809c1d625bcf011d66fd0dda0006', NULL, NULL, '', '', '', NULL, '', NULL);
INSERT INTO `grid_column_config` (`ID`, `fk_action_grid_config_id`, `name`, `dataindex`, `data_column`, `search`, `to_add`, `to_update`, `column_can_update`, `list`, `report`, `type`, `dateFormat`, `allow_blank`, `max_length`, `check_message`, `check_regular`, `text_field_parameters`, `combo_sql`, `serial_number`, `flag_active`, `flag_bak`, `user_type`, `team`, `s_note`, `sql_result`, `is_html`, `default_text`, `cascade_columns`) VALUES ('4028ae316eeeb028016eeee5dc000009', 'feeAnalyseDetail', '总支出', 'expense', '', '0', '0', '0', '0', '1', '1', 'TextField', 'yyyy-MM-dd', '1', '50', '', '', NULL, '', '3', '4028809c1d625bcf011d66fd0dda0006', NULL, NULL, '', '', '', NULL, '', NULL);
INSERT INTO `grid_column_config` (`ID`, `fk_action_grid_config_id`, `name`, `dataindex`, `data_column`, `search`, `to_add`, `to_update`, `column_can_update`, `list`, `report`, `type`, `dateFormat`, `allow_blank`, `max_length`, `check_message`, `check_regular`, `text_field_parameters`, `combo_sql`, `serial_number`, `flag_active`, `flag_bak`, `user_type`, `team`, `s_note`, `sql_result`, `is_html`, `default_text`, `cascade_columns`) VALUES ('4028ae316eeeb028016eeee625b3000a', 'feeAnalyseDetail', '结余', 'balance', '', '0', '0', '0', '0', '1', '1', 'TextField', 'yyyy-MM-dd', '1', '50', '', '', NULL, '', '4', '4028809c1d625bcf011d66fd0dda0006', NULL, NULL, '', '', '', NULL, '', NULL);
INSERT INTO `grid_column_config` (`ID`, `fk_action_grid_config_id`, `name`, `dataindex`, `data_column`, `search`, `to_add`, `to_update`, `column_can_update`, `list`, `report`, `type`, `dateFormat`, `allow_blank`, `max_length`, `check_message`, `check_regular`, `text_field_parameters`, `combo_sql`, `serial_number`, `flag_active`, `flag_bak`, `user_type`, `team`, `s_note`, `sql_result`, `is_html`, `default_text`, `cascade_columns`) VALUES ('4028ae316eeeb028016eeee67350000b', 'feeAnalyseDetail', '结余率', 'balanceRate', '', '0', '0', '0', '0', '1', '1', 'TextField', 'yyyy-MM-dd', '1', '50', '', '', NULL, '', '5', '4028809c1d625bcf011d66fd0dda0006', NULL, NULL, '', '', '', NULL, '', NULL);
INSERT INTO `grid_column_config` (`ID`, `fk_action_grid_config_id`, `name`, `dataindex`, `data_column`, `search`, `to_add`, `to_update`, `column_can_update`, `list`, `report`, `type`, `dateFormat`, `allow_blank`, `max_length`, `check_message`, `check_regular`, `text_field_parameters`, `combo_sql`, `serial_number`, `flag_active`, `flag_bak`, `user_type`, `team`, `s_note`, `sql_result`, `is_html`, `default_text`, `cascade_columns`) VALUES ('4028ae316ef29041016ef2b91ab70000', 'unitRequirementDetail', 'id', 'id', '', '0', '0', '0', '0', '0', '0', 'TextField', 'yyyy-MM-dd', '1', '50', '', '', NULL, '', '0', '4028809c1d625bcf011d66fd0dda0006', NULL, NULL, '', '', '', NULL, '', NULL);
INSERT INTO `grid_column_config` (`ID`, `fk_action_grid_config_id`, `name`, `dataindex`, `data_column`, `search`, `to_add`, `to_update`, `column_can_update`, `list`, `report`, `type`, `dateFormat`, `allow_blank`, `max_length`, `check_message`, `check_regular`, `text_field_parameters`, `combo_sql`, `serial_number`, `flag_active`, `flag_bak`, `user_type`, `team`, `s_note`, `sql_result`, `is_html`, `default_text`, `cascade_columns`) VALUES ('4028ae316ef29041016ef2b951d70001', 'unitRequirementDetail', '单位名称', 'unitName', '', '0', '0', '0', '0', '1', '1', 'TextField', 'yyyy-MM-dd', '1', '50', '', '', NULL, '', '1', '4028809c1d625bcf011d66fd0dda0006', NULL, NULL, '', '', '', NULL, '', NULL);
INSERT INTO `grid_column_config` (`ID`, `fk_action_grid_config_id`, `name`, `dataindex`, `data_column`, `search`, `to_add`, `to_update`, `column_can_update`, `list`, `report`, `type`, `dateFormat`, `allow_blank`, `max_length`, `check_message`, `check_regular`, `text_field_parameters`, `combo_sql`, `serial_number`, `flag_active`, `flag_bak`, `user_type`, `team`, `s_note`, `sql_result`, `is_html`, `default_text`, `cascade_columns`) VALUES ('4028ae316ef29041016ef2b98def0002', 'unitRequirementDetail', '市场需求数量', 'total', '', '0', '0', '0', '0', '1', '1', 'TextField', 'yyyy-MM-dd', '1', '50', '', '', NULL, '', '2', '4028809c1d625bcf011d66fd0dda0006', NULL, NULL, '', '', '', NULL, '', NULL);
INSERT INTO `grid_column_config` (`ID`, `fk_action_grid_config_id`, `name`, `dataindex`, `data_column`, `search`, `to_add`, `to_update`, `column_can_update`, `list`, `report`, `type`, `dateFormat`, `allow_blank`, `max_length`, `check_message`, `check_regular`, `text_field_parameters`, `combo_sql`, `serial_number`, `flag_active`, `flag_bak`, `user_type`, `team`, `s_note`, `sql_result`, `is_html`, `default_text`, `cascade_columns`) VALUES ('4028ae316ef29041016ef2b9d4600003', 'unitRequirementDetail', '成功率', 'successRate', '', '0', '0', '0', '0', '1', '1', 'TextField', 'yyyy-MM-dd', '1', '50', '', '', NULL, '', '3', '4028809c1d625bcf011d66fd0dda0006', NULL, NULL, '', '', '', NULL, '', NULL);
INSERT INTO `grid_column_config` (`ID`, `fk_action_grid_config_id`, `name`, `dataindex`, `data_column`, `search`, `to_add`, `to_update`, `column_can_update`, `list`, `report`, `type`, `dateFormat`, `allow_blank`, `max_length`, `check_message`, `check_regular`, `text_field_parameters`, `combo_sql`, `serial_number`, `flag_active`, `flag_bak`, `user_type`, `team`, `s_note`, `sql_result`, `is_html`, `default_text`, `cascade_columns`) VALUES ('4028ae316ef29041016ef2ba102a0004', 'unitRequirementDetail', '失败率', 'failureRate', '', '0', '0', '0', '0', '1', '1', 'TextField', 'yyyy-MM-dd', '1', '50', '', '', NULL, '', '4', '4028809c1d625bcf011d66fd0dda0006', NULL, NULL, '', '', '', NULL, '', NULL);
INSERT INTO `grid_column_config` (`ID`, `fk_action_grid_config_id`, `name`, `dataindex`, `data_column`, `search`, `to_add`, `to_update`, `column_can_update`, `list`, `report`, `type`, `dateFormat`, `allow_blank`, `max_length`, `check_message`, `check_regular`, `text_field_parameters`, `combo_sql`, `serial_number`, `flag_active`, `flag_bak`, `user_type`, `team`, `s_note`, `sql_result`, `is_html`, `default_text`, `cascade_columns`) VALUES ('4028ae316ef29041016ef2ba54720005', 'unitRequirementDetail', '市场人员数量', 'person', '', '0', '0', '0', '0', '1', '1', 'TextField', 'yyyy-MM-dd', '1', '50', '', '', NULL, '', '5', '4028809c1d625bcf011d66fd0dda0006', NULL, NULL, '', '', '', NULL, '', NULL);
INSERT INTO `grid_column_config` (`ID`, `fk_action_grid_config_id`, `name`, `dataindex`, `data_column`, `search`, `to_add`, `to_update`, `column_can_update`, `list`, `report`, `type`, `dateFormat`, `allow_blank`, `max_length`, `check_message`, `check_regular`, `text_field_parameters`, `combo_sql`, `serial_number`, `flag_active`, `flag_bak`, `user_type`, `team`, `s_note`, `sql_result`, `is_html`, `default_text`, `cascade_columns`) VALUES ('4028ae316ef29041016ef2ba923f0006', 'unitRequirementDetail', '转化率', 'transferRate', '', '0', '0', '0', '0', '1', '1', 'TextField', 'yyyy-MM-dd', '1', '50', '', '', NULL, '', '6', '4028809c1d625bcf011d66fd0dda0006', NULL, NULL, '', '', '', NULL, '', NULL);
INSERT INTO `grid_column_config` (`ID`, `fk_action_grid_config_id`, `name`, `dataindex`, `data_column`, `search`, `to_add`, `to_update`, `column_can_update`, `list`, `report`, `type`, `dateFormat`, `allow_blank`, `max_length`, `check_message`, `check_regular`, `text_field_parameters`, `combo_sql`, `serial_number`, `flag_active`, `flag_bak`, `user_type`, `team`, `s_note`, `sql_result`, `is_html`, `default_text`, `cascade_columns`) VALUES ('4028ae316ef29041016ef2fb041f0008', 'itemQualityUnitDetail', 'id', 'id', '', '0', '0', '0', '0', '0', '0', 'TextField', 'yyyy-MM-dd', '1', '50', '', '', NULL, '', '0', '4028809c1d625bcf011d66fd0dda0006', NULL, NULL, '', '', '', NULL, '', NULL);
INSERT INTO `grid_column_config` (`ID`, `fk_action_grid_config_id`, `name`, `dataindex`, `data_column`, `search`, `to_add`, `to_update`, `column_can_update`, `list`, `report`, `type`, `dateFormat`, `allow_blank`, `max_length`, `check_message`, `check_regular`, `text_field_parameters`, `combo_sql`, `serial_number`, `flag_active`, `flag_bak`, `user_type`, `team`, `s_note`, `sql_result`, `is_html`, `default_text`, `cascade_columns`) VALUES ('4028ae316ef29041016ef2fb3bcb0009', 'itemQualityUnitDetail', '单位名称', 'unitName', '', '0', '0', '0', '0', '1', '1', 'TextField', 'yyyy-MM-dd', '1', '50', '', '', NULL, '', '1', '4028809c1d625bcf011d66fd0dda0006', NULL, NULL, '', '', '', NULL, '', NULL);
INSERT INTO `grid_column_config` (`ID`, `fk_action_grid_config_id`, `name`, `dataindex`, `data_column`, `search`, `to_add`, `to_update`, `column_can_update`, `list`, `report`, `type`, `dateFormat`, `allow_blank`, `max_length`, `check_message`, `check_regular`, `text_field_parameters`, `combo_sql`, `serial_number`, `flag_active`, `flag_bak`, `user_type`, `team`, `s_note`, `sql_result`, `is_html`, `default_text`, `cascade_columns`) VALUES ('4028ae316ef29041016ef2fb85d1000a', 'itemQualityUnitDetail', '总评分', 'totalScore', '', '0', '0', '0', '0', '1', '1', 'TextField', 'yyyy-MM-dd', '1', '50', '', '', NULL, '', '2', '4028809c1d625bcf011d66fd0dda0006', NULL, NULL, '', '', '', NULL, '', NULL);
INSERT INTO `grid_column_config` (`ID`, `fk_action_grid_config_id`, `name`, `dataindex`, `data_column`, `search`, `to_add`, `to_update`, `column_can_update`, `list`, `report`, `type`, `dateFormat`, `allow_blank`, `max_length`, `check_message`, `check_regular`, `text_field_parameters`, `combo_sql`, `serial_number`, `flag_active`, `flag_bak`, `user_type`, `team`, `s_note`, `sql_result`, `is_html`, `default_text`, `cascade_columns`) VALUES ('4028ae316ef29041016ef2fbc151000b', 'itemQualityUnitDetail', '组织管理', 'group', '', '0', '0', '0', '0', '1', '1', 'TextField', 'yyyy-MM-dd', '1', '50', '', '', NULL, '', '3', '4028809c1d625bcf011d66fd0dda0006', NULL, NULL, '', '', '', NULL, '', NULL);
INSERT INTO `grid_column_config` (`ID`, `fk_action_grid_config_id`, `name`, `dataindex`, `data_column`, `search`, `to_add`, `to_update`, `column_can_update`, `list`, `report`, `type`, `dateFormat`, `allow_blank`, `max_length`, `check_message`, `check_regular`, `text_field_parameters`, `combo_sql`, `serial_number`, `flag_active`, `flag_bak`, `user_type`, `team`, `s_note`, `sql_result`, `is_html`, `default_text`, `cascade_columns`) VALUES ('4028ae316ef29041016ef2fc044e000c', 'itemQualityUnitDetail', '班主任工作', 'classMaster', '', '0', '0', '0', '0', '1', '1', 'TextField', 'yyyy-MM-dd', '1', '50', '', '', NULL, '', '4', '4028809c1d625bcf011d66fd0dda0006', NULL, NULL, '', '', '', NULL, '', NULL);
INSERT INTO `grid_column_config` (`ID`, `fk_action_grid_config_id`, `name`, `dataindex`, `data_column`, `search`, `to_add`, `to_update`, `column_can_update`, `list`, `report`, `type`, `dateFormat`, `allow_blank`, `max_length`, `check_message`, `check_regular`, `text_field_parameters`, `combo_sql`, `serial_number`, `flag_active`, `flag_bak`, `user_type`, `team`, `s_note`, `sql_result`, `is_html`, `default_text`, `cascade_columns`) VALUES ('4028ae316ef29041016ef2fc407f000d', 'itemQualityUnitDetail', '后勤服务', 'rearService', '', '0', '0', '0', '0', '1', '1', 'TextField', 'yyyy-MM-dd', '1', '50', '', '', NULL, '', '5', '4028809c1d625bcf011d66fd0dda0006', NULL, NULL, '', '', '', NULL, '', NULL);
INSERT INTO `grid_column_config` (`ID`, `fk_action_grid_config_id`, `name`, `dataindex`, `data_column`, `search`, `to_add`, `to_update`, `column_can_update`, `list`, `report`, `type`, `dateFormat`, `allow_blank`, `max_length`, `check_message`, `check_regular`, `text_field_parameters`, `combo_sql`, `serial_number`, `flag_active`, `flag_bak`, `user_type`, `team`, `s_note`, `sql_result`, `is_html`, `default_text`, `cascade_columns`) VALUES ('4028ae316ef29041016ef2fd9d37000e', 'itemQualityUnitDetail', '授课效果', 'course', '', '0', '0', '0', '0', '1', '1', 'TextField', 'yyyy-MM-dd', '1', '50', '', '', NULL, '', '6', '4028809c1d625bcf011d66fd0dda0006', NULL, NULL, '', '', '', NULL, '', NULL);
INSERT INTO `grid_column_config` (`ID`, `fk_action_grid_config_id`, `name`, `dataindex`, `data_column`, `search`, `to_add`, `to_update`, `column_can_update`, `list`, `report`, `type`, `dateFormat`, `allow_blank`, `max_length`, `check_message`, `check_regular`, `text_field_parameters`, `combo_sql`, `serial_number`, `flag_active`, `flag_bak`, `user_type`, `team`, `s_note`, `sql_result`, `is_html`, `default_text`, `cascade_columns`) VALUES ('7deb78871b1511eabd12fcaa140ebf84', 'classQualityDetailGridCourse', 'id', 'id', '', '0', '0', NULL, '0', '0', '0', 'TextField', 'yyyy-MM-dd', '1', '50', '', '', NULL, '', '1', '4028809c1d625bcf011d66fd0dda0006', NULL, NULL, '', '', '', NULL, '', NULL);
INSERT INTO `grid_column_config` (`ID`, `fk_action_grid_config_id`, `name`, `dataindex`, `data_column`, `search`, `to_add`, `to_update`, `column_can_update`, `list`, `report`, `type`, `dateFormat`, `allow_blank`, `max_length`, `check_message`, `check_regular`, `text_field_parameters`, `combo_sql`, `serial_number`, `flag_active`, `flag_bak`, `user_type`, `team`, `s_note`, `sql_result`, `is_html`, `default_text`, `cascade_columns`) VALUES ('7e4868fb1b1511eabd12fcaa140ebf84', 'classQualityDetailGridCourse', '评价项', 'optionName', '', '0', '0', NULL, '0', '1', '1', 'TextField', 'yyyy-MM-dd', '1', '50', '', '', NULL, '', '2', '4028809c1d625bcf011d66fd0dda0006', NULL, NULL, '', '', '', NULL, '', NULL);
INSERT INTO `grid_column_config` (`ID`, `fk_action_grid_config_id`, `name`, `dataindex`, `data_column`, `search`, `to_add`, `to_update`, `column_can_update`, `list`, `report`, `type`, `dateFormat`, `allow_blank`, `max_length`, `check_message`, `check_regular`, `text_field_parameters`, `combo_sql`, `serial_number`, `flag_active`, `flag_bak`, `user_type`, `team`, `s_note`, `sql_result`, `is_html`, `default_text`, `cascade_columns`) VALUES ('7e486ffa1b1511eabd12fcaa140ebf84', 'classQualityDetailGridCourse', '优秀', 'best', '', '0', '0', NULL, '0', '1', '1', 'TextField', 'yyyy-MM-dd', '1', '50', '', '', NULL, '', '3', '4028809c1d625bcf011d66fd0dda0006', NULL, NULL, '', '', '', NULL, '', NULL);
INSERT INTO `grid_column_config` (`ID`, `fk_action_grid_config_id`, `name`, `dataindex`, `data_column`, `search`, `to_add`, `to_update`, `column_can_update`, `list`, `report`, `type`, `dateFormat`, `allow_blank`, `max_length`, `check_message`, `check_regular`, `text_field_parameters`, `combo_sql`, `serial_number`, `flag_active`, `flag_bak`, `user_type`, `team`, `s_note`, `sql_result`, `is_html`, `default_text`, `cascade_columns`) VALUES ('7e4871cc1b1511eabd12fcaa140ebf84', 'classQualityDetailGridCourse', '良好', 'good', '', '0', '0', NULL, '0', '1', '1', 'TextField', 'yyyy-MM-dd', '1', '50', '', '', NULL, '', '4', '4028809c1d625bcf011d66fd0dda0006', NULL, NULL, '', '', '', NULL, '', NULL);
INSERT INTO `grid_column_config` (`ID`, `fk_action_grid_config_id`, `name`, `dataindex`, `data_column`, `search`, `to_add`, `to_update`, `column_can_update`, `list`, `report`, `type`, `dateFormat`, `allow_blank`, `max_length`, `check_message`, `check_regular`, `text_field_parameters`, `combo_sql`, `serial_number`, `flag_active`, `flag_bak`, `user_type`, `team`, `s_note`, `sql_result`, `is_html`, `default_text`, `cascade_columns`) VALUES ('7e48735c1b1511eabd12fcaa140ebf84', 'classQualityDetailGridCourse', '一般', 'general', '', '0', '0', NULL, '0', '1', '1', 'TextField', 'yyyy-MM-dd', '1', '50', '', '', NULL, '', '5', '4028809c1d625bcf011d66fd0dda0006', NULL, NULL, '', '', '', NULL, '', NULL);
INSERT INTO `grid_column_config` (`ID`, `fk_action_grid_config_id`, `name`, `dataindex`, `data_column`, `search`, `to_add`, `to_update`, `column_can_update`, `list`, `report`, `type`, `dateFormat`, `allow_blank`, `max_length`, `check_message`, `check_regular`, `text_field_parameters`, `combo_sql`, `serial_number`, `flag_active`, `flag_bak`, `user_type`, `team`, `s_note`, `sql_result`, `is_html`, `default_text`, `cascade_columns`) VALUES ('7e4874f31b1511eabd12fcaa140ebf84', 'classQualityDetailGridCourse', '很差', 'bad', '', '0', '0', NULL, '0', '1', '1', 'TextField', 'yyyy-MM-dd', '1', '50', '', '', NULL, '', '6', '4028809c1d625bcf011d66fd0dda0006', NULL, NULL, '', '', '', NULL, '', NULL);
INSERT INTO `grid_column_config` (`ID`, `fk_action_grid_config_id`, `name`, `dataindex`, `data_column`, `search`, `to_add`, `to_update`, `column_can_update`, `list`, `report`, `type`, `dateFormat`, `allow_blank`, `max_length`, `check_message`, `check_regular`, `text_field_parameters`, `combo_sql`, `serial_number`, `flag_active`, `flag_bak`, `user_type`, `team`, `s_note`, `sql_result`, `is_html`, `default_text`, `cascade_columns`) VALUES ('ff8080816edc2642016eed9ee3f90657', 'classActivityGrid', 'id', 'id', '', '0', '0', '0', '0', '0', '0', 'TextField', 'yyyy-MM-dd', '1', '50', '', '', NULL, '', '0', '4028809c1d625bcf011d66fd0dda0006', NULL, NULL, '', '', '', NULL, '', NULL);
INSERT INTO `grid_column_config` (`ID`, `fk_action_grid_config_id`, `name`, `dataindex`, `data_column`, `search`, `to_add`, `to_update`, `column_can_update`, `list`, `report`, `type`, `dateFormat`, `allow_blank`, `max_length`, `check_message`, `check_regular`, `text_field_parameters`, `combo_sql`, `serial_number`, `flag_active`, `flag_bak`, `user_type`, `team`, `s_note`, `sql_result`, `is_html`, `default_text`, `cascade_columns`) VALUES ('ff8080816edc2642016eed9f359c0658', 'classActivityGrid', '签到时间', 'signTime', '', '0', '0', '0', '0', '1', '1', 'TextField', 'yyyy-MM-dd', '1', '50', '', '', NULL, '', '1', '4028809c1d625bcf011d66fd0dda0006', NULL, NULL, '', '', '', NULL, '', NULL);
INSERT INTO `grid_column_config` (`ID`, `fk_action_grid_config_id`, `name`, `dataindex`, `data_column`, `search`, `to_add`, `to_update`, `column_can_update`, `list`, `report`, `type`, `dateFormat`, `allow_blank`, `max_length`, `check_message`, `check_regular`, `text_field_parameters`, `combo_sql`, `serial_number`, `flag_active`, `flag_bak`, `user_type`, `team`, `s_note`, `sql_result`, `is_html`, `default_text`, `cascade_columns`) VALUES ('ff8080816edc2642016eed9f7ab00659', 'classActivityGrid', '应到人数', 'willReach', '', '0', '0', '0', '0', '1', '1', 'TextField', 'yyyy-MM-dd', '1', '50', '', '', NULL, '', '2', '4028809c1d625bcf011d66fd0dda0006', NULL, NULL, '', '', '', NULL, '', NULL);
INSERT INTO `grid_column_config` (`ID`, `fk_action_grid_config_id`, `name`, `dataindex`, `data_column`, `search`, `to_add`, `to_update`, `column_can_update`, `list`, `report`, `type`, `dateFormat`, `allow_blank`, `max_length`, `check_message`, `check_regular`, `text_field_parameters`, `combo_sql`, `serial_number`, `flag_active`, `flag_bak`, `user_type`, `team`, `s_note`, `sql_result`, `is_html`, `default_text`, `cascade_columns`) VALUES ('ff8080816edc2642016eeda06686065c', 'classActivityGrid', '签到', 'reached', '', '0', '0', '0', '0', '1', '1', 'TextField', 'yyyy-MM-dd', '1', '50', '', '', NULL, '', '3', '4028809c1d625bcf011d66fd0dda0006', NULL, NULL, '', '', '', NULL, '', NULL);
INSERT INTO `grid_column_config` (`ID`, `fk_action_grid_config_id`, `name`, `dataindex`, `data_column`, `search`, `to_add`, `to_update`, `column_can_update`, `list`, `report`, `type`, `dateFormat`, `allow_blank`, `max_length`, `check_message`, `check_regular`, `text_field_parameters`, `combo_sql`, `serial_number`, `flag_active`, `flag_bak`, `user_type`, `team`, `s_note`, `sql_result`, `is_html`, `default_text`, `cascade_columns`) VALUES ('ff8080816edc2642016eeda0df1a065d', 'classActivityGrid', '代签', 'onBehalf', '', '0', '0', '0', '0', '1', '1', 'TextField', 'yyyy-MM-dd', '1', '50', '', '', NULL, '', '4', '4028809c1d625bcf011d66fd0dda0006', NULL, NULL, '', '', '', NULL, '', NULL);
INSERT INTO `grid_column_config` (`ID`, `fk_action_grid_config_id`, `name`, `dataindex`, `data_column`, `search`, `to_add`, `to_update`, `column_can_update`, `list`, `report`, `type`, `dateFormat`, `allow_blank`, `max_length`, `check_message`, `check_regular`, `text_field_parameters`, `combo_sql`, `serial_number`, `flag_active`, `flag_bak`, `user_type`, `team`, `s_note`, `sql_result`, `is_html`, `default_text`, `cascade_columns`) VALUES ('ff8080816edc2642016eeda12bd7065e', 'classActivityGrid', '未签到', 'noReach', '', '0', '0', '0', '0', '1', '1', 'TextField', 'yyyy-MM-dd', '1', '50', '', '', NULL, '', '5', '4028809c1d625bcf011d66fd0dda0006', NULL, NULL, '', '', '', NULL, '', NULL);
INSERT INTO `grid_column_config` (`ID`, `fk_action_grid_config_id`, `name`, `dataindex`, `data_column`, `search`, `to_add`, `to_update`, `column_can_update`, `list`, `report`, `type`, `dateFormat`, `allow_blank`, `max_length`, `check_message`, `check_regular`, `text_field_parameters`, `combo_sql`, `serial_number`, `flag_active`, `flag_bak`, `user_type`, `team`, `s_note`, `sql_result`, `is_html`, `default_text`, `cascade_columns`) VALUES ('ff8080816edc2642016eeda15d7f065f', 'classActivityGrid', '迟到', 'isLate', '', '0', '0', '0', '0', '1', '1', 'TextField', 'yyyy-MM-dd', '1', '50', '', '', NULL, '', '6', '4028809c1d625bcf011d66fd0dda0006', NULL, NULL, '', '', '', NULL, '', NULL);
INSERT INTO `grid_column_config` (`ID`, `fk_action_grid_config_id`, `name`, `dataindex`, `data_column`, `search`, `to_add`, `to_update`, `column_can_update`, `list`, `report`, `type`, `dateFormat`, `allow_blank`, `max_length`, `check_message`, `check_regular`, `text_field_parameters`, `combo_sql`, `serial_number`, `flag_active`, `flag_bak`, `user_type`, `team`, `s_note`, `sql_result`, `is_html`, `default_text`, `cascade_columns`) VALUES ('ff8080816edc2642016eeda1982c0660', 'classActivityGrid', '早退', 'isLeaveEarly', '', '0', '0', '0', '0', '1', '1', 'TextField', 'yyyy-MM-dd', '1', '50', '', '', NULL, '', '7', '4028809c1d625bcf011d66fd0dda0006', NULL, NULL, '', '', '', NULL, '', NULL);
INSERT INTO `grid_column_config` (`ID`, `fk_action_grid_config_id`, `name`, `dataindex`, `data_column`, `search`, `to_add`, `to_update`, `column_can_update`, `list`, `report`, `type`, `dateFormat`, `allow_blank`, `max_length`, `check_message`, `check_regular`, `text_field_parameters`, `combo_sql`, `serial_number`, `flag_active`, `flag_bak`, `user_type`, `team`, `s_note`, `sql_result`, `is_html`, `default_text`, `cascade_columns`) VALUES ('ff8080816edc2642016eeda1cff90661', 'classActivityGrid', '作弊', 'isCribbing', '', '0', '0', '0', '0', '1', '1', 'TextField', 'yyyy-MM-dd', '1', '50', '', '', NULL, '', '8', '4028809c1d625bcf011d66fd0dda0006', NULL, NULL, '', '', '', NULL, '', NULL);

INSERT INTO `enum_const` (`ID`, `NAME`, `CODE`, `NAMESPACE`, `IS_DEFAULT`, `CREATE_DATE`, `NOTE`, `TEAM`) VALUES ('88366077119211eabd12fcaa140ebf84', '是', '1', 'FlagIsShift', '0', '2019-11-28 11:52:43', '统计块是否可以切换', NULL);
INSERT INTO `enum_const` (`ID`, `NAME`, `CODE`, `NAMESPACE`, `IS_DEFAULT`, `CREATE_DATE`, `NOTE`, `TEAM`) VALUES ('8fead382119211eabd12fcaa140ebf84', '否', '0', 'FlagIsShift', '0', '2019-11-28 11:52:56', '统计块是否可以切换', NULL);

INSERT INTO `enum_const` (`ID`, `NAME`, `CODE`, `NAMESPACE`, `IS_DEFAULT`, `CREATE_DATE`, `NOTE`, `TEAM`) VALUES ('45315beb15b411eabd12fcaa140ebf84', '日期范围', '1', 'FlagAnalyseConditionType', '0', '2019-12-03 18:04:18', '统计框架条件类型', NULL);
INSERT INTO `enum_const` (`ID`, `NAME`, `CODE`, `NAMESPACE`, `IS_DEFAULT`, `CREATE_DATE`, `NOTE`, `TEAM`) VALUES ('4535f51015b411eabd12fcaa140ebf84', '下拉框', '2', 'FlagAnalyseConditionType', '0', '2019-12-03 18:04:18', '统计框架条件类型', NULL);
INSERT INTO `enum_const` (`ID`, `NAME`, `CODE`, `NAMESPACE`, `IS_DEFAULT`, `CREATE_DATE`, `NOTE`, `TEAM`) VALUES ('d92de9de180b11eabd12fcaa140ebf84', '文本框', '3', 'FlagAnalyseConditionType', '0', '2019-12-06 17:36:15', '统计框架条件类型', NULL);

INSERT INTO `enum_const` (`ID`, `NAME`, `CODE`, `NAMESPACE`, `IS_DEFAULT`, `CREATE_DATE`, `NOTE`, `TEAM`) VALUES ('0776cd07102811eabd12fcaa140ebf84', '对比图统计', '10', 'FlagAnalyseType', '0', '2019-11-26 16:37:49', '通用统计类型', '1');
INSERT INTO `enum_const` (`ID`, `NAME`, `CODE`, `NAMESPACE`, `IS_DEFAULT`, `CREATE_DATE`, `NOTE`, `TEAM`) VALUES ('133b3db50f4e11eabd12fcaa140ebf84', '饼图统计', '3', 'FlagAnalyseType', '0', '2019-11-25 14:37:39', '通用统计类型', '1');
INSERT INTO `enum_const` (`ID`, `NAME`, `CODE`, `NAMESPACE`, `IS_DEFAULT`, `CREATE_DATE`, `NOTE`, `TEAM`) VALUES ('47903b4a101311eabd12fcaa140ebf84', '进度条统计', '8', 'FlagAnalyseType', '0', '2019-11-26 14:09:17', '通用统计类型', '1');
INSERT INTO `enum_const` (`ID`, `NAME`, `CODE`, `NAMESPACE`, `IS_DEFAULT`, `CREATE_DATE`, `NOTE`, `TEAM`) VALUES ('568145430f5f11eabd12fcaa140ebf84', '漏斗图统计', '4', 'FlagAnalyseType', '0', '2019-11-25 16:41:13', '通用统计类型', '1');
INSERT INTO `enum_const` (`ID`, `NAME`, `CODE`, `NAMESPACE`, `IS_DEFAULT`, `CREATE_DATE`, `NOTE`, `TEAM`) VALUES ('7ebd451c103511eabd12fcaa140ebf84', '区域统计', '11', 'FlagAnalyseType', '0', '2019-11-26 18:14:13', '通用统计类型', '1');
INSERT INTO `enum_const` (`ID`, `NAME`, `CODE`, `NAMESPACE`, `IS_DEFAULT`, `CREATE_DATE`, `NOTE`, `TEAM`) VALUES ('b7a6b1100dd511eabd12fcaa140ebf84', '柱状折线图统计', '2', 'FlagAnalyseType', '0', '2019-11-23 17:43:34', '通用统计类型', '1');
INSERT INTO `enum_const` (`ID`, `NAME`, `CODE`, `NAMESPACE`, `IS_DEFAULT`, `CREATE_DATE`, `NOTE`, `TEAM`) VALUES ('bbdc975c0f6811eabd12fcaa140ebf84', '雷达图统计', '5', 'FlagAnalyseType', '0', '2019-11-25 17:48:29', '通用统计类型', '1');
INSERT INTO `enum_const` (`ID`, `NAME`, `CODE`, `NAMESPACE`, `IS_DEFAULT`, `CREATE_DATE`, `NOTE`, `TEAM`) VALUES ('cb2552ce0ff111eabd12fcaa140ebf84', '文本块统计', '6', 'FlagAnalyseType', '0', '2019-11-26 10:09:35', '通用统计类型', NULL);
INSERT INTO `enum_const` (`ID`, `NAME`, `CODE`, `NAMESPACE`, `IS_DEFAULT`, `CREATE_DATE`, `NOTE`, `TEAM`) VALUES ('d8f28270101f11eabd12fcaa140ebf84', '散点图统计', '9', 'FlagAnalyseType', '0', '2019-11-26 15:39:15', '通用统计类型', '1');
INSERT INTO `enum_const` (`ID`, `NAME`, `CODE`, `NAMESPACE`, `IS_DEFAULT`, `CREATE_DATE`, `NOTE`, `TEAM`) VALUES ('e0d379020ff611eabd12fcaa140ebf84', 'grid统计', '7', 'FlagAnalyseType', '0', '2019-11-26 10:45:59', '通用统计类型', NULL);
INSERT INTO `enum_const` (`ID`, `NAME`, `CODE`, `NAMESPACE`, `IS_DEFAULT`, `CREATE_DATE`, `NOTE`, `TEAM`) VALUES ('f79c81010da011eabd12fcaa140ebf84', '横列统计', '1', 'FlagAnalyseType', '0', '2019-11-23 11:25:58', '通用统计类型', NULL);


-- ----------------------------
-- Table structure for analyse_basic_config
-- ----------------------------
DROP TABLE IF EXISTS `analyse_basic_config`;
CREATE TABLE `analyse_basic_config` (
  `id` varchar(32) NOT NULL,
  `code` varchar(50) NOT NULL COMMENT '编号',
  `name` varchar(50) NOT NULL COMMENT '名称',
  `flag_analyse_type` varchar(32) NOT NULL COMMENT '统计类型',
  `create_date` datetime NOT NULL COMMENT '创建时间',
  PRIMARY KEY (`id`),
  UNIQUE KEY `analyse_basic_config_unique_index` (`code`),
  KEY `analyse_basic_config_analyse_type_fk` (`flag_analyse_type`),
  CONSTRAINT `analyse_basic_config_analyse_type_fk` FOREIGN KEY (`flag_analyse_type`) REFERENCES `enum_const` (`ID`)
) ENGINE=InnoDB DEFAULT CHARSET=utf8 COMMENT='统计配置';

-- ----------------------------
-- Records of analyse_basic_config
-- ----------------------------
INSERT INTO `analyse_basic_config` VALUES ('04cff8f2157511eabd12fcaa140ebf84', 'courseProgressBar', '课程进度柱状图', 'b7a6b1100dd511eabd12fcaa140ebf84', '2019-12-03 10:31:39');
INSERT INTO `analyse_basic_config` VALUES ('0bee31331b1f11eabd12fcaa140ebf84', 'feeUnitIncomingRankPie', '单位收入前十饼图', '133b3db50f4e11eabd12fcaa140ebf84', '2019-12-10 15:31:51');
INSERT INTO `analyse_basic_config` VALUES ('0bfaa9340da111eabd12fcaa140ebf84', 'columnDemo', '横列示例', 'f79c81010da011eabd12fcaa140ebf84', '2019-11-23 11:27:32');
INSERT INTO `analyse_basic_config` VALUES ('0d4e2a7d102811eabd12fcaa140ebf84', 'compareDemo', '对比图示例', '0776cd07102811eabd12fcaa140ebf84', '2019-11-26 16:38:40');
INSERT INTO `analyse_basic_config` VALUES ('0d65a97e127c11eabd12fcaa140ebf84', 'barAndLineDemo', '柱折图', 'b7a6b1100dd511eabd12fcaa140ebf84', '2019-11-29 15:44:11');
INSERT INTO `analyse_basic_config` VALUES ('0efed3581a6a11eabd12fcaa140ebf84', 'classVoteBlock', '投票情况', 'cb2552ce0ff111eabd12fcaa140ebf84', '2019-12-09 17:56:13');
INSERT INTO `analyse_basic_config` VALUES ('143ed7ea17f611eabd12fcaa140ebf84', 'qualityRankBar', '质量评估排名', 'b7a6b1100dd511eabd12fcaa140ebf84', '2019-12-06 15:00:46');
INSERT INTO `analyse_basic_config` VALUES ('15a80b5a1bb411eabd12fcaa140ebf84', 'requirementFollowLine', '平均跟进次数及成功率统计', 'b7a6b1100dd511eabd12fcaa140ebf84', '2019-12-11 09:19:13');
INSERT INTO `analyse_basic_config` VALUES ('1977c6ea1be511eabd12fcaa140ebf84', 'unitLeadClassDetailPie', '各单位带班量详情饼图', '133b3db50f4e11eabd12fcaa140ebf84', '2019-12-11 15:08:57');
INSERT INTO `analyse_basic_config` VALUES ('197a71231be511eabd12fcaa140ebf84', 'unitLeadClassDetailGrid', '各单位带班量详情对比列表', 'e0d379020ff611eabd12fcaa140ebf84', '2019-12-11 15:08:57');
INSERT INTO `analyse_basic_config` VALUES ('1ab0428717f911eabd12fcaa140ebf84', 'signInfoBlock', '签到情况', 'cb2552ce0ff111eabd12fcaa140ebf84', '2019-12-06 15:22:26');
INSERT INTO `analyse_basic_config` VALUES ('1c399c1c1b2611eabd12fcaa140ebf84', 'feeAnalyseDetailGrid', '收支详情', 'e0d379020ff611eabd12fcaa140ebf84', '2019-12-10 16:22:20');
INSERT INTO `analyse_basic_config` VALUES ('1c624da11bb711eabd12fcaa140ebf84', 'requirementFollowFunnel', '市场需求转化率', 'b7a6b1100dd511eabd12fcaa140ebf84', '2019-12-11 09:40:21');
INSERT INTO `analyse_basic_config` VALUES ('1d9404ec17d511eabd12fcaa140ebf84', 'classActivityColumn', '班级活动', 'f79c81010da011eabd12fcaa140ebf84', '2019-12-06 11:05:15');
INSERT INTO `analyse_basic_config` VALUES ('20594710174011eabd12fcaa140ebf84', 'trainingItemApplyBar', '项目申报情况', 'b7a6b1100dd511eabd12fcaa140ebf84', '2019-12-05 17:18:58');
INSERT INTO `analyse_basic_config` VALUES ('2344ee021b2f11eabd12fcaa140ebf84', 'requirementDetailPie', '市场需求详情', '133b3db50f4e11eabd12fcaa140ebf84', '2019-12-10 17:27:05');
INSERT INTO `analyse_basic_config` VALUES ('258af62617d311eabd12fcaa140ebf84', 'classAnalyseInfoColumn', '班级信息', 'f79c81010da011eabd12fcaa140ebf84', '2019-12-06 10:50:43');
INSERT INTO `analyse_basic_config` VALUES ('26fddfc7173411eabd12fcaa140ebf84', 'trainingItemColumn', '培训项目', 'f79c81010da011eabd12fcaa140ebf84', '2019-12-05 15:53:39');
INSERT INTO `analyse_basic_config` VALUES ('277560131b1511eabd12fcaa140ebf84', 'classQualityDetailGridCourse', '课程评价', 'e0d379020ff611eabd12fcaa140ebf84', '2019-12-10 14:21:02');
INSERT INTO `analyse_basic_config` VALUES ('2805b99c1af511eabd12fcaa140ebf84', 'classActivityGridDetailPie', '班级活动详情饼图', '133b3db50f4e11eabd12fcaa140ebf84', '2019-12-10 10:31:40');
INSERT INTO `analyse_basic_config` VALUES ('2a3687211a5f11eabd12fcaa140ebf84', 'classActivityStackBar', '班级活动堆积柱', 'b7a6b1100dd511eabd12fcaa140ebf84', '2019-12-09 16:38:15');
INSERT INTO `analyse_basic_config` VALUES ('2c54b16c1b2211eabd12fcaa140ebf84', 'feeUnitExpenseGrid', '单位支出列表', 'e0d379020ff611eabd12fcaa140ebf84', '2019-12-10 15:53:59');
INSERT INTO `analyse_basic_config` VALUES ('2f5ec5f01b2711eabd12fcaa140ebf84', 'feeAnalyseDetailPie', '收支详情饼图', '133b3db50f4e11eabd12fcaa140ebf84', '2019-12-10 16:29:52');
INSERT INTO `analyse_basic_config` VALUES ('375d01ec1a2211eabd12fcaa140ebf84', 'unitClassDetailGrid', '带班统计列表', 'e0d379020ff611eabd12fcaa140ebf84', '2019-12-09 09:22:23');
INSERT INTO `analyse_basic_config` VALUES ('37a896a31bc911eabd12fcaa140ebf84', 'unitLeadClassBarAndLine', '各单位带班量柱状图', 'b7a6b1100dd511eabd12fcaa140ebf84', '2019-12-11 11:49:22');
INSERT INTO `analyse_basic_config` VALUES ('431ee10b0f5311eabd12fcaa140ebf84', 'pieDemo', '饼图', '133b3db50f4e11eabd12fcaa140ebf84', '2019-11-25 15:16:06');
INSERT INTO `analyse_basic_config` VALUES ('4403e6c91b2211eabd12fcaa140ebf84', 'feeUnitIncomingGrid', '单位收入列表', 'e0d379020ff611eabd12fcaa140ebf84', '2019-12-10 15:54:51');
INSERT INTO `analyse_basic_config` VALUES ('479a4aa317f011eabd12fcaa140ebf84', 'unitClassRankPie', '带班统计前十', '133b3db50f4e11eabd12fcaa140ebf84', '2019-12-06 14:19:16');
INSERT INTO `analyse_basic_config` VALUES ('4afc6da2173d11eabd12fcaa140ebf84', 'feeExpensePie', '财务支出详情', '133b3db50f4e11eabd12fcaa140ebf84', '2019-12-05 16:58:45');
INSERT INTO `analyse_basic_config` VALUES ('4f6ccf3c173811eabd12fcaa140ebf84', 'feeAcountBarAndLine', '财务概况', 'b7a6b1100dd511eabd12fcaa140ebf84', '2019-12-05 16:23:17');
INSERT INTO `analyse_basic_config` VALUES ('5dec8afc173011eabd12fcaa140ebf84', 'requirementColumn', '市场需求', 'f79c81010da011eabd12fcaa140ebf84', '2019-12-05 15:26:26');
INSERT INTO `analyse_basic_config` VALUES ('602b86eb1afc11eabd12fcaa140ebf84', 'classQualityDetailGrid', '组织管理', 'e0d379020ff611eabd12fcaa140ebf84', '2019-12-10 11:23:21');
INSERT INTO `analyse_basic_config` VALUES ('62b173091a4f11eabd12fcaa140ebf84', 'classDetailGrid_isEnd', '已结束', 'e0d379020ff611eabd12fcaa140ebf84', '2019-12-09 14:45:46');
INSERT INTO `analyse_basic_config` VALUES ('6bae8417173611eabd12fcaa140ebf84', 'classColumn', '班级', 'f79c81010da011eabd12fcaa140ebf84', '2019-12-05 16:09:17');
INSERT INTO `analyse_basic_config` VALUES ('6bce270317d911eabd12fcaa140ebf84', 'qualityRadar', '质量评估雷达图', 'bbdc975c0f6811eabd12fcaa140ebf84', '2019-12-06 11:36:44');
INSERT INTO `analyse_basic_config` VALUES ('6c8d47220f5f11eabd12fcaa140ebf84', 'funnelDemo', '漏斗图示例', '568145430f5f11eabd12fcaa140ebf84', '2019-11-25 16:42:58');
INSERT INTO `analyse_basic_config` VALUES ('6d08859f1a6d11eabd12fcaa140ebf84', 'classQuestionnaireBlock', '问卷情况', 'cb2552ce0ff111eabd12fcaa140ebf84', '2019-12-09 18:20:21');
INSERT INTO `analyse_basic_config` VALUES ('711155351b1b11eabd12fcaa140ebf84', 'feeUnitExpenseRankPie', '单位支出前十饼图', '133b3db50f4e11eabd12fcaa140ebf84', '2019-12-10 15:06:08');
INSERT INTO `analyse_basic_config` VALUES ('80b538c51a5c11eabd12fcaa140ebf84', 'classWeChatLoginLine', '微信登录情况', 'b7a6b1100dd511eabd12fcaa140ebf84', '2019-12-09 16:19:14');
INSERT INTO `analyse_basic_config` VALUES ('828bcc631a5811eabd12fcaa140ebf84', 'classCoursePercent', '课程进度进度图', '47903b4a101311eabd12fcaa140ebf84', '2019-12-09 15:50:37');
INSERT INTO `analyse_basic_config` VALUES ('854f6cf9103511eabd12fcaa140ebf84', 'mapDemo', '地域统计示例', '7ebd451c103511eabd12fcaa140ebf84', '2019-11-26 18:15:10');
INSERT INTO `analyse_basic_config` VALUES ('8c106747174911eabd12fcaa140ebf84', 'classAndStudentBarAndLine', '项目开班及学员情况', 'b7a6b1100dd511eabd12fcaa140ebf84', '2019-12-05 18:26:22');
INSERT INTO `analyse_basic_config` VALUES ('8ca61c941a5511eabd12fcaa140ebf84', 'classDetailExpensePie', '班级支出详情饼图', '133b3db50f4e11eabd12fcaa140ebf84', '2019-12-09 15:29:59');
INSERT INTO `analyse_basic_config` VALUES ('9e6ae5b0128711eabd12fcaa140ebf84', 'stackBarDemo', '堆积', 'b7a6b1100dd511eabd12fcaa140ebf84', '2019-11-29 17:08:13');
INSERT INTO `analyse_basic_config` VALUES ('9eac7fca1b2011eabd12fcaa140ebf84', 'feeUnitExpensePie', '单位支出饼图', '133b3db50f4e11eabd12fcaa140ebf84', '2019-12-10 15:42:51');
INSERT INTO `analyse_basic_config` VALUES ('9f3f00c317c411eabd12fcaa140ebf84', 'checkFlowStatusPie', '审批情况', '133b3db50f4e11eabd12fcaa140ebf84', '2019-12-06 09:06:45');
INSERT INTO `analyse_basic_config` VALUES ('a174311c17c511eabd12fcaa140ebf84', 'studentAreaMap', '学员地区分布', '7ebd451c103511eabd12fcaa140ebf84', '2019-12-06 09:14:46');
INSERT INTO `analyse_basic_config` VALUES ('a2e769221af411eabd12fcaa140ebf84', 'classActivityGrid', '班级活动详情', 'e0d379020ff611eabd12fcaa140ebf84', '2019-12-10 10:27:56');
INSERT INTO `analyse_basic_config` VALUES ('a3a554201a6911eabd12fcaa140ebf84', 'classHomeworkBlock', '作业情况', 'cb2552ce0ff111eabd12fcaa140ebf84', '2019-12-09 17:53:16');
INSERT INTO `analyse_basic_config` VALUES ('a7511e501bbb11eabd12fcaa140ebf84', 'unitRequirementDetail', '单位详情', 'e0d379020ff611eabd12fcaa140ebf84', '2019-12-11 10:12:54');
INSERT INTO `analyse_basic_config` VALUES ('aa2d98d01b3611eabd12fcaa140ebf84', 'requirementFollowScatter', '平均跟进次数及成功率统计', 'd8f28270101f11eabd12fcaa140ebf84', '2019-12-10 18:20:56');
INSERT INTO `analyse_basic_config` VALUES ('ab3f89541a5111eabd12fcaa140ebf84', 'classDetailGrid_noStart', '未开始', 'e0d379020ff611eabd12fcaa140ebf84', '2019-12-09 15:01:41');
INSERT INTO `analyse_basic_config` VALUES ('b36bc9a71bc211eabd12fcaa140ebf84', 'itemQualityLine', '项目质量趋势', 'b7a6b1100dd511eabd12fcaa140ebf84', '2019-12-11 11:03:03');
INSERT INTO `analyse_basic_config` VALUES ('b451c178173711eabd12fcaa140ebf84', 'studentColumn', '学员', 'f79c81010da011eabd12fcaa140ebf84', '2019-12-05 16:18:18');
INSERT INTO `analyse_basic_config` VALUES ('bfb471bd1b2011eabd12fcaa140ebf84', 'feeUnitIncomingPie', '单位收入饼图', '133b3db50f4e11eabd12fcaa140ebf84', '2019-12-10 15:44:02');
INSERT INTO `analyse_basic_config` VALUES ('c702d8a31b1411eabd12fcaa140ebf84', 'classQualityDetailGridRearService', '后勤服务', 'e0d379020ff611eabd12fcaa140ebf84', '2019-12-10 14:18:17');
INSERT INTO `analyse_basic_config` VALUES ('ce80504d1a2011eabd12fcaa140ebf84', 'unitClassPie', '带班统计', '133b3db50f4e11eabd12fcaa140ebf84', '2019-12-09 09:12:23');
INSERT INTO `analyse_basic_config` VALUES ('d343e00c0ff111eabd12fcaa140ebf84', 'blockDemo', '文本块示例', 'cb2552ce0ff111eabd12fcaa140ebf84', '2019-11-26 10:10:59');
INSERT INTO `analyse_basic_config` VALUES ('d5d2c2ee1b1611eabd12fcaa140ebf84', 'classQualityDetailCoursePie', '班级质量评价-课程评价饼图', '133b3db50f4e11eabd12fcaa140ebf84', '2019-12-10 14:33:05');
INSERT INTO `analyse_basic_config` VALUES ('d89644390f6911eabd12fcaa140ebf84', 'radarDemo', '雷达图示例', 'bbdc975c0f6811eabd12fcaa140ebf84', '2019-11-25 17:58:00');
INSERT INTO `analyse_basic_config` VALUES ('db3bab6b1b2311eabd12fcaa140ebf84', 'balanceRateBar', '结余率排名', 'b7a6b1100dd511eabd12fcaa140ebf84', '2019-12-10 16:06:16');
INSERT INTO `analyse_basic_config` VALUES ('dbcd8255157311eabd12fcaa140ebf84', 'courseProgressPercent', '课程进度百分比', '47903b4a101311eabd12fcaa140ebf84', '2019-12-03 10:23:53');
INSERT INTO `analyse_basic_config` VALUES ('dc5a0b791bbc11eabd12fcaa140ebf84', 'unitRequirementDetailPie', '单位性情市场跟进饼图', '133b3db50f4e11eabd12fcaa140ebf84', '2019-12-11 10:21:47');
INSERT INTO `analyse_basic_config` VALUES ('dd50d434101511eabd12fcaa140ebf84', 'percentDemo', '进度条示例', '47903b4a101311eabd12fcaa140ebf84', '2019-11-26 14:28:34');
INSERT INTO `analyse_basic_config` VALUES ('ddd19a1b17cd11eabd12fcaa140ebf84', 'unitDetailGrid', '班级详情', 'e0d379020ff611eabd12fcaa140ebf84', '2019-12-06 10:14:05');
INSERT INTO `analyse_basic_config` VALUES ('e13947851a5811eabd12fcaa140ebf84', 'classCourseTypeBar', '课程进度柱状图', 'b7a6b1100dd511eabd12fcaa140ebf84', '2019-12-09 15:53:18');
INSERT INTO `analyse_basic_config` VALUES ('e23fa80d1bc511eabd12fcaa140ebf84', 'itemQualityUnitDetailGrid', '单位详情', 'e0d379020ff611eabd12fcaa140ebf84', '2019-12-11 11:26:04');
INSERT INTO `analyse_basic_config` VALUES ('e2a7529d1a5311eabd12fcaa140ebf84', 'classAnalyseDetailInfoColumn', '班级信息-详情', 'f79c81010da011eabd12fcaa140ebf84', '2019-12-09 15:18:06');
INSERT INTO `analyse_basic_config` VALUES ('e31404e00ff611eabd12fcaa140ebf84', 'gridDemo', 'grid示例', 'e0d379020ff611eabd12fcaa140ebf84', '2019-11-26 10:47:25');
INSERT INTO `analyse_basic_config` VALUES ('e4328f6c180611eabd12fcaa140ebf84', 'classDetailGrid', '进行中', 'e0d379020ff611eabd12fcaa140ebf84', '2019-12-06 17:01:08');
INSERT INTO `analyse_basic_config` VALUES ('e88fd0e8101f11eabd12fcaa140ebf84', 'scatterDemo', '散点图示例', 'd8f28270101f11eabd12fcaa140ebf84', '2019-11-26 15:40:27');
INSERT INTO `analyse_basic_config` VALUES ('f37de4cc1b1511eabd12fcaa140ebf84', 'classQualityDetailPie', '班级质量评价饼图', '133b3db50f4e11eabd12fcaa140ebf84', '2019-12-10 14:26:47');
INSERT INTO `analyse_basic_config` VALUES ('faddd4841a6611eabd12fcaa140ebf84', 'classSignBlock', '签到情况', 'cb2552ce0ff111eabd12fcaa140ebf84', '2019-12-09 17:33:57');
INSERT INTO `analyse_basic_config` VALUES ('fba4009c1a5a11eabd12fcaa140ebf84', 'classPrepareItemPercent', '班主任自检进度', '47903b4a101311eabd12fcaa140ebf84', '2019-12-09 16:08:24');

-- ----------------------------
-- Table structure for analyse_block_condition
-- ----------------------------
DROP TABLE IF EXISTS `analyse_block_condition`;
CREATE TABLE `analyse_block_condition` (
  `id` varchar(32) NOT NULL,
  `fk_block_id` varchar(32) NOT NULL COMMENT '所属块',
  `label` varchar(50) NOT NULL COMMENT '条件名',
  `flag_analyse_condition_type` varchar(32) NOT NULL COMMENT '类型',
  `sql` varchar(255) DEFAULT NULL COMMENT '条件数据的sql',
  `data_index` varchar(50) NOT NULL COMMENT '字段key',
  `serial` int(3) NOT NULL COMMENT '顺序',
  `default_sql` varchar(255) DEFAULT NULL COMMENT '默认值的sql',
  PRIMARY KEY (`id`),
  UNIQUE KEY `analyse_block_condition_unique` (`fk_block_id`,`data_index`),
  KEY `analyse_block_condition_condition_type_fk` (`flag_analyse_condition_type`),
  CONSTRAINT `analyse_block_condition_block_fk` FOREIGN KEY (`fk_block_id`) REFERENCES `analyse_block_config` (`id`),
  CONSTRAINT `analyse_block_condition_condition_type_fk` FOREIGN KEY (`flag_analyse_condition_type`) REFERENCES `enum_const` (`ID`)
) ENGINE=InnoDB DEFAULT CHARSET=utf8;

-- ----------------------------
-- Records of analyse_block_condition
-- ----------------------------
INSERT INTO `analyse_block_condition` VALUES ('796b5d0f17c511eabd12fcaa140ebf84', '03b6f6ff17c511eabd12fcaa140ebf84', '类型', '4535f51015b411eabd12fcaa140ebf84', 'select id as id, name as label from enum_const where namespace = \'flagFlowType\'', 'checkType', '1', null);
INSERT INTO `analyse_block_condition` VALUES ('97d1a4e61b2611eabd12fcaa140ebf84', '3e9e05ac1b2611eabd12fcaa140ebf84', '单位名称', 'd92de9de180b11eabd12fcaa140ebf84', null, 'unitName_like', '1', null);
INSERT INTO `analyse_block_condition` VALUES ('d365c986180611eabd12fcaa140ebf84', 'd365c986180611eabd12fcaa140ebf84', '班级名称', 'd92de9de180b11eabd12fcaa140ebf84', null, 'className_like', '1', null);
INSERT INTO `analyse_block_condition` VALUES ('f03d7bb115b411eabd12fcaa140ebf84', '61036a92119211eabd12fcaa140ebf84', '单位', '4535f51015b411eabd12fcaa140ebf84', 'select id as id, name as label from pe_unit where site_code = \'${siteCode}\' AND [peUnit|id]', 'unit', '1', null);

-- ----------------------------
-- Table structure for analyse_block_config
-- ----------------------------
DROP TABLE IF EXISTS `analyse_block_config`;
CREATE TABLE `analyse_block_config` (
  `id` varchar(32) NOT NULL,
  `title` varchar(50) NOT NULL COMMENT '标题',
  `analyse_config_code` varchar(255) NOT NULL COMMENT '统计配置集'';''分割',
  `flag_is_shift` varchar(32) NOT NULL COMMENT '切换还是列举多个统计',
  `create_date` datetime NOT NULL,
  `note` varchar(255) DEFAULT NULL COMMENT '备注',
  `block_height` int(4) NOT NULL COMMENT '块的高度（横列的100，统计图的250，grid500）',
  `fk_detail_board_id` varchar(32) DEFAULT NULL COMMENT '此块的详情统计看板',
  PRIMARY KEY (`id`),
  KEY `analyse_block_config_is_shift_fk` (`flag_is_shift`),
  KEY `analyse_block_config_analyse_code_index` (`analyse_config_code`),
  KEY `analyse_block_config_detail_board_fk` (`fk_detail_board_id`),
  CONSTRAINT `analyse_block_config_detail_board_fk` FOREIGN KEY (`fk_detail_board_id`) REFERENCES `analyse_board_config` (`id`),
  CONSTRAINT `analyse_block_config_is_shift_fk` FOREIGN KEY (`flag_is_shift`) REFERENCES `enum_const` (`ID`)
) ENGINE=InnoDB DEFAULT CHARSET=utf8;

-- ----------------------------
-- Records of analyse_block_config
-- ----------------------------
INSERT INTO `analyse_block_config` VALUES ('011c11731a5511eabd12fcaa140ebf84', '班级活动', 'classActivityColumn', '8fead382119211eabd12fcaa140ebf84', '2019-12-09 15:25:31', null, '60', null);
INSERT INTO `analyse_block_config` VALUES ('03237d95173b11eabd12fcaa140ebf84', '财务概况', 'feeAcountBarAndLine', '8fead382119211eabd12fcaa140ebf84', '2019-12-05 16:42:06', null, '250', null);
INSERT INTO `analyse_block_config` VALUES ('03b6f6ff17c511eabd12fcaa140ebf84', '审批情况', 'checkFlowStatusPie', '8fead382119211eabd12fcaa140ebf84', '2019-12-06 09:09:57', null, '250', null);
INSERT INTO `analyse_block_config` VALUES ('0b1f97641b2111eabd12fcaa140ebf84', '各单位支出对比', 'feeUnitExpensePie', '8fead382119211eabd12fcaa140ebf84', '2019-12-10 15:46:06', null, '500', null);
INSERT INTO `analyse_block_config` VALUES ('0d0374fe17c611eabd12fcaa140ebf84', '学员地区分布', 'studentAreaMap', '8fead382119211eabd12fcaa140ebf84', '2019-12-06 09:16:51', null, '250', null);
INSERT INTO `analyse_block_config` VALUES ('0ee40f381bbe11eabd12fcaa140ebf84', '市场需求转化率', 'requirementFollowFunnel', '8fead382119211eabd12fcaa140ebf84', '2019-12-11 10:30:21', null, '250', null);
INSERT INTO `analyse_block_config` VALUES ('16689c251b3711eabd12fcaa140ebf84', '平均跟进次数及成功率统计', 'requirementFollowScatter', '8fead382119211eabd12fcaa140ebf84', '2019-12-10 18:23:37', null, '250', null);
INSERT INTO `analyse_block_config` VALUES ('18a011451be411eabd12fcaa140ebf84', '各单位带班量对比列表', 'unitLeadClassDetailGrid', '8fead382119211eabd12fcaa140ebf84', '2019-12-11 15:01:46', null, '500', null);
INSERT INTO `analyse_block_config` VALUES ('198e194b11a311eabd12fcaa140ebf84', '质量评估排名', 'gridDemo', '8fead382119211eabd12fcaa140ebf84', '2019-11-28 13:52:12', '这是一个测试', '500', null);
INSERT INTO `analyse_block_config` VALUES ('1e08484d157511eabd12fcaa140ebf84', '课程进度', 'courseProgressPercent;courseProgressBar', '8fead382119211eabd12fcaa140ebf84', '2019-12-03 10:33:11', null, '250', null);
INSERT INTO `analyse_block_config` VALUES ('23c946ea1a2111eabd12fcaa140ebf84', '带班统计', 'unitClassPie', '8fead382119211eabd12fcaa140ebf84', '2019-12-09 09:14:31', null, '500', null);
INSERT INTO `analyse_block_config` VALUES ('26f86e0e1aef11eabd12fcaa140ebf84', '签到情况', 'classSignBlock', '8fead382119211eabd12fcaa140ebf84', '2019-12-10 09:49:06', null, '200', null);
INSERT INTO `analyse_block_config` VALUES ('274dfd2717f411eabd12fcaa140ebf84', '带班统计', 'unitClassRankPie', '8fead382119211eabd12fcaa140ebf84', '2019-12-06 14:47:30', '显示开班数量前十的单位，如果需要所有单位的详细信息，请点击查看详情', '250', 'a39ed75e1a2011eabd12fcaa140ebf84');
INSERT INTO `analyse_block_config` VALUES ('2ba9538b1b2111eabd12fcaa140ebf84', '各单位收入对比', 'feeUnitIncomingPie', '8fead382119211eabd12fcaa140ebf84', '2019-12-10 15:46:46', null, '500', null);
INSERT INTO `analyse_block_config` VALUES ('2effbcdf128011eabd12fcaa140ebf84', '柱状折线图', 'barAndLineDemo;stackBarDemo;pieDemo', '88366077119211eabd12fcaa140ebf84', '2019-11-29 16:14:56', null, '300', null);
INSERT INTO `analyse_block_config` VALUES ('2f6f0c8f11a311eabd12fcaa140ebf84', '签到情况', 'blockDemo', '8fead382119211eabd12fcaa140ebf84', '2019-11-28 13:52:53', '这是一个测试', '200', null);
INSERT INTO `analyse_block_config` VALUES ('2f88d0401a5411eabd12fcaa140ebf84', '班级信息', 'classAnalyseDetailInfoColumn', '8fead382119211eabd12fcaa140ebf84', '2019-12-09 15:19:55', null, '60', null);
INSERT INTO `analyse_block_config` VALUES ('3a40a30d1aef11eabd12fcaa140ebf84', '作业情况', 'classHomeworkBlock', '8fead382119211eabd12fcaa140ebf84', '2019-12-10 09:49:35', null, '200', null);
INSERT INTO `analyse_block_config` VALUES ('3c5f799917ce11eabd12fcaa140ebf84', '单位详情', 'unitDetailGrid', '8fead382119211eabd12fcaa140ebf84', '2019-12-06 10:16:01', null, '500', null);
INSERT INTO `analyse_block_config` VALUES ('3e9e05ac1b2611eabd12fcaa140ebf84', '收支详情', 'feeAnalyseDetailGrid', '8fead382119211eabd12fcaa140ebf84', '2019-12-10 16:23:16', null, '500', null);
INSERT INTO `analyse_block_config` VALUES ('43cf65581b1d11eabd12fcaa140ebf84', '各单位支出对比', 'feeUnitExpenseRankPie', '8fead382119211eabd12fcaa140ebf84', '2019-12-10 15:18:48', null, '250', '242823c21b2011eabd12fcaa140ebf84');
INSERT INTO `analyse_block_config` VALUES ('4684504611a311eabd12fcaa140ebf84', '作业情况', 'blockDemo', '8fead382119211eabd12fcaa140ebf84', '2019-11-28 13:53:20', '这是一个测试', '200', null);
INSERT INTO `analyse_block_config` VALUES ('4d8898b61bbe11eabd12fcaa140ebf84', '项目质量评估', 'qualityRadar', '8fead382119211eabd12fcaa140ebf84', '2019-12-11 10:32:11', null, '250', null);
INSERT INTO `analyse_block_config` VALUES ('4d8d4f00173711eabd12fcaa140ebf84', '班级', 'classColumn', '8fead382119211eabd12fcaa140ebf84', '2019-12-05 16:15:56', null, '60', null);
INSERT INTO `analyse_block_config` VALUES ('4d8f04f61b1a11eabd12fcaa140ebf84', '财务详情', 'feeExpensePie', '8fead382119211eabd12fcaa140ebf84', '2019-12-10 14:57:36', null, '250', null);
INSERT INTO `analyse_block_config` VALUES ('4e238dd61aef11eabd12fcaa140ebf84', '投票情况', 'classVoteBlock', '8fead382119211eabd12fcaa140ebf84', '2019-12-10 09:50:00', null, '200', null);
INSERT INTO `analyse_block_config` VALUES ('53f9a6741b2411eabd12fcaa140ebf84', '结余率排名', 'balanceRateBar', '8fead382119211eabd12fcaa140ebf84', '2019-12-10 16:09:20', null, '300', null);
INSERT INTO `analyse_block_config` VALUES ('5687a90817dd11eabd12fcaa140ebf84', '质量评估', 'qualityRadar', '8fead382119211eabd12fcaa140ebf84', '2019-12-06 12:03:36', null, '250', null);
INSERT INTO `analyse_block_config` VALUES ('57bdf99f11a311eabd12fcaa140ebf84', '投票情况', 'blockDemo', '8fead382119211eabd12fcaa140ebf84', '2019-11-28 13:53:45', '这是一个测试', '200', null);
INSERT INTO `analyse_block_config` VALUES ('5b34aa871bb711eabd12fcaa140ebf84', '市场需求转化率', 'requirementFollowFunnel', '8fead382119211eabd12fcaa140ebf84', '2019-12-11 09:41:49', null, '250', null);
INSERT INTO `analyse_block_config` VALUES ('5e77efc41aef11eabd12fcaa140ebf84', '问卷情况', 'classQuestionnaireBlock', '8fead382119211eabd12fcaa140ebf84', '2019-12-10 09:50:26', null, '200', null);
INSERT INTO `analyse_block_config` VALUES ('604954bd1b1f11eabd12fcaa140ebf84', '各单位收入对比', 'feeUnitIncomingRankPie', '8fead382119211eabd12fcaa140ebf84', '2019-12-10 15:33:55', null, '250', '39f7d6b51b2011eabd12fcaa140ebf84');
INSERT INTO `analyse_block_config` VALUES ('61036a92119211eabd12fcaa140ebf84', '班级信息', 'columnDemo', '8fead382119211eabd12fcaa140ebf84', '2019-11-28 11:53:56', '这是一个测试', '60', null);
INSERT INTO `analyse_block_config` VALUES ('6316ff1a174a11eabd12fcaa140ebf84', '项目开班及学员情况', 'classAndStudentBarAndLine', '8fead382119211eabd12fcaa140ebf84', '2019-12-05 18:32:17', null, '250', null);
INSERT INTO `analyse_block_config` VALUES ('636426101a5d11eabd12fcaa140ebf84', '微信登录情况', 'classWeChatLoginLine', '8fead382119211eabd12fcaa140ebf84', '2019-12-09 16:25:29', null, '250', null);
INSERT INTO `analyse_block_config` VALUES ('64930d1311a311eabd12fcaa140ebf84', '调查问卷情况', 'blockDemo', '8fead382119211eabd12fcaa140ebf84', '2019-11-28 13:54:12', '这是一个测试', '200', null);
INSERT INTO `analyse_block_config` VALUES ('68438bd81b2211eabd12fcaa140ebf84', '各单位支出对比列表', 'feeUnitExpenseGrid', '8fead382119211eabd12fcaa140ebf84', '2019-12-10 15:55:31', null, '500', null);
INSERT INTO `analyse_block_config` VALUES ('6b4cde281bc811eabd12fcaa140ebf84', '各单位带班量统计', 'unitLeadClassBarAndLine', '88366077119211eabd12fcaa140ebf84', '2019-12-11 11:43:39', '显示带班数量前十的单位，如果需要所有单位的详细信息，请点击查看详情', '250', 'a39ed75e1a2011eabd12fcaa140ebf84');
INSERT INTO `analyse_block_config` VALUES ('6bc7c47d1a2211eabd12fcaa140ebf84', '带班统计列表', 'unitClassDetailGrid', '8fead382119211eabd12fcaa140ebf84', '2019-12-09 09:23:25', null, '500', null);
INSERT INTO `analyse_block_config` VALUES ('6de314241a5611eabd12fcaa140ebf84', '质量评估', 'qualityRadar', '8fead382119211eabd12fcaa140ebf84', '2019-12-09 15:35:42', null, '250', null);
INSERT INTO `analyse_block_config` VALUES ('6f87979417d511eabd12fcaa140ebf84', '班级活动', 'classActivityColumn', '8fead382119211eabd12fcaa140ebf84', '2019-12-06 11:07:04', null, '60', null);
INSERT INTO `analyse_block_config` VALUES ('70ed8dce1a5b11eabd12fcaa140ebf84', '班主任自检进度', 'classPrepareItemPercent', '8fead382119211eabd12fcaa140ebf84', '2019-12-09 16:11:35', null, '250', null);
INSERT INTO `analyse_block_config` VALUES ('733b1475119311eabd12fcaa140ebf84', '带班统计', 'pieDemo', '8fead382119211eabd12fcaa140ebf84', '2019-11-28 12:00:02', '这是一个测试', '250', null);
INSERT INTO `analyse_block_config` VALUES ('7699cdb01a6711eabd12fcaa140ebf84', '签到情况', 'classSignBlock', '8fead382119211eabd12fcaa140ebf84', '2019-12-09 17:37:38', null, '200', null);
INSERT INTO `analyse_block_config` VALUES ('7c1fd4851afc11eabd12fcaa140ebf84', '班级质量评价', 'classQualityDetailGrid;classQualityDetailGridRearService;classQualityDetailGridCourse', '88366077119211eabd12fcaa140ebf84', '2019-12-10 11:24:06', null, '500', null);
INSERT INTO `analyse_block_config` VALUES ('7c80d49417d311eabd12fcaa140ebf84', '班级信息', 'classAnalyseInfoColumn', '8fead382119211eabd12fcaa140ebf84', '2019-12-06 10:53:31', null, '60', null);
INSERT INTO `analyse_block_config` VALUES ('7cb6784d1b2211eabd12fcaa140ebf84', '各单位收入对比列表', 'feeUnitIncomingGrid', '8fead382119211eabd12fcaa140ebf84', '2019-12-10 15:56:31', null, '500', null);
INSERT INTO `analyse_block_config` VALUES ('7ed6a99d1b3111eabd12fcaa140ebf84', '市场需求详情', 'requirementDetailPie', '8fead382119211eabd12fcaa140ebf84', '2019-12-10 17:43:35', null, '250', null);
INSERT INTO `analyse_block_config` VALUES ('83fb05ca173411eabd12fcaa140ebf84', '培训项目', 'trainingItemColumn', '8fead382119211eabd12fcaa140ebf84', '2019-12-05 15:55:43', null, '60', null);
INSERT INTO `analyse_block_config` VALUES ('87c070a31a6d11eabd12fcaa140ebf84', '投票情况', 'classVoteBlock', '8fead382119211eabd12fcaa140ebf84', '2019-12-09 18:21:04', null, '200', null);
INSERT INTO `analyse_block_config` VALUES ('8ca61c941a5511eabd12fcaa140ebf84', '支出详情', 'classDetailExpensePie', '8fead382119211eabd12fcaa140ebf84', '2019-12-09 15:34:46', null, '250', null);
INSERT INTO `analyse_block_config` VALUES ('95e5583d17f611eabd12fcaa140ebf84', '质量评估排名', 'qualityRankBar', '8fead382119211eabd12fcaa140ebf84', '2019-12-06 15:04:18', null, '300', null);
INSERT INTO `analyse_block_config` VALUES ('97fb3683174611eabd12fcaa140ebf84', '项目申报情况', 'trainingItemApplyBar', '8fead382119211eabd12fcaa140ebf84', '2019-12-05 18:05:20', null, '250', null);
INSERT INTO `analyse_block_config` VALUES ('a275c16c1a6d11eabd12fcaa140ebf84', '问卷情况', 'classQuestionnaireBlock', '8fead382119211eabd12fcaa140ebf84', '2019-12-09 18:21:48', null, '200', null);
INSERT INTO `analyse_block_config` VALUES ('a61fcdfd1bc311eabd12fcaa140ebf84', '项目质量概括', 'qualityRadar', '8fead382119211eabd12fcaa140ebf84', '2019-12-11 11:09:48', null, '250', null);
INSERT INTO `analyse_block_config` VALUES ('aa293ce01bb411eabd12fcaa140ebf84', '平均跟进次数及成功率统计', 'requirementFollowLine', '8fead382119211eabd12fcaa140ebf84', '2019-12-11 09:22:32', null, '250', null);
INSERT INTO `analyse_block_config` VALUES ('b506a73b119211eabd12fcaa140ebf84', '班级活动', 'columnDemo', '8fead382119211eabd12fcaa140ebf84', '2019-11-28 11:54:45', '这是一个测试', '60', null);
INSERT INTO `analyse_block_config` VALUES ('bde4f7cb1a5811eabd12fcaa140ebf84', '课程进度', 'classCoursePercent;classCourseTypeBar', '8fead382119211eabd12fcaa140ebf84', '2019-12-09 15:52:14', null, '250', null);
INSERT INTO `analyse_block_config` VALUES ('c43dc2da1bbb11eabd12fcaa140ebf84', '单位详情', 'unitRequirementDetail', '8fead382119211eabd12fcaa140ebf84', '2019-12-11 10:13:23', null, '500', null);
INSERT INTO `analyse_block_config` VALUES ('c561c346125011eabd12fcaa140ebf84', '区域图', 'mapDemo', '8fead382119211eabd12fcaa140ebf84', '2019-11-29 10:35:07', null, '250', null);
INSERT INTO `analyse_block_config` VALUES ('c638d4b6119211eabd12fcaa140ebf84', '质量评估', 'radarDemo;compareDemo;', '8fead382119211eabd12fcaa140ebf84', '2019-11-28 11:56:19', '这是一个测试', '250', null);
INSERT INTO `analyse_block_config` VALUES ('cd65680711cc11eabd12fcaa140ebf84', '漏斗图', 'funnelDemo', '8fead382119211eabd12fcaa140ebf84', '2019-11-28 18:51:14', '这是一个测试', '250', null);
INSERT INTO `analyse_block_config` VALUES ('d365c986180611eabd12fcaa140ebf84', '班级详情列表', 'classDetailGrid;classDetailGrid_isEnd;classDetailGrid_noStart', '88366077119211eabd12fcaa140ebf84', '2019-12-06 17:00:34', null, '750', null);
INSERT INTO `analyse_block_config` VALUES ('d4826dc51a6111eabd12fcaa140ebf84', '班级活动', 'classActivityStackBar', '8fead382119211eabd12fcaa140ebf84', '2019-12-09 16:57:20', null, '250', null);
INSERT INTO `analyse_block_config` VALUES ('d7bd4e4e1a6911eabd12fcaa140ebf84', '作业情况', 'classHomeworkBlock', '8fead382119211eabd12fcaa140ebf84', '2019-12-09 17:54:40', null, '200', null);
INSERT INTO `analyse_block_config` VALUES ('d8ea420e1af411eabd12fcaa140ebf84', '班级活动详情', 'classActivityGrid', '8fead382119211eabd12fcaa140ebf84', '2019-12-10 10:29:23', null, '500', null);
INSERT INTO `analyse_block_config` VALUES ('dd2513da125011eabd12fcaa140ebf84', '百分比统计', 'percentDemo', '8fead382119211eabd12fcaa140ebf84', '2019-11-29 10:35:39', null, '250', null);
INSERT INTO `analyse_block_config` VALUES ('e463ed5e1be311eabd12fcaa140ebf84', '各单位带班量统计', 'unitLeadClassDetailPie', '8fead382119211eabd12fcaa140ebf84', '2019-12-11 15:00:19', null, '700', null);
INSERT INTO `analyse_block_config` VALUES ('e792c39f173711eabd12fcaa140ebf84', '学员', 'studentColumn', '8fead382119211eabd12fcaa140ebf84', '2019-12-05 16:19:22', null, '60', null);
INSERT INTO `analyse_block_config` VALUES ('ea8708cb173d11eabd12fcaa140ebf84', '财务支出详情', 'feeExpensePie', '8fead382119211eabd12fcaa140ebf84', '2019-12-05 17:02:57', null, '250', null);
INSERT INTO `analyse_block_config` VALUES ('eb5b511d1bc211eabd12fcaa140ebf84', '项目质量趋势', 'itemQualityLine', '8fead382119211eabd12fcaa140ebf84', '2019-12-11 11:04:35', null, '250', null);
INSERT INTO `analyse_block_config` VALUES ('ed6cf1fb1b1811eabd12fcaa140ebf84', '财务概况', 'feeAcountBarAndLine', '8fead382119211eabd12fcaa140ebf84', '2019-12-10 14:51:53', null, '250', null);
INSERT INTO `analyse_block_config` VALUES ('f40da9b6173111eabd12fcaa140ebf84', '市场需求', 'requirementColumn', '8fead382119211eabd12fcaa140ebf84', '2019-12-05 15:37:48', null, '60', null);
INSERT INTO `analyse_block_config` VALUES ('f6f33f69128711eabd12fcaa140ebf84', '堆积柱状图', 'stackBarDemo', '8fead382119211eabd12fcaa140ebf84', '2019-11-29 17:10:20', null, '300', null);
INSERT INTO `analyse_block_config` VALUES ('f732cca511cc11eabd12fcaa140ebf84', '散点图', 'scatterDemo', '8fead382119211eabd12fcaa140ebf84', '2019-11-28 18:51:51', '这是一个测试', '250', null);
INSERT INTO `analyse_block_config` VALUES ('ff9a66be1bc511eabd12fcaa140ebf84', '单位详情', 'itemQualityUnitDetailGrid', '8fead382119211eabd12fcaa140ebf84', '2019-12-11 11:26:38', null, '500', null);

-- ----------------------------
-- Table structure for analyse_board_block
-- ----------------------------
DROP TABLE IF EXISTS `analyse_board_block`;
CREATE TABLE `analyse_board_block` (
  `id` varchar(32) NOT NULL,
  `fk_board_id` varchar(32) NOT NULL COMMENT '所属看板',
  `fk_block_id` varchar(32) NOT NULL COMMENT '所属块',
  `serial` int(3) NOT NULL COMMENT '序号',
  `col_num` int(1) NOT NULL COMMENT '一行存在多少个块',
  PRIMARY KEY (`id`),
  KEY `analyse_board_block_block_fk` (`fk_block_id`),
  KEY `analyse_borad_block_board_fk` (`fk_board_id`,`fk_block_id`,`serial`) USING BTREE,
  CONSTRAINT `analyse_board_block_block_fk` FOREIGN KEY (`fk_block_id`) REFERENCES `analyse_block_config` (`id`),
  CONSTRAINT `analyse_borad_block_board_fk` FOREIGN KEY (`fk_board_id`) REFERENCES `analyse_board_config` (`id`)
) ENGINE=InnoDB DEFAULT CHARSET=utf8;

-- ----------------------------
-- Records of analyse_board_block
-- ----------------------------
INSERT INTO `analyse_board_block` VALUES ('011c11731a5511eabd12fcaa140ebf84', 'ad9488591a5311eabd12fcaa140ebf84', '011c11731a5511eabd12fcaa140ebf84', '2', '2');
INSERT INTO `analyse_board_block` VALUES ('01a5f6ea11a411eabd12fcaa140ebf84', '8ece609711a311eabd12fcaa140ebf84', '57bdf99f11a311eabd12fcaa140ebf84', '7', '4');
INSERT INTO `analyse_board_block` VALUES ('027e8228180711eabd12fcaa140ebf84', 'e412fd3f17d011eabd12fcaa140ebf84', 'd365c986180611eabd12fcaa140ebf84', '10', '1');
INSERT INTO `analyse_board_block` VALUES ('028bd76b125111eabd12fcaa140ebf84', '8ece609711a311eabd12fcaa140ebf84', 'dd2513da125011eabd12fcaa140ebf84', '13', '2');
INSERT INTO `analyse_board_block` VALUES ('09dd2be5173e11eabd12fcaa140ebf84', 'adbe396a166011eabd12fcaa140ebf84', 'ea8708cb173d11eabd12fcaa140ebf84', '6', '2');
INSERT INTO `analyse_board_block` VALUES ('0b1f97641b2111eabd12fcaa140ebf84', '242823c21b2011eabd12fcaa140ebf84', '0b1f97641b2111eabd12fcaa140ebf84', '1', '1');
INSERT INTO `analyse_board_block` VALUES ('0da3c10d11a411eabd12fcaa140ebf84', '8ece609711a311eabd12fcaa140ebf84', '64930d1311a311eabd12fcaa140ebf84', '8', '4');
INSERT INTO `analyse_board_block` VALUES ('0eea89db128811eabd12fcaa140ebf84', '8ece609711a311eabd12fcaa140ebf84', 'f6f33f69128711eabd12fcaa140ebf84', '15', '2');
INSERT INTO `analyse_board_block` VALUES ('16210c9411cd11eabd12fcaa140ebf84', '8ece609711a311eabd12fcaa140ebf84', 'cd65680711cc11eabd12fcaa140ebf84', '10', '2');
INSERT INTO `analyse_board_block` VALUES ('16689c251b3711eabd12fcaa140ebf84', '29bf810e1b2e11eabd12fcaa140ebf84', '16689c251b3711eabd12fcaa140ebf84', '4', '2');
INSERT INTO `analyse_board_block` VALUES ('1a3dc904173b11eabd12fcaa140ebf84', 'adbe396a166011eabd12fcaa140ebf84', '03237d95173b11eabd12fcaa140ebf84', '5', '2');
INSERT INTO `analyse_board_block` VALUES ('1d7d66b217c611eabd12fcaa140ebf84', 'adbe396a166011eabd12fcaa140ebf84', '0d0374fe17c611eabd12fcaa140ebf84', '12', '2');
INSERT INTO `analyse_board_block` VALUES ('1e6b661d17c511eabd12fcaa140ebf84', 'adbe396a166011eabd12fcaa140ebf84', '03b6f6ff17c511eabd12fcaa140ebf84', '11', '2');
INSERT INTO `analyse_board_block` VALUES ('1f58d96e11cd11eabd12fcaa140ebf84', '8ece609711a311eabd12fcaa140ebf84', 'f732cca511cc11eabd12fcaa140ebf84', '11', '2');
INSERT INTO `analyse_board_block` VALUES ('23c946ea1a2111eabd12fcaa140ebf84', 'a39ed75e1a2011eabd12fcaa140ebf84', '23c946ea1a2111eabd12fcaa140ebf84', '1', '1');
INSERT INTO `analyse_board_block` VALUES ('26f86e0e1aef11eabd12fcaa140ebf84', 'ad9488591a5311eabd12fcaa140ebf84', '26f86e0e1aef11eabd12fcaa140ebf84', '9', '4');
INSERT INTO `analyse_board_block` VALUES ('2ba9538b1b2111eabd12fcaa140ebf84', '39f7d6b51b2011eabd12fcaa140ebf84', '2ba9538b1b2111eabd12fcaa140ebf84', '1', '1');
INSERT INTO `analyse_board_block` VALUES ('2f1641191bbe11eabd12fcaa140ebf84', 'adbe396a166011eabd12fcaa140ebf84', '0ee40f381bbe11eabd12fcaa140ebf84', '9', '2');
INSERT INTO `analyse_board_block` VALUES ('2f88d0401a5411eabd12fcaa140ebf84', 'ad9488591a5311eabd12fcaa140ebf84', '2f88d0401a5411eabd12fcaa140ebf84', '1', '2');
INSERT INTO `analyse_board_block` VALUES ('37390884173211eabd12fcaa140ebf84', 'adbe396a166011eabd12fcaa140ebf84', 'f40da9b6173111eabd12fcaa140ebf84', '1', '2');
INSERT INTO `analyse_board_block` VALUES ('3a40a30d1aef11eabd12fcaa140ebf84', 'ad9488591a5311eabd12fcaa140ebf84', '3a40a30d1aef11eabd12fcaa140ebf84', '10', '4');
INSERT INTO `analyse_board_block` VALUES ('3e9e05ac1b2611eabd12fcaa140ebf84', 'af4e051f1b1811eabd12fcaa140ebf84', '3e9e05ac1b2611eabd12fcaa140ebf84', '6', '1');
INSERT INTO `analyse_board_block` VALUES ('43cf65581b1d11eabd12fcaa140ebf84', 'af4e051f1b1811eabd12fcaa140ebf84', '43cf65581b1d11eabd12fcaa140ebf84', '3', '2');
INSERT INTO `analyse_board_block` VALUES ('4d8898b61bbe11eabd12fcaa140ebf84', 'adbe396a166011eabd12fcaa140ebf84', '4d8898b61bbe11eabd12fcaa140ebf84', '10', '2');
INSERT INTO `analyse_board_block` VALUES ('4e238dd61aef11eabd12fcaa140ebf84', 'ad9488591a5311eabd12fcaa140ebf84', '4e238dd61aef11eabd12fcaa140ebf84', '11', '4');
INSERT INTO `analyse_board_block` VALUES ('53f9a6741b2411eabd12fcaa140ebf84', 'af4e051f1b1811eabd12fcaa140ebf84', '53f9a6741b2411eabd12fcaa140ebf84', '5', '1');
INSERT INTO `analyse_board_block` VALUES ('557bc2f6157511eabd12fcaa140ebf84', '8ece609711a311eabd12fcaa140ebf84', '1e08484d157511eabd12fcaa140ebf84', '16', '2');
INSERT INTO `analyse_board_block` VALUES ('56b136ef1b1a11eabd12fcaa140ebf84', 'af4e051f1b1811eabd12fcaa140ebf84', '4d8f04f61b1a11eabd12fcaa140ebf84', '2', '2');
INSERT INTO `analyse_board_block` VALUES ('57b2835617f411eabd12fcaa140ebf84', 'e412fd3f17d011eabd12fcaa140ebf84', '274dfd2717f411eabd12fcaa140ebf84', '4', '2');
INSERT INTO `analyse_board_block` VALUES ('5b34aa871bb711eabd12fcaa140ebf84', '29bf810e1b2e11eabd12fcaa140ebf84', '5b34aa871bb711eabd12fcaa140ebf84', '3', '2');
INSERT INTO `analyse_board_block` VALUES ('5e3d0075128011eabd12fcaa140ebf84', '8ece609711a311eabd12fcaa140ebf84', '2effbcdf128011eabd12fcaa140ebf84', '14', '2');
INSERT INTO `analyse_board_block` VALUES ('5e77efc41aef11eabd12fcaa140ebf84', 'ad9488591a5311eabd12fcaa140ebf84', '5e77efc41aef11eabd12fcaa140ebf84', '12', '4');
INSERT INTO `analyse_board_block` VALUES ('604954bd1b1f11eabd12fcaa140ebf84', 'af4e051f1b1811eabd12fcaa140ebf84', '604954bd1b1f11eabd12fcaa140ebf84', '4', '2');
INSERT INTO `analyse_board_block` VALUES ('6091953717dd11eabd12fcaa140ebf84', 'e412fd3f17d011eabd12fcaa140ebf84', '5687a90817dd11eabd12fcaa140ebf84', '3', '2');
INSERT INTO `analyse_board_block` VALUES ('636426101a5d11eabd12fcaa140ebf84', 'ad9488591a5311eabd12fcaa140ebf84', '636426101a5d11eabd12fcaa140ebf84', '7', '2');
INSERT INTO `analyse_board_block` VALUES ('68438bd81b2211eabd12fcaa140ebf84', '242823c21b2011eabd12fcaa140ebf84', '68438bd81b2211eabd12fcaa140ebf84', '2', '1');
INSERT INTO `analyse_board_block` VALUES ('6de314241a5611eabd12fcaa140ebf84', 'ad9488591a5311eabd12fcaa140ebf84', '6de314241a5611eabd12fcaa140ebf84', '4', '2');
INSERT INTO `analyse_board_block` VALUES ('6e07f7d4173711eabd12fcaa140ebf84', 'adbe396a166011eabd12fcaa140ebf84', '4d8d4f00173711eabd12fcaa140ebf84', '3', '2');
INSERT INTO `analyse_board_block` VALUES ('70684f3317ce11eabd12fcaa140ebf84', 'adbe396a166011eabd12fcaa140ebf84', '3c5f799917ce11eabd12fcaa140ebf84', '13', '1');
INSERT INTO `analyse_board_block` VALUES ('70ed8dce1a5b11eabd12fcaa140ebf84', 'ad9488591a5311eabd12fcaa140ebf84', '70ed8dce1a5b11eabd12fcaa140ebf84', '6', '2');
INSERT INTO `analyse_board_block` VALUES ('7699cdb01a6711eabd12fcaa140ebf84', 'e412fd3f17d011eabd12fcaa140ebf84', '7699cdb01a6711eabd12fcaa140ebf84', '6', '4');
INSERT INTO `analyse_board_block` VALUES ('786804f417d511eabd12fcaa140ebf84', 'e412fd3f17d011eabd12fcaa140ebf84', '6f87979417d511eabd12fcaa140ebf84', '2', '2');
INSERT INTO `analyse_board_block` VALUES ('7c1fd4851afc11eabd12fcaa140ebf84', 'ad9488591a5311eabd12fcaa140ebf84', '7c1fd4851afc11eabd12fcaa140ebf84', '14', '1');
INSERT INTO `analyse_board_block` VALUES ('7c5658961a2211eabd12fcaa140ebf84', 'a39ed75e1a2011eabd12fcaa140ebf84', '6bc7c47d1a2211eabd12fcaa140ebf84', '2', '1');
INSERT INTO `analyse_board_block` VALUES ('7cb6784d1b2211eabd12fcaa140ebf84', '39f7d6b51b2011eabd12fcaa140ebf84', '7cb6784d1b2211eabd12fcaa140ebf84', '2', '1');
INSERT INTO `analyse_board_block` VALUES ('7ed6a99d1b3111eabd12fcaa140ebf84', '29bf810e1b2e11eabd12fcaa140ebf84', '7ed6a99d1b3111eabd12fcaa140ebf84', '1', '2');
INSERT INTO `analyse_board_block` VALUES ('8103e6fb174a11eabd12fcaa140ebf84', 'adbe396a166011eabd12fcaa140ebf84', '6316ff1a174a11eabd12fcaa140ebf84', '8', '2');
INSERT INTO `analyse_board_block` VALUES ('87c070a31a6d11eabd12fcaa140ebf84', 'e412fd3f17d011eabd12fcaa140ebf84', '87c070a31a6d11eabd12fcaa140ebf84', '8', '4');
INSERT INTO `analyse_board_block` VALUES ('8ca61c941a5511eabd12fcaa140ebf84', 'ad9488591a5311eabd12fcaa140ebf84', '8ca61c941a5511eabd12fcaa140ebf84', '3', '2');
INSERT INTO `analyse_board_block` VALUES ('980018c917d311eabd12fcaa140ebf84', 'e412fd3f17d011eabd12fcaa140ebf84', '7c80d49417d311eabd12fcaa140ebf84', '1', '2');
INSERT INTO `analyse_board_block` VALUES ('9cb708b017f611eabd12fcaa140ebf84', 'e412fd3f17d011eabd12fcaa140ebf84', '95e5583d17f611eabd12fcaa140ebf84', '5', '1');
INSERT INTO `analyse_board_block` VALUES ('a275c16c1a6d11eabd12fcaa140ebf84', 'e412fd3f17d011eabd12fcaa140ebf84', 'a275c16c1a6d11eabd12fcaa140ebf84', '9', '4');
INSERT INTO `analyse_board_block` VALUES ('a3a2522a11a311eabd12fcaa140ebf84', '8ece609711a311eabd12fcaa140ebf84', '61036a92119211eabd12fcaa140ebf84', '1', '2');
INSERT INTO `analyse_board_block` VALUES ('a61fcdfd1bc311eabd12fcaa140ebf84', 'abc565011bbe11eabd12fcaa140ebf84', 'a61fcdfd1bc311eabd12fcaa140ebf84', '2', '2');
INSERT INTO `analyse_board_block` VALUES ('a738a049173411eabd12fcaa140ebf84', 'adbe396a166011eabd12fcaa140ebf84', '83fb05ca173411eabd12fcaa140ebf84', '2', '2');
INSERT INTO `analyse_board_block` VALUES ('aa293ce01bb411eabd12fcaa140ebf84', '29bf810e1b2e11eabd12fcaa140ebf84', 'aa293ce01bb411eabd12fcaa140ebf84', '2', '2');
INSERT INTO `analyse_board_block` VALUES ('ba2061f211a311eabd12fcaa140ebf84', '8ece609711a311eabd12fcaa140ebf84', 'b506a73b119211eabd12fcaa140ebf84', '2', '2');
INSERT INTO `analyse_board_block` VALUES ('bd670a4f174611eabd12fcaa140ebf84', 'adbe396a166011eabd12fcaa140ebf84', '97fb3683174611eabd12fcaa140ebf84', '7', '2');
INSERT INTO `analyse_board_block` VALUES ('bde4f7cb1a5811eabd12fcaa140ebf84', 'ad9488591a5311eabd12fcaa140ebf84', 'bde4f7cb1a5811eabd12fcaa140ebf84', '5', '2');
INSERT INTO `analyse_board_block` VALUES ('c43dc2da1bbb11eabd12fcaa140ebf84', '29bf810e1b2e11eabd12fcaa140ebf84', 'c43dc2da1bbb11eabd12fcaa140ebf84', '5', '1');
INSERT INTO `analyse_board_block` VALUES ('c4d462df11a311eabd12fcaa140ebf84', '8ece609711a311eabd12fcaa140ebf84', 'c638d4b6119211eabd12fcaa140ebf84', '3', '2');
INSERT INTO `analyse_board_block` VALUES ('ccd9e0be1be411eabd12fcaa140ebf84', '11028a7b1be311eabd12fcaa140ebf84', 'e463ed5e1be311eabd12fcaa140ebf84', '1', '1');
INSERT INTO `analyse_board_block` VALUES ('ccddeffc1be411eabd12fcaa140ebf84', '11028a7b1be311eabd12fcaa140ebf84', '18a011451be411eabd12fcaa140ebf84', '2', '1');
INSERT INTO `analyse_board_block` VALUES ('cf38932511a311eabd12fcaa140ebf84', '8ece609711a311eabd12fcaa140ebf84', '733b1475119311eabd12fcaa140ebf84', '4', '2');
INSERT INTO `analyse_board_block` VALUES ('d43353761bc811eabd12fcaa140ebf84', '2fb089bc1bc411eabd12fcaa140ebf84', '6b4cde281bc811eabd12fcaa140ebf84', '1', '2');
INSERT INTO `analyse_board_block` VALUES ('d4826dc51a6111eabd12fcaa140ebf84', 'ad9488591a5311eabd12fcaa140ebf84', 'd4826dc51a6111eabd12fcaa140ebf84', '8', '2');
INSERT INTO `analyse_board_block` VALUES ('d7bd4e4e1a6911eabd12fcaa140ebf84', 'e412fd3f17d011eabd12fcaa140ebf84', 'd7bd4e4e1a6911eabd12fcaa140ebf84', '7', '4');
INSERT INTO `analyse_board_block` VALUES ('d8ea420e1af411eabd12fcaa140ebf84', 'ad9488591a5311eabd12fcaa140ebf84', 'd8ea420e1af411eabd12fcaa140ebf84', '13', '1');
INSERT INTO `analyse_board_block` VALUES ('e91f404211a311eabd12fcaa140ebf84', '8ece609711a311eabd12fcaa140ebf84', '198e194b11a311eabd12fcaa140ebf84', '100', '1');
INSERT INTO `analyse_board_block` VALUES ('ea5a947e125011eabd12fcaa140ebf84', '8ece609711a311eabd12fcaa140ebf84', 'c561c346125011eabd12fcaa140ebf84', '12', '2');
INSERT INTO `analyse_board_block` VALUES ('eb5b511d1bc211eabd12fcaa140ebf84', 'abc565011bbe11eabd12fcaa140ebf84', 'eb5b511d1bc211eabd12fcaa140ebf84', '1', '2');
INSERT INTO `analyse_board_block` VALUES ('ec3e903c173711eabd12fcaa140ebf84', 'adbe396a166011eabd12fcaa140ebf84', 'e792c39f173711eabd12fcaa140ebf84', '4', '2');
INSERT INTO `analyse_board_block` VALUES ('ed6cf1fb1b1811eabd12fcaa140ebf84', 'af4e051f1b1811eabd12fcaa140ebf84', 'ed6cf1fb1b1811eabd12fcaa140ebf84', '1', '2');
INSERT INTO `analyse_board_block` VALUES ('eded326711a311eabd12fcaa140ebf84', '8ece609711a311eabd12fcaa140ebf84', '2f6f0c8f11a311eabd12fcaa140ebf84', '5', '4');
INSERT INTO `analyse_board_block` VALUES ('f8ce8e7d11a311eabd12fcaa140ebf84', '8ece609711a311eabd12fcaa140ebf84', '4684504611a311eabd12fcaa140ebf84', '6', '4');
INSERT INTO `analyse_board_block` VALUES ('ff9a66be1bc511eabd12fcaa140ebf84', 'abc565011bbe11eabd12fcaa140ebf84', 'ff9a66be1bc511eabd12fcaa140ebf84', '3', '1');

-- ----------------------------
-- Table structure for analyse_board_condition
-- ----------------------------
DROP TABLE IF EXISTS `analyse_board_condition`;
CREATE TABLE `analyse_board_condition` (
  `id` varchar(32) NOT NULL,
  `fk_board_id` varchar(32) NOT NULL COMMENT '所属看板',
  `label` varchar(50) NOT NULL COMMENT '条件名',
  `flag_analyse_condition_type` varchar(32) NOT NULL COMMENT '条件类型',
  `sql` varchar(255) DEFAULT NULL COMMENT '数据sql',
  `data_index` varchar(50) NOT NULL COMMENT '条件的key',
  `serial` int(3) NOT NULL COMMENT '序号',
  `default_sql` varchar(255) DEFAULT NULL COMMENT '默认值sql',
  PRIMARY KEY (`id`),
  UNIQUE KEY `analyse_board_condition_unique` (`fk_board_id`,`data_index`),
  KEY `analyse_board_condition_condition_type_fk` (`flag_analyse_condition_type`),
  CONSTRAINT `analyse_board_condition_board_fk` FOREIGN KEY (`fk_board_id`) REFERENCES `analyse_board_config` (`id`),
  CONSTRAINT `analyse_board_condition_condition_type_fk` FOREIGN KEY (`flag_analyse_condition_type`) REFERENCES `enum_const` (`ID`)
) ENGINE=InnoDB DEFAULT CHARSET=utf8;

-- ----------------------------
-- Records of analyse_board_condition
-- ----------------------------
INSERT INTO `analyse_board_condition` VALUES ('0b10f4a31bc511eabd12fcaa140ebf84', '2fb089bc1bc411eabd12fcaa140ebf84', '日期', '45315beb15b411eabd12fcaa140ebf84', null, 'analyse_dateLimit', '1', 'select date_format(DATE_SUB(CURDATE(), INTERVAL 1 MONTH), \'%Y-%m-%d\') as `start`, date_Format(now(), \'%Y-%m-%d\') as `end`');
INSERT INTO `analyse_board_condition` VALUES ('0b13edda1bc511eabd12fcaa140ebf84', '2fb089bc1bc411eabd12fcaa140ebf84', '单位', '4535f51015b411eabd12fcaa140ebf84', 'select id as id, name as label from pe_unit where site_code = \'${siteCode}\' AND [peUnit|id]', 'unit', '2', null);
INSERT INTO `analyse_board_condition` VALUES ('3fa9c118173011eabd12fcaa140ebf84', 'adbe396a166011eabd12fcaa140ebf84', '日期', '45315beb15b411eabd12fcaa140ebf84', null, 'analyse_dateLimit', '1', 'select date_format(DATE_SUB(CURDATE(), INTERVAL 1 MONTH), \'%Y-%m-%d\') as `start`, date_Format(now(), \'%Y-%m-%d\') as `end`');
INSERT INTO `analyse_board_condition` VALUES ('3fb052b2173011eabd12fcaa140ebf84', 'adbe396a166011eabd12fcaa140ebf84', '单位', '4535f51015b411eabd12fcaa140ebf84', 'select id as id, name as label from pe_unit where site_code = \'${siteCode}\' AND [peUnit|id]', 'unit', '2', null);
INSERT INTO `analyse_board_condition` VALUES ('4728aabb1b1b11eabd12fcaa140ebf84', 'af4e051f1b1811eabd12fcaa140ebf84', '日期', '45315beb15b411eabd12fcaa140ebf84', null, 'analyse_dateLimit', '1', 'select date_format(DATE_SUB(CURDATE(), INTERVAL 1 MONTH), \'%Y-%m-%d\') as `start`, date_Format(now(), \'%Y-%m-%d\') as `end`');
INSERT INTO `analyse_board_condition` VALUES ('472e59831b1b11eabd12fcaa140ebf84', 'af4e051f1b1811eabd12fcaa140ebf84', '单位', '4535f51015b411eabd12fcaa140ebf84', 'select id as id, name as label from pe_unit where site_code = \'${siteCode}\' AND [peUnit|id]', 'unit', '2', null);
INSERT INTO `analyse_board_condition` VALUES ('5422a1ac15b411eabd12fcaa140ebf84', '8ece609711a311eabd12fcaa140ebf84', '日期', '45315beb15b411eabd12fcaa140ebf84', null, 'analyse_dateLimit', '1', 'select date_format(DATE_SUB(CURDATE(), INTERVAL 1 MONTH), \'%Y-%m-%d\') as `start`, date_Format(now(), \'%Y-%m-%d\') as `end`');
INSERT INTO `analyse_board_condition` VALUES ('602097541b2e11eabd12fcaa140ebf84', '29bf810e1b2e11eabd12fcaa140ebf84', '日期', '45315beb15b411eabd12fcaa140ebf84', null, 'analyse_dateLimit', '1', 'select date_format(DATE_SUB(CURDATE(), INTERVAL 1 MONTH), \'%Y-%m-%d\') as `start`, date_Format(now(), \'%Y-%m-%d\') as `end`');
INSERT INTO `analyse_board_condition` VALUES ('6024067f1b2e11eabd12fcaa140ebf84', '29bf810e1b2e11eabd12fcaa140ebf84', '单位', '4535f51015b411eabd12fcaa140ebf84', 'select id as id, name as label from pe_unit where site_code = \'${siteCode}\' AND [peUnit|id]', 'unit', '2', null);
INSERT INTO `analyse_board_condition` VALUES ('64b39ff91be311eabd12fcaa140ebf84', '11028a7b1be311eabd12fcaa140ebf84', '日期', '45315beb15b411eabd12fcaa140ebf84', null, 'analyse_dateLimit', '1', 'select date_format(DATE_SUB(CURDATE(), INTERVAL 1 MONTH), \'%Y-%m-%d\') as `start`, date_Format(now(), \'%Y-%m-%d\') as `end`');
INSERT INTO `analyse_board_condition` VALUES ('64b6c0291be311eabd12fcaa140ebf84', '11028a7b1be311eabd12fcaa140ebf84', '单位', '4535f51015b411eabd12fcaa140ebf84', 'select id as id, name as label from pe_unit where site_code = \'${siteCode}\' AND [peUnit|id]', 'unit', '2', null);
INSERT INTO `analyse_board_condition` VALUES ('6ff8443817d111eabd12fcaa140ebf84', 'e412fd3f17d011eabd12fcaa140ebf84', '日期', '45315beb15b411eabd12fcaa140ebf84', null, 'analyse_dateLimit', '1', 'select date_format(DATE_SUB(CURDATE(), INTERVAL 1 MONTH), \'%Y-%m-%d\') as `start`, date_Format(now(), \'%Y-%m-%d\') as `end`');
INSERT INTO `analyse_board_condition` VALUES ('735a41f217d111eabd12fcaa140ebf84', 'e412fd3f17d011eabd12fcaa140ebf84', '单位', '4535f51015b411eabd12fcaa140ebf84', 'select id as id, name as label from pe_unit where site_code = \'${siteCode}\' AND [peUnit|id]', 'unit', '2', null);
INSERT INTO `analyse_board_condition` VALUES ('75827a771bc311eabd12fcaa140ebf84', 'abc565011bbe11eabd12fcaa140ebf84', '单位', '4535f51015b411eabd12fcaa140ebf84', 'select id as id, name as label from pe_unit where site_code = \'${siteCode}\' AND [peUnit|id]', 'unit', '2', null);
INSERT INTO `analyse_board_condition` VALUES ('7584f0371bc311eabd12fcaa140ebf84', 'abc565011bbe11eabd12fcaa140ebf84', '日期', '45315beb15b411eabd12fcaa140ebf84', null, 'analyse_dateLimit', '1', 'select date_format(DATE_SUB(CURDATE(), INTERVAL 1 MONTH), \'%Y-%m-%d\') as `start`, date_Format(now(), \'%Y-%m-%d\') as `end`');
INSERT INTO `analyse_board_condition` VALUES ('f03d7bb115b411eabd12fcaa140ebf84', '8ece609711a311eabd12fcaa140ebf84', '单位', '4535f51015b411eabd12fcaa140ebf84', 'select id as id, name as label from pe_unit where site_code = \'${siteCode}\' AND [peUnit|id]', 'unit', '2', null);

-- ----------------------------
-- Table structure for analyse_board_config
-- ----------------------------
DROP TABLE IF EXISTS `analyse_board_config`;
CREATE TABLE `analyse_board_config` (
  `id` varchar(32) NOT NULL,
  `title` varchar(50) NOT NULL DEFAULT '' COMMENT '标题',
  `code` varchar(50) NOT NULL COMMENT '编号',
  `can_export` char(1) NOT NULL COMMENT '是否可导出',
  `create_date` datetime NOT NULL,
  PRIMARY KEY (`id`),
  UNIQUE KEY `analyse_board_config_code` (`code`) USING BTREE
) ENGINE=InnoDB DEFAULT CHARSET=utf8;

-- ----------------------------
-- Records of analyse_board_config
-- ----------------------------
INSERT INTO `analyse_board_config` VALUES ('11028a7b1be311eabd12fcaa140ebf84', '工作量数据分析-单位带班统计详情', 'workloadAnalyse-unitLeadClassDetail', '0', '2019-12-11 14:54:24');
INSERT INTO `analyse_board_config` VALUES ('242823c21b2011eabd12fcaa140ebf84', '财务收支情况分析-各单位支出对比详情', 'feeAnalyse-feeUnitExpenseDetail', '0', '2019-12-10 15:39:25');
INSERT INTO `analyse_board_config` VALUES ('29bf810e1b2e11eabd12fcaa140ebf84', '市场跟进情况分析', 'requirementAnalyse', '0', '2019-12-10 17:19:48');
INSERT INTO `analyse_board_config` VALUES ('2fb089bc1bc411eabd12fcaa140ebf84', '工作量数据分析', 'workloadAnalyse', '0', '2019-12-11 11:13:21');
INSERT INTO `analyse_board_config` VALUES ('39f7d6b51b2011eabd12fcaa140ebf84', '财务收支情况分析-各单位收入对比详情', 'feeAnalyse-feeUnitIncomingDetail', '0', '2019-12-10 15:40:02');
INSERT INTO `analyse_board_config` VALUES ('8ece609711a311eabd12fcaa140ebf84', '数据分析模板', 'demoAnalyse', '0', '2019-11-28 13:55:19');
INSERT INTO `analyse_board_config` VALUES ('a39ed75e1a2011eabd12fcaa140ebf84', '培训班数据分析-带班统计详情', 'classAnalyse-classPieDetail', '0', '2019-12-09 09:11:07');
INSERT INTO `analyse_board_config` VALUES ('abc565011bbe11eabd12fcaa140ebf84', '项目质量数据分析', 'itemQualityAnalyse', '0', '2019-12-11 10:33:30');
INSERT INTO `analyse_board_config` VALUES ('ad9488591a5311eabd12fcaa140ebf84', '培训班数据分析详情', 'classAnalyseDetail', '0', '2019-12-09 15:16:16');
INSERT INTO `analyse_board_config` VALUES ('adbe396a166011eabd12fcaa140ebf84', '承训单位数据分析', 'unitAnalyse', '0', '2019-12-04 14:39:09');
INSERT INTO `analyse_board_config` VALUES ('af4e051f1b1811eabd12fcaa140ebf84', '财务收支情况分析', 'feeAnalyse', '0', '2019-12-10 14:46:28');
INSERT INTO `analyse_board_config` VALUES ('e412fd3f17d011eabd12fcaa140ebf84', '培训班数据分析', 'classAnalyse', '0', '2019-12-06 10:34:56');

-- ----------------------------
-- Table structure for analyse_config_detail
-- ----------------------------
DROP TABLE IF EXISTS `analyse_config_detail`;
CREATE TABLE `analyse_config_detail` (
  `id` varchar(32) NOT NULL,
  `config` text COMMENT '配置项',
  `fk_basic_config_id` varchar(32) NOT NULL COMMENT '对应基础配置',
  PRIMARY KEY (`id`),
  KEY `analyse_config_detail_config_fk` (`fk_basic_config_id`),
  CONSTRAINT `analyse_config_detail_config_fk` FOREIGN KEY (`fk_basic_config_id`) REFERENCES `analyse_basic_config` (`id`)
) ENGINE=InnoDB DEFAULT CHARSET=utf8 COMMENT='统计配置详情';

-- ----------------------------
-- Records of analyse_config_detail
-- ----------------------------
INSERT INTO `analyse_config_detail` VALUES ('06462a1e0f6a11eabd12fcaa140ebf84', '{\r\n	\"type\": \"项目质量评估\",\r\n	\"indicators\": [\r\n		{\r\n			\"alias\": \"group\",\r\n			\"name\": \"组织管理\"\r\n		}, {\r\n			\"alias\": \"classMaster\",\r\n			\"name\": \"班主任评价\"\r\n		}, {\r\n			\"alias\": \"service\",\r\n			\"name\": \"后勤服务\"\r\n		}, {\r\n			\"alias\": \"teach\",\r\n			\"name\": \"授课效果\"\r\n		}\r\n	],\r\n	\"series\": [\r\n		{\r\n			\"name\": \"项目质量\",\r\n			\"sql\": [\"select 50 as `group`, 60 as classMaster, 100 as service, 34 as teach\"]\r\n		}\r\n	]\r\n}', 'd89644390f6911eabd12fcaa140ebf84');
INSERT INTO `analyse_config_detail` VALUES ('065a0bdc0ff711eabd12fcaa140ebf84', '{\"gridId\": \"unitManage\", \"analyseCode\": \"pieDemo\"}', 'e31404e00ff611eabd12fcaa140ebf84');
INSERT INTO `analyse_config_detail` VALUES ('0a18c5a3157511eabd12fcaa140ebf84', '{\r\n	\"sql\": \"select ty.name as courseType, count(c.id) as `value` from pe_course c inner join enum_const ty on ty.id = c.flag_course_type where c.site_code = \'${siteCode}\' and [items|ty.name] group by ty.id\",\r\n	\"item\": {\r\n		\"alias\": \"courseType\",\r\n		\"xItemSql\": \"select name from enum_const where namespace = \'flagCourseType\' and TEAM like \'%,${siteCode},%\'\"\r\n	},\r\n	\"isReverse\": true,\r\n	\"series\": {\"items\": [\r\n		{\r\n			\"alias\": \"value\",\r\n			\"type\": \"bar\",\r\n			\"valueAxisKey\": \"courseType\"\r\n		}\r\n	]},\r\n	\"axis\": [\r\n		{\r\n			\"key\": \"courseType\",\r\n			\"serial\": 1\r\n		}\r\n	]\r\n}', '04cff8f2157511eabd12fcaa140ebf84');
INSERT INTO `analyse_config_detail` VALUES ('0bee31331b1f11eabd12fcaa140ebf84', '{\r\n	\"unit\": \"万元\",\r\n	\"showLegend\": true,\r\n	\"sql\":\"SELECT un. NAME AS `name`, round(sum(training_total_fee) / 10000, 2 ) AS `value` FROM pe_class c INNER JOIN pe_unit un ON un.id = c.fk_unit_id INNER JOIN check_Flow cf ON cf.fk_item_id = c.id INNER JOIN enum_const ty ON ty.id = cf.flag_flow_type INNER JOIN enum_const ss ON ss.id = c.flag_apply_certificate_status INNER JOIN enum_const ac ON ac.id = cf.flag_active INNER JOIN enum_const cs ON cs.id = cf.flag_check_status WHERE ty. CODE = \'4\' AND ss. CODE = \'2\' AND ac. CODE = \'1\' AND cs. CODE = \'2\' AND [analyse_dateLimit|cf.complete_date] AND [unit|un.id] AND c.site_code = \'${siteCode}\' AND [peUnit|c.fk_unit_id] GROUP BY un.id ORDER BY sum(training_total_fee) DESC LIMIT 0, 10\",\r\n	\"innerContentSql\": \"SELECT cast(concat(round(sum(training_total_fee) / 10000, 2 ), \'万元\') as char) AS `value` FROM pe_class c INNER JOIN pe_unit un ON un.id = c.fk_unit_id INNER JOIN check_Flow cf ON cf.fk_item_id = c.id INNER JOIN enum_const ty ON ty.id = cf.flag_flow_type INNER JOIN enum_const ss ON ss.id = c.flag_apply_certificate_status INNER JOIN enum_const ac ON ac.id = cf.flag_active INNER JOIN enum_const cs ON cs.id = cf.flag_check_status WHERE ty. CODE = \'4\' AND ss. CODE = \'2\' AND ac. CODE = \'1\' AND cs. CODE = \'2\' AND [analyse_dateLimit|cf.complete_date] AND [unit|un.id] AND c.site_code = \'${siteCode}\' AND [peUnit|c.fk_unit_id]\"\r\n}', '0bee31331b1f11eabd12fcaa140ebf84');
INSERT INTO `analyse_config_detail` VALUES ('0efed3581a6a11eabd12fcaa140ebf84', '{\"sql\": [\"SELECT concat( round( count(an.id) / count(stu.id) * 100, 1 ), \'%\' ) AS avgRate, concat( count(an.id) / count(DISTINCT stu.id), \'次\' ) AS avg, cast( concat( count(an.id), \'/\', count(stu.id), \'次\' ) AS CHAR ) AS complete FROM pe_student stu INNER JOIN pe_class c ON c.id = stu.fk_class_id INNER JOIN questionnaire_group hg ON hg.item_id = c.id INNER JOIN questionnaire_member mem ON mem.fk_group_id = hg.id AND mem.fk_sso_user_id = stu.fk_sso_user_id INNER JOIN enum_const ty ON ty.id = hg.flag_questionnaire_group_type LEFT JOIN questionnaire_answer an ON an.fk_group_id = hg.id AND an.fk_member_id = mem.id WHERE c.site_code = \'${siteCode}\' AND ty. CODE = \'2\' AND [parentId|c.id] AND hg.end_time < now() AND hg.is_delete = \'0\' AND [peUnit|c.fk_unit_id] AND [unit|c.fk_unit_id] AND [analyse_dateLimit|c.create_date]\"], \"items\": [{\"alias\": \"avgRate\", \"label\": \"平均回收率\", \"serial\": 1}, {\"alias\": \"avg\", \"label\": \"平均投票次数\", \"serial\": 2}, {\"alias\": \"complete\", \"label\": \"回收人次\", \"serial\": 3}]}', '0efed3581a6a11eabd12fcaa140ebf84');
INSERT INTO `analyse_config_detail` VALUES ('0fa717ee17ce11eabd12fcaa140ebf84', '{\"gridId\": \"unitAnalyse_unitDetail\"}', 'ddd19a1b17cd11eabd12fcaa140ebf84');
INSERT INTO `analyse_config_detail` VALUES ('11dff106127c11eabd12fcaa140ebf84', '{\r\n	\"sql\": \"SELECT date_Format( ti.training_start_time, \'${dateFormat}\' ) AS xAxis, sum( IF ( ti.training_end_time < now(), 1, 0 )) AS isEnd, sum( IF ( ti.training_start_time > now(), 1, 0 )) AS noStart, sum( IF ( ti.training_end_time >= now() AND ti.training_start_time <= now(), 1, 0 )) AS inProgress FROM training_item ti INNER JOIN enum_const ty ON ty.id = ti.flag_training_item_type INNER JOIN pe_unit un ON un.id = ti.fk_unit_id INNER JOIN enum_const st ON st.id = ti.flag_item_status WHERE st. CODE = \'3\' AND ti.site_code = \'${siteCode}\' AND [items|date_Format(ti.training_start_time, \'${dateFormat}\')] GROUP BY date_Format( ti.training_start_time, \'${dateFormat}\' )\",\r\n	\"item\": {\r\n		\"alias\": \"xAxis\",\r\n		\"className\": \"com.whaty.analyse.framework.type.barline.xaxis.DateGenerator\",\r\n		\"staticMethodName\": \"monthOfLimit\"\r\n	},\r\n	\"axis\": [{name: \"项目数\", \"key\": \"a1\", \"serial\": 1, \"unit\": \"个\"}, {name: \"项目数2\", \"key\": \"a2\", \"serial\": 2}],\r\n	\"series\": {\"items\": [\r\n		{\r\n			\"alias\": \"isEnd\",\r\n			\"name\": \"已结束\",\r\n			\"hasAverageLine\": true,\r\n			\"type\": \"bar\",\r\n			\"valueAxisKey\": \"a1\"\r\n		}, {\r\n			\"alias\": \"noStart\",\r\n			\"name\": \"未开始\",\r\n			\"hasAverageLine\": false,\r\n			\"type\": \"bar\"\r\n		}, {\r\n			\"alias\": \"inProgress\",\r\n			\"name\": \"进行中\",\r\n			\"type\": \"line\",\r\n			\"hasAverageLine\": true,\r\n			\"valueAxisKey\": \"a2\"\r\n		}\r\n	]},\r\n\"columnPanel\": {\"sql\":\"SELECT round(sum(c.training_total_fee)/10000,2) AS incoming,round(sum(c.teacher_fee+c.teaching_fee+c.transport_fee+c.food_fee+c.room_fee+c.enroll_fee+c.material_fee+c.site_fee+c.period_fee+c.other_fee)/10000,2) AS pay,round((sum(c.training_total_fee)-sum(c.teacher_fee+c.teaching_fee+c.transport_fee+c.food_fee+c.room_fee+c.enroll_fee+c.material_fee+c.site_fee+c.period_fee+c.other_fee))/10000,2) AS balanch FROM pe_class c INNER JOIN check_Flow cf ON cf.fk_item_id=c.id INNER JOIN enum_const ty ON ty.id=cf.flag_flow_type INNER JOIN enum_const ss ON ss.id=c.flag_apply_certificate_status INNER JOIN enum_const ac ON ac.id=cf.flag_active INNER JOIN enum_const cs ON cs.id=cf.flag_check_status WHERE ty.CODE=\'4\' AND ss.CODE=\'2\' AND ac.CODE=\'1\' AND cs.CODE=\'2\'\",\r\n	\"columns\":[{\"alias\":\"incoming\",\"label\":\"总收入\",\"serial\":1,\"highlight\": false},{\"alias\": \"pay\",\"label\": \"总支出\",\"serial\":2,\"highlight\": false},{\"alias\": \"balanch\",\"label\": \"结余\",\"serial\": 3,\"highlight\": false}]}\r\n}', '0d65a97e127c11eabd12fcaa140ebf84');
INSERT INTO `analyse_config_detail` VALUES ('15a80b5a1bb411eabd12fcaa140ebf84', '{\r\n	\"sql\": \"SELECT cast(followNum as char) AS `xAxis`, round( sum(IF(st. CODE = \'3\', 1, 0)) / sum(IF(st. CODE IN(\'3\', \'4\'), 1, 0)) * 100, 2 ) AS `successPercent` FROM requirement_info ri INNER JOIN ( SELECT ri.id AS fk_requirement_info_id, count(rfui.id) AS followNum FROM requirement_follow_up_info rfui INNER JOIN requirement_info ri ON ri.id = rfui.fk_requirement_info_id WHERE [analyse_dateLimit|ri.create_time] AND ri.site_code = \'${siteCode}\' GROUP BY ri.id ) rfui ON rfui.fk_requirement_info_id = ri.id INNER JOIN pe_manager m ON m.id = ri.fk_create_user_id INNER JOIN pe_unit un ON un.id = m.fk_unit_id INNER JOIN enum_const st ON st.id = ri.flag_follow_up_status WHERE [analyse_dateLimit|ri.create_time] AND [peUnit|un.id] AND [unit|un.id] AND ri.site_code = \'${siteCode}\' GROUP BY followNum\",\r\n	\"item\": {\r\n		\"alias\": \"xAxis\",\r\n		\"className\": \"com.whaty.analyse.framework.type.barline.xaxis.BusinessGenerator\",\r\n		\"staticMethodName\": \"requirementFollowNum\"\r\n	},\r\n	\"axis\": [{name: \"成功率\", \"unit\": \"%\"}],\r\n	\"series\": {\"items\": [\r\n		{\r\n			\"alias\": \"successPercent\",\r\n			\"name\": \"成功率\",\r\n			\"type\": \"line\"\r\n		}\r\n	]}\r\n}', '15a80b5a1bb411eabd12fcaa140ebf84');
INSERT INTO `analyse_config_detail` VALUES ('1ab55935102811eabd12fcaa140ebf84', '{\"label\": \"质量评估\", \"sql\": [\"select 100 as compare, 57 as basic\"], \"basicItem\": {\"label\": \"平均值\", alias: \"basic\"}, \"compareItem\": {\"label\": \"当前值\", \"alias\": \"compare\"}}', '0d4e2a7d102811eabd12fcaa140ebf84');
INSERT INTO `analyse_config_detail` VALUES ('1ba5dac317f611eabd12fcaa140ebf84', '{\r\n	\"sql\": \"SELECT un. NAME as \'xAxis\', sum(ao. CODE + 1) AS `value` FROM overall_evaluate_answer oea INNER JOIN enum_const ao ON ao.id = oea.answer_id INNER JOIN pe_Student stu ON stu.fk_sso_user_id = oea.fk_sso_user_id INNER JOIN pe_class c ON c.id = stu.fk_class_id INNER JOIN pe_unit un ON un.id = c.fk_unit_id WHERE [analyse_dateLimit|oea.create_date] AND [unit|c.fk_unit_id] AND [peUnit|c.fk_unit_id] AND c.site_code = \'${siteCode}\' GROUP BY c.fk_unit_id ORDER BY `value` DESC\",\r\n	\"item\": {\r\n		\"alias\": \"xAxis\",\r\n		\"xItemSql\": \"SELECT un. NAME as `name` FROM overall_evaluate_answer oea INNER JOIN enum_const ao ON ao.id = oea.answer_id INNER JOIN pe_Student stu ON stu.fk_sso_user_id = oea.fk_sso_user_id INNER JOIN pe_class c ON c.id = stu.fk_class_id INNER JOIN pe_unit un ON un.id = c.fk_unit_id WHERE [analyse_dateLimit|oea.create_date] AND [unit|c.fk_unit_id] AND [peUnit|c.fk_unit_id] AND c.site_code = \'${siteCode}\' GROUP BY c.fk_unit_id ORDER BY sum(ao. CODE) DESC\"\r\n	},\r\n	\"series\": {\"items\": [\r\n		{\r\n			\"alias\": \"value\",\r\n			\"name\": \"质量评估\",\r\n			\"type\": \"bar\"\r\n		}\r\n	]}\r\n}', '143ed7ea17f611eabd12fcaa140ebf84');
INSERT INTO `analyse_config_detail` VALUES ('1c399c1c1b2611eabd12fcaa140ebf84', '{\"gridId\": \"feeAnalyseDetail\", \"analyseCode\": \"feeAnalyseDetailPie\"}', '1c399c1c1b2611eabd12fcaa140ebf84');
INSERT INTO `analyse_config_detail` VALUES ('1c624da11bb711eabd12fcaa140ebf84', '{\r\n	\"isReverse\": true,\r\n	\"sql\": \"SELECT \'目标客户\' AS xAxis, count(ri.id) AS `value` FROM requirement_info ri INNER JOIN pe_manager m ON m.id = ri.fk_create_user_id INNER JOIN pe_unit un ON un.id = m.fk_unit_id INNER JOIN enum_const st ON st.id = ri.flag_follow_up_status WHERE [analyse_dateLimit|ri.create_time] AND [peUnit|un.id] AND [unit|un.id] AND ri.site_code = \'${siteCode}\' UNION ALL SELECT \'潜在客户\' AS xAxis, count(ri.id) - sum(IF(st. CODE = \'1\', 1, 0)) AS `value` FROM requirement_info ri INNER JOIN pe_manager m ON m.id = ri.fk_create_user_id INNER JOIN pe_unit un ON un.id = m.fk_unit_id INNER JOIN enum_const st ON st.id = ri.flag_follow_up_status WHERE [analyse_dateLimit|ri.create_time] AND [peUnit|un.id] AND [unit|un.id] AND ri.site_code = \'${siteCode}\' UNION ALL SELECT \'意向客户\' AS xAxis, sum(IF(st. CODE = \'2\', 1, 0)) + sum(IF(st. CODE = \'3\', 1, 0)) + sum(IF(st. CODE = \'5\', 1, 0)) AS `value` FROM requirement_info ri INNER JOIN pe_manager m ON m.id = ri.fk_create_user_id INNER JOIN pe_unit un ON un.id = m.fk_unit_id INNER JOIN enum_const st ON st.id = ri.flag_follow_up_status WHERE [analyse_dateLimit|ri.create_time] AND [peUnit|un.id] AND [unit|un.id] AND ri.site_code = \'${siteCode}\' UNION ALL SELECT \'成交客户\' AS xAxis, sum(IF(st. CODE = \'3\', 1, 0)) AS `value` FROM requirement_info ri INNER JOIN pe_manager m ON m.id = ri.fk_create_user_id INNER JOIN pe_unit un ON un.id = m.fk_unit_id INNER JOIN enum_const st ON st.id = ri.flag_follow_up_status WHERE [analyse_dateLimit|ri.create_time] AND [peUnit|un.id] AND [unit|un.id] AND ri.site_code = \'${siteCode}\'\",\r\n	\"item\": {\r\n		\"alias\": \"xAxis\",\r\n		\"items\": [\"成交客户\", \"意向客户\", \"潜在客户\", \"目标客户\"]\r\n	},\r\n	\"series\": {\"items\": [\r\n		{\r\n			\"alias\": \"value\",\r\n			\"name\": \"需求数\",\r\n			\"type\": \"bar\"\r\n		}\r\n	]}\r\n}', '1c624da11bb711eabd12fcaa140ebf84');
INSERT INTO `analyse_config_detail` VALUES ('20876fbb17f911eabd12fcaa140ebf84', '{\"sql\": [\"SELECT count(ti.id) AS total, sum( IF ( ti.training_end_time < now(), 1, 0 )) AS isEnd, sum( IF ( ti.training_start_time > now(), 1, 0 )) AS noStart, sum( IF ( ti.training_end_time >= now() AND ti.training_start_time <= now(), 1, 0 )) AS inProgress FROM training_item ti INNER JOIN enum_const ty ON ty.id = ti.flag_training_item_type INNER JOIN pe_unit un ON un.id = ti.fk_unit_id AND [peUnit|un.id] INNER JOIN enum_const st ON st.id = ti.flag_item_status WHERE st. CODE = \'3\' AND [un|un.id] AND [date_dateLimit|ti.training_start_time] AND ti.site_code = \'${siteCode}\'\"],\r\n	\"title\": \"培训项目\", \"items\": [{\"alias\": \"total\", \"label\": \"项目总数\", \"serial\": 1}, {\"alias\": \"inProgress\", \"label\": \"进行中\", \"serial\": 4}, {\"alias\": \"isEnd\", \"label\": \"已结束\", \"serial\": 5}, {\"alias\": \"noStart\", \"label\": \"未开始\", \"serial\": 6}]}', '1ab0428717f911eabd12fcaa140ebf84');
INSERT INTO `analyse_config_detail` VALUES ('2344ee021b2f11eabd12fcaa140ebf84', '{\r\n	\"unit\": \"个\",\r\n	\"showLegend\": true,\r\n	\"isMapMetaData\": true,\r\n	\"sql\":\"SELECT sum(IF(ty. CODE = \'1\', 1, 0)) AS noFollow, sum(IF(ty. CODE = \'2\', 1, 0)) AS following, sum(IF(ty. CODE = \'3\', 1, 0)) AS signed, sum(IF(ty. CODE = \'4\', 1, 0)) AS failure, sum(IF(ty. CODE = \'5\', 1, 0)) AS delay FROM requirement_info ri INNER JOIN requirement_follow_up_info rfui ON rfui.fk_requirement_info_id = ri.id INNER JOIN enum_const ty ON ty.id = ri.flag_follow_up_status INNER JOIN pe_manager m ON m.id = ri.fk_follow_up_user_id WHERE [unit|m.fk_unit_id] AND [peUnit|m.fk_unit_id] AND [analyse_dateLimit|ri.create_time] AND m.site_code = \'${siteCode}\'\",\r\n	\"items\":[{\"alias\":\"noFollow\",\"name\":\"未跟进\"}, {\"alias\":\"following\",\"name\":\"跟进中\"}, {\"alias\":\"signed\",\"name\":\"已签约\"}, {\"alias\":\"failure\",\"name\":\"失败\"}, {\"alias\":\"delay\",\"name\":\"延期\"}],\r\n	\"innerPieItems\": [{\"name\": \"未跟进\", \"mappingOutItems\": [\"noFollow\"]}, {\"name\": \"已跟进\", \"mappingOutItems\": [\"following\", \"signed\", \"failure\", \"delay\"]}],\r\n	\"innerPieItems\": [{\"name\": \"未跟进\", \"mappingOutItems\": [\"noFollow\"]}, {\"name\": \"已跟进\", \"mappingOutItems\": [\"following\", \"signed\", \"failure\", \"delay\"]}],\r\n	\"columnPanel\": {\"sql\":\"SELECT count(ri.id) AS total, ifnull(count(ri.id) - sum(IF(ty. CODE = \'1\', 1, 0)), 0) AS followed, ifnull(sum(IF(ty. CODE = \'1\', 1, 0)), 0) AS noFollow FROM requirement_info ri INNER JOIN requirement_follow_up_info rfui ON rfui.fk_requirement_info_id = ri.id INNER JOIN enum_const ty ON ty.id = ri.flag_follow_up_status INNER JOIN pe_manager m ON m.id = ri.fk_follow_up_user_id WHERE [unit|m.fk_unit_id] AND [peUnit|m.fk_unit_id] AND [analyse_dateLimit|ri.create_time] AND m.site_code = \'${siteCode}\'\", \"columns\":[{\"alias\":\"total\",\"label\":\"总需求书\",\"serial\":1,\"highlight\": false}, {\"alias\":\"followed\",\"label\":\"已跟进\",\"serial\":2,\"highlight\": false}, {\"alias\":\"noFollow\",\"label\":\"未跟进\",\"serial\":3,\"highlight\": false}]}\r\n}', '2344ee021b2f11eabd12fcaa140ebf84');
INSERT INTO `analyse_config_detail` VALUES ('25da996f0da111eabd12fcaa140ebf84', '{\"sql\": [\"SELECT count(ti.id) AS total, sum(IF(ty. CODE = \'1\', 1, 0)) AS society, sum(IF(ty. CODE = \'2\', 1, 0)) AS cooperate, sum( IF ( ti.training_end_time < now(), 1, 0 )) AS isEnd, sum( IF ( ti.training_start_time > now(), 1, 0 )) AS noStart, sum( IF ( ti.training_end_time >= now() AND ti.training_start_time <= now(), 1, 0 )) AS inProgress FROM training_item ti INNER JOIN enum_const ty ON ty.id = ti.flag_training_item_type INNER JOIN pe_unit un ON un.id = ti.fk_unit_id AND [peUnit|un.id] INNER JOIN enum_const st ON st.id = ti.flag_item_status WHERE st. CODE = \'3\' AND [un|un.id] AND [analyse_dateLimit|ti.training_start_time] AND ti.site_code = \'${siteCode}\'\"],\r\n	\"title\": \"培训项目\", \"columns\": [{\"alias\": \"total\", \"label\": \"项目总数\", \"serial\": 1, \"highlight\": false}, {\"alias\": \"society\", \"label\": \"社会项目\", \"serial\": 2, \"highlight\": false}, {\"alias\": \"cooperate\", \"label\": \"委托项目\", \"serial\": 3, \"highlight\": false}, {\"alias\": \"inProgress\", \"label\": \"进行中\", \"serial\": 4, \"highlight\": true}, {\"alias\": \"isEnd\", \"label\": \"已结束\", \"serial\": 5, \"highlight\": false}, {\"alias\": \"noStart\", \"label\": \"未开始\", \"serial\": 6, \"highlight\": false}]}', '0bfaa9340da111eabd12fcaa140ebf84');
INSERT INTO `analyse_config_detail` VALUES ('277560131b1511eabd12fcaa140ebf84', '{\"gridId\": \"classQualityDetailGridCourse\", \"analyseCode\": \"classQualityDetailCoursePie\"}', '277560131b1511eabd12fcaa140ebf84');
INSERT INTO `analyse_config_detail` VALUES ('2805b99c1af511eabd12fcaa140ebf84', '{\r\n	\"showLegend\": false,\r\n	\"isMapMetaData\": true,\r\n	\"showLabel\": true,\r\n	\"sql\":\"SELECT count(css.id) - sum(IF(iob. CODE = \'1\', 1, 0)) AS reached, sum(IF(iob. CODE = \'1\', 1, 0)) AS onBehalf, count(stu.id) - count(css.id) AS noReach FROM class_sign cs INNER JOIN pe_class c ON c.id = cs.fk_class_id INNER JOIN pe_student stu ON stu.fk_class_id = c.id LEFT JOIN class_sign_student css ON css.fk_class_sign_id = cs.id AND css.fk_student_id = stu.id LEFT JOIN enum_const iob ON iob.id = css.flag_is_on_behalf WHERE [id|cs.id]\",\r\n  \"items\": [{\"name\": \"未签到\", \"alias\": \"noReach\"}, {\"name\": \"签到\", \"alias\": \"reached\"}, {\"name\": \"代签\", \"alias\": \"onBehalf\"}]\r\n}', '2805b99c1af511eabd12fcaa140ebf84');
INSERT INTO `analyse_config_detail` VALUES ('2a3687211a5f11eabd12fcaa140ebf84', '{\r\n	\"sql\": \"SELECT cs.date AS xAxis, ifnull(cs.signNum, 0) AS signNum, ifnull(hg.homeworkNum, 0) AS homeworkNum, ifnull(g.questionNum, 0) AS questionNum, ifnull(g.voteNum, 0) as voteNum FROM ( SELECT DATE_FORMAT(cs.create_date, \'%y-%m-%d\') AS date, count(cs.id) AS signNum FROM class_sign cs INNER JOIN pe_class c ON c.id = cs.fk_class_id WHERE [parentId|c.id] AND [items|DATE_FORMAT(cs.create_date, \'%y-%m-%d\')] GROUP BY DATE_FORMAT(cs.create_date, \'%y-%m-%d\')) cs LEFT JOIN ( SELECT DATE_FORMAT(hg.create_date, \'%y-%m-%d\') AS date, count(hg.id) AS homeworkNum FROM homework_group AS hg INNER JOIN pe_class c ON c.id = hg.item_id WHERE [parentId|c.id] AND is_delete = \'0\' AND [items|DATE_FORMAT(hg.create_date, \'%y-%m-%d\')] GROUP BY DATE_FORMAT(hg.create_date, \'%y-%m-%d\')) hg ON hg.date = cs.date LEFT JOIN ( SELECT DATE_FORMAT(g.create_date, \'%y-%m-%d\') AS date, sum(IF(ty. CODE = \'1\', 1, 0)) AS questionNum, sum(IF(ty. CODE = \'2\', 1, 0)) AS voteNum FROM questionnaire_group g INNER JOIN pe_class c ON c.id = g.item_id INNER JOIN enum_const ty ON ty.id = g.flag_questionnaire_group_type INNER JOIN enum_const pub ON pub.id = g.flag_is_publish WHERE pub. CODE = \'1\' AND g.is_delete = \'0\' AND [parentId|c.id] AND [items|DATE_FORMAT(g.create_date, \'%y-%m-%d\')] GROUP BY DATE_FORMAT(g.create_date, \'%y-%m-%d\')) g ON g.date = cs.date\",\r\n	\"item\": {\r\n		\"alias\": \"xAxis\",\r\n		\"className\": \"com.whaty.analyse.framework.type.barline.xaxis.BusinessGenerator\",\r\n		\"staticMethodName\": \"classActiveDayByParentId\"\r\n	},\r\n	\"series\": {\"items\": [\r\n		{\r\n			\"alias\": \"signNum\",\r\n			\"name\": \"签到\",\r\n			\"type\": \"bar\",\r\n			\"group\": \"activity\"\r\n		}, {\r\n			\"alias\": \"homeworkNum\",\r\n			\"name\": \"作业\",\r\n			\"type\": \"bar\",\r\n			\"group\": \"activity\"\r\n		}, {\r\n			\"alias\": \"questionNum\",\r\n			\"name\": \"问卷\",\r\n			\"type\": \"bar\",\r\n			\"group\": \"activity\"\r\n		}, {\r\n			\"alias\": \"voteNum\",\r\n			\"name\": \"投票\",\r\n			\"type\": \"bar\",\r\n			\"group\": \"activity\"\r\n		}\r\n	]}\r\n}', '2a3687211a5f11eabd12fcaa140ebf84');
INSERT INTO `analyse_config_detail` VALUES ('2b95c66417d311eabd12fcaa140ebf84', '{\"sql\": [\"SELECT count(id) as classNum from pe_class where [analyse_dateLimit|create_date] AND [unit|fk_unit_id] AND [peUnit|fk_unit_id] AND site_code = \'${siteCode}\'\",\r\n\"select count(af.id) as attachNum from pe_class c inner join attach_file af on af.link_id = c.id where [analyse_dateLimit|c.create_date] AND [unit|c.fk_unit_id] AND [peUnit|c.fk_unit_id] AND c.site_code = \'${siteCode}\'\",\r\n\"select count(stu.id) as studentNum from pe_student stu inner join pe_class c on c.id = stu.fk_class_id where [analyse_dateLimit|c.create_date] AND [unit|c.fk_unit_id] AND [peUnit|c.fk_unit_id] AND c.site_code = \'${siteCode}\'\",\r\n\"select count(cc.id) as courseNum from class_course cc inner join pe_class c on c.id = cc.fk_class_id where [analyse_dateLimit|c.create_date] AND [unit|c.fk_unit_id] AND [peUnit|c.fk_unit_id] AND c.site_code = \'${siteCode}\'\"],\r\n	\"title\": \"班级信息\", \"columns\": [{\"alias\": \"classNum\", \"label\": \"班级数量\", \"serial\": 1, \"highlight\": false}, {\"alias\": \"studentNum\", \"label\": \"学员数量\", \"serial\": 2, \"highlight\": false}, {\"alias\": \"courseNum\", \"label\": \"课程数\", \"serial\": 3, \"highlight\": false}, {\"alias\": \"attachNum\", \"label\": \"附件数\", \"serial\": 4, \"highlight\": false}]}', '258af62617d311eabd12fcaa140ebf84');
INSERT INTO `analyse_config_detail` VALUES ('2c54b16c1b2211eabd12fcaa140ebf84', '{\"gridId\": \"feeUnitExpenseGrid\"}', '2c54b16c1b2211eabd12fcaa140ebf84');
INSERT INTO `analyse_config_detail` VALUES ('2f5ec5f01b2711eabd12fcaa140ebf84', '{\r\n	\"showLegend\": false,\r\n	\"isMapMetaData\": true,\r\n	\"showLabel\": true,\r\n	\"sql\":\"SELECT round(sum(c.teacher_fee) / 10000, 2) AS teacherFee, round( sum(c.teaching_fee) / 10000, 2 ) AS teachingFee, round( sum(c.transport_fee) / 10000, 2 ) AS transportFee, round(sum(c.food_fee) / 10000, 2) AS foodFee, round(sum(c.room_fee) / 10000, 2) AS roomFee, round(sum(c.enroll_fee) / 10000, 2) AS enrollFee, round( sum(c.material_fee) / 10000, 2 ) AS materialFee, round(sum(c.site_fee) / 10000, 2) AS siteFee, round(sum(c.period_fee) / 10000, 2) AS periodFee, round(sum(c.other_fee) / 10000, 2) AS otherFee FROM pe_class c INNER JOIN enum_const ss ON ss.id = c.flag_apply_certificate_status WHERE ss. CODE = \'2\' AND [id|c.fk_unit_id]\",\r\n	\"items\":[{\"alias\":\"teacherFee\",\"name\":\"师资费\"},{\"alias\":\"teachingFee\",\"name\":\"现场教学费\"},{\"alias\":\"transportFee\",\"name\":\"交通费\"},{\"alias\":\"foodFee\",\"name\":\"餐饮费\"},{\"alias\":\"roomFee\",\"name\":\"住宿费\"},{\"alias\":\"enrollFee\",\"name\":\"报名费\"},{\"alias\":\"materialFee\",\"name\": \"教材费\"}, {\"alias\": \"siteFee\",\"name\": \"场地费\"}, {\"alias\": \"periodFee\",\"name\": \"劳务带班费\"}, {\"alias\":\"otherFee\",\"name\": \"其他费用\"}]\r\n}', '2f5ec5f01b2711eabd12fcaa140ebf84');
INSERT INTO `analyse_config_detail` VALUES ('2fe2555817d511eabd12fcaa140ebf84', '{\"sql\": [\"select count(cs.id) as signNum from class_sign cs inner join pe_class c on c.id = cs.fk_class_id WHERE c.site_code = \'${siteCode}\' AND [unit|c.fk_unit_id] AND [peUnit|c.fk_unit_id] AND [parentId|c.id] AND [analyse_dateLimit|cs.create_date]\",\r\n\"select count(hg.id) as homeworkNum from homework_group as hg inner join pe_class c on c.id = hg.item_id WHERE c.site_code = \'${siteCode}\' AND [unit|c.fk_unit_id] AND [peUnit|c.fk_unit_id] AND [parentId|c.id] AND [analyse_dateLimit|hg.create_date] and is_delete = \'0\';\",\r\n\"select sum(if(ty.code = \'1\', 1, 0)) as questionNum, sum(if(ty.code = \'2\', 1, 0)) as voteNum from questionnaire_group g inner join pe_class c on c.id = g.item_id inner join enum_const ty on ty.id = g.flag_questionnaire_group_type inner join enum_const pub on pub.id = g.flag_is_publish where pub.code = \'1\' and g.is_delete = \'0\' AND [parentId|c.id] AND c.site_code = \'${siteCode}\' AND [unit|c.fk_unit_id] AND [peUnit|c.fk_unit_id] AND [analyse_dateLimit|g.create_date];\"],\r\n	\"title\": \"班级活动\", \"columns\": [{\"alias\": \"signNum\", \"label\": \"签到\", \"serial\": 1, \"highlight\": false}, {\"alias\": \"homeworkNum\", \"label\": \"作业\", \"serial\": 2, \"highlight\": false}, {\"alias\": \"questionNum\", \"label\": \"问卷调查\", \"serial\": 3, \"highlight\": false}, {\"alias\": \"voteNum\", \"label\": \"调查问卷\", \"serial\": 4, \"highlight\": false}]}', '1d9404ec17d511eabd12fcaa140ebf84');
INSERT INTO `analyse_config_detail` VALUES ('375d01ec1a2211eabd12fcaa140ebf84', '{\"gridId\": \"classAnalyse-classPieDetail\"}', '375d01ec1a2211eabd12fcaa140ebf84');
INSERT INTO `analyse_config_detail` VALUES ('408844a5174011eabd12fcaa140ebf84', '{\r\n	\"sql\": \"SELECT date_format( ti.create_date, \'${dateFormat}\' ) AS xAxis <for items = \'sqlAlias\' element = \'alias\'>, ${alias} </for> FROM training_item ti INNER JOIN enum_const ty ON ty.id = ti.flag_training_type INNER JOIN enum_const ss ON ss.id = ti.flag_item_status WHERE ss. CODE = \'3\' AND ti.site_code = \'${siteCode}\' AND [peUnit|ti.fk_unit_id] AND [unit|ti.fk_unit_id] AND [analyse_dateLimit|ti.create_date] GROUP BY date_format(ti.create_date, \'${dateFormat}\')\",\r\n	\"item\": {\r\n		\"alias\": \"xAxis\",\r\n		\"className\": \"com.whaty.analyse.framework.type.barline.xaxis.DateGenerator\",\r\n		\"staticMethodName\": \"monthOfLimit\"\r\n	},\r\n	\"series\": {\r\n		\"sql\": \"select concat(\'type\', code) as alias, name as `name`, \'bar\' as type, concat(\'sum(if(ty.code = \'\'\', code, \'\'\', 1, 0)) as type\', code) as sqlAlias, \'type\' as `group` from enum_const where namespace = \'flagTrainingType\' and team like \'%,${siteCode},%\'\"\r\n	}\r\n}', '20594710174011eabd12fcaa140ebf84');
INSERT INTO `analyse_config_detail` VALUES ('4403e6c91b2211eabd12fcaa140ebf84', '{\"gridId\": \"feeUnitIncomingGrid\"}', '4403e6c91b2211eabd12fcaa140ebf84');
INSERT INTO `analyse_config_detail` VALUES ('4c4b500a17f011eabd12fcaa140ebf84', '{\r\n	\"showLegend\": true,\r\n	\"sql\":\"select un.name as `name`, count(c.id) as `value` from pe_class c inner join pe_unit un on un.id = c.fk_unit_id where c.site_code = \'${siteCode}\' and [analyse_dateLimit|c.create_date] and [unit|c.fk_unit_id] and [peUnit|c.fk_unit_id] group by c.fk_unit_id order by count(c.id) desc limit 0, 10\",\r\n	\"innerContentSql\": \"select count(c.id) as `total` from pe_class c inner join pe_unit un on un.id = c.fk_unit_id where c.site_code = \'${siteCode}\' and [analyse_dateLimit|c.create_date] and [unit|c.fk_unit_id] and [peUnit|c.fk_unit_id]\"\r\n}', '479a4aa317f011eabd12fcaa140ebf84');
INSERT INTO `analyse_config_detail` VALUES ('5832f6d7173411eabd12fcaa140ebf84', '{\"sql\": [\"SELECT count(ti.id) AS total, sum(IF(ty. CODE = \'1\', 1, 0)) AS society, sum(IF(ty. CODE = \'2\', 1, 0)) AS cooperate, sum( IF ( ti.training_end_time < now(), 1, 0 )) AS isEnd, sum( IF ( ti.training_start_time > now(), 1, 0 )) AS noStart, sum( IF ( ti.training_end_time >= now() AND ti.training_start_time <= now(), 1, 0 )) AS inProgress FROM training_item ti INNER JOIN enum_const ty ON ty.id = ti.flag_training_item_type INNER JOIN pe_unit un ON un.id = ti.fk_unit_id AND [peUnit|un.id] INNER JOIN enum_const st ON st.id = ti.flag_item_status WHERE st. CODE = \'3\' AND [unit|un.id] AND [analyse_dateLimit|ti.training_start_time] AND ti.site_code = \'${siteCode}\'\"],\r\n	\"title\": \"培训项目\", \"columns\": [{\"alias\": \"total\", \"label\": \"项目总数\", \"serial\": 1, \"highlight\": false}, {\"alias\": \"society\", \"label\": \"社会项目\", \"serial\": 2, \"highlight\": false}, {\"alias\": \"cooperate\", \"label\": \"委托项目\", \"serial\": 3, \"highlight\": false}, {\"alias\": \"inProgress\", \"label\": \"进行中\", \"serial\": 4, \"highlight\": true}, {\"alias\": \"isEnd\", \"label\": \"已结束\", \"serial\": 5, \"highlight\": false}, {\"alias\": \"noStart\", \"label\": \"未开始\", \"serial\": 6, \"highlight\": false}]}', '26fddfc7173411eabd12fcaa140ebf84');
INSERT INTO `analyse_config_detail` VALUES ('602b86eb1afc11eabd12fcaa140ebf84', '{\"gridId\": \"classQualityDetailGrid\", \"analyseCode\": \"classQualityDetailPie\"}', '602b86eb1afc11eabd12fcaa140ebf84');
INSERT INTO `analyse_config_detail` VALUES ('62b173091a4f11eabd12fcaa140ebf84', '{\"gridId\": \"classAnalyse_classDetailAnalyse_isEnd\", \"detailBoardId\": \"ad9488591a5311eabd12fcaa140ebf84\"}', '62b173091a4f11eabd12fcaa140ebf84');
INSERT INTO `analyse_config_detail` VALUES ('689b102b173d11eabd12fcaa140ebf84', '{\r\n	\"unit\": \"万元\",\r\n	\"showLegend\": true,\r\n	\"isMapMetaData\": true,\r\n	\"sql\":\"SELECT round( r.total - r.teacherFee + r.teachingFee + r.transportFee + r.foodFee + r.roomFee + r.enrollFee + r.materialFee + r.siteFee + r.periodFee + r.otherFee, 2 ) AS balance, r.teacherFee AS teacherFee, r.teachingFee AS teachingFee, r.transportFee AS transportFee, r.foodFee AS foodFee, r.roomFee AS roomFee, r.enrollFee AS enrollFee, r.materialFee AS materialFee, r.siteFee AS siteFee, r.periodFee AS periodFee, r.otherFee AS otherFee FROM ( SELECT round( sum(c.training_total_fee) / 10000, 2 ) AS total, round(sum(c.teacher_fee) / 10000, 2) AS teacherFee, round( sum(c.teaching_fee) / 10000, 2 ) AS teachingFee, round( sum(c.transport_fee) / 10000, 2 ) AS transportFee, round(sum(c.food_fee) / 10000, 2) AS foodFee, round(sum(c.room_fee) / 10000, 2) AS roomFee, round(sum(c.enroll_fee) / 10000, 2) AS enrollFee, round( sum(c.material_fee) / 10000, 2 ) AS materialFee, round(sum(c.site_fee) / 10000, 2) AS siteFee, round(sum(c.period_fee) / 10000, 2) AS periodFee, round(sum(c.other_fee) / 10000, 2) AS otherFee FROM pe_class c INNER JOIN check_Flow cf ON cf.fk_item_id = c.id INNER JOIN enum_const ty ON ty.id = cf.flag_flow_type INNER JOIN enum_const ss ON ss.id = c.flag_apply_certificate_status INNER JOIN enum_const ac ON ac.id = cf.flag_active INNER JOIN enum_const cs ON cs.id = cf.flag_check_status WHERE ty. CODE = \'4\' AND ss. CODE = \'2\' AND ac. CODE = \'1\' AND cs. CODE = \'2\' AND c.site_code = \'${siteCode}\' AND [analyse_dateLimit|c.create_date] AND [unit|c.fk_unit_id] AND [peUnit|c.fk_unit_id]) r\",\r\n	\"items\":[{\"alias\":\"teacherFee\",\"name\":\"师资费\"},{\"alias\":\"teachingFee\",\"name\":\"现场教学费\"},{\"alias\":\"transportFee\",\"name\":\"交通费\"},{\"alias\":\"foodFee\",\"name\":\"餐饮费\"},{\"alias\":\"roomFee\",\"name\":\"住宿费\"},{\"alias\":\"enrollFee\",\"name\":\"报名费\"},{\"alias\":\"materialFee\",\"name\": \"教材费\"}, {\"alias\": \"siteFee\",\"name\": \"场地费\"}, {\"alias\": \"periodFee\",\"name\": \"劳务带班费\"}, {\"alias\":\"otherFee\",\"name\": \"其他费用\"}, {\"alias\": \"balance\", \"name\": \"结余\"}],\r\n	\"columnPanel\": {\"sql\":\"SELECT round( sum(c.training_total_fee) / 10000, 2 ) AS incoming, round( sum( c.teacher_fee + c.teaching_fee + c.transport_fee + c.food_fee + c.room_fee + c.enroll_fee + c.material_fee + c.site_fee + c.period_fee + c.other_fee ) / 10000, 2 ) AS pay, round(( sum(c.training_total_fee) - sum( c.teacher_fee + c.teaching_fee + c.transport_fee + c.food_fee + c.room_fee + c.enroll_fee + c.material_fee + c.site_fee + c.period_fee + c.other_fee )) / 10000, 2 ) AS balanch FROM pe_class c INNER JOIN check_Flow cf ON cf.fk_item_id = c.id INNER JOIN enum_const ty ON ty.id = cf.flag_flow_type INNER JOIN enum_const ss ON ss.id = c.flag_apply_certificate_status INNER JOIN enum_const ac ON ac.id = cf.flag_active INNER JOIN enum_const cs ON cs.id = cf.flag_check_status WHERE ty. CODE = \'4\' AND ss. CODE = \'2\' AND ac. CODE = \'1\' AND cs. CODE = \'2\' AND c.site_code = \'${siteCode}\' AND [analyse_dateLimit|c.create_date] AND [unit|c.fk_unit_id] AND [peUnit|c.fk_unit_id]\",\r\n	\"columns\":[{\"alias\":\"incoming\",\"label\":\"总收入\",\"serial\":1,\"highlight\": false},{\"alias\": \"pay\",\"label\": \"总支出\",\"serial\":2,\"highlight\": false},{\"alias\": \"balanch\",\"label\": \"结余\",\"serial\": 3,\"highlight\": false}]},\r\n\"innerPieItems\": [{\"name\": \"结余\", \"mappingOutItems\": [\"balance\"]}, {\"name\": \"支出\", \"mappingOutItems\": [\"teacherFee\", \"teachingFee\", \"transportFee\", \"foodFee\", \"roomFee\", \"enrollFee\", \"materialFee\", \"siteFee\", \"periodFee\", \"otherFee\"]}]\r\n}', '4afc6da2173d11eabd12fcaa140ebf84');
INSERT INTO `analyse_config_detail` VALUES ('6abfa5b80f5311eabd12fcaa140ebf84', '{\r\n	\"unit\": \"万元\",\r\n	\"showLegend\": true,\r\n	\"isMapMetaData\": true,\r\n	\"sql\":\"SELECT round(r.total - r.teacherFee + r.teachingFee + r.transportFee + r.foodFee + r.roomFee + r.enrollFee + r.materialFee + r.siteFee + r.periodFee + r.otherFee, 2) AS balance, r.teacherFee AS teacherFee, r.teachingFee AS teachingFee, r.transportFee AS transportFee, r.foodFee AS foodFee, r.roomFee AS roomFee, r.enrollFee AS enrollFee, r.materialFee AS materialFee, r.siteFee AS siteFee, r.periodFee AS periodFee, r.otherFee AS otherFee FROM ( SELECT round( sum(c.training_total_fee) / 10000, 2 ) AS total, round(sum(c.teacher_fee) / 10000, 2) AS teacherFee, round( sum(c.teaching_fee) / 10000, 2 ) AS teachingFee, round( sum(c.transport_fee) / 10000, 2 ) AS transportFee, round(sum(c.food_fee) / 10000, 2) AS foodFee, round(sum(c.room_fee) / 10000, 2) AS roomFee, round(sum(c.enroll_fee) / 10000, 2) AS enrollFee, round( sum(c.material_fee) / 10000, 2 ) AS materialFee, round(sum(c.site_fee) / 10000, 2) AS siteFee, round(sum(c.period_fee) / 10000, 2) AS periodFee, round(sum(c.other_fee) / 10000, 2) AS otherFee FROM pe_class c INNER JOIN check_Flow cf ON cf.fk_item_id = c.id INNER JOIN enum_const ty ON ty.id = cf.flag_flow_type INNER JOIN enum_const ss ON ss.id = c.flag_apply_certificate_status INNER JOIN enum_const ac ON ac.id = cf.flag_active INNER JOIN enum_const cs ON cs.id = cf.flag_check_status WHERE ty. CODE = \'4\' AND ss. CODE = \'2\' AND ac. CODE = \'1\' AND cs. CODE = \'2\' ) r\",\r\n	\"items\":[{\"alias\":\"teacherFee\",\"name\":\"师资费\"},{\"alias\":\"teachingFee\",\"name\":\"现场教学费\"},{\"alias\":\"transportFee\",\"name\":\"交通费\"},{\"alias\":\"foodFee\",\"name\":\"餐饮费\"},{\"alias\":\"roomFee\",\"name\":\"住宿费\"},{\"alias\":\"enrollFee\",\"name\":\"报名费\"},{\"alias\":\"materialFee\",\"name\": \"教材费\"}, {\"alias\": \"siteFee\",\"name\": \"场地费\"}, {\"alias\": \"periodFee\",\"name\": \"劳务带班费\"}, {\"alias\":\"otherFee\",\"name\": \"其他费用\"}, {\"alias\": \"balance\", \"name\": \"结余\"}],\r\n	\"columnPanel\": {\"sql\":\"SELECT round(sum(c.training_total_fee)/10000,2) AS incoming,round(sum(c.teacher_fee+c.teaching_fee+c.transport_fee+c.food_fee+c.room_fee+c.enroll_fee+c.material_fee+c.site_fee+c.period_fee+c.other_fee)/10000,2) AS pay,round((sum(c.training_total_fee)-sum(c.teacher_fee+c.teaching_fee+c.transport_fee+c.food_fee+c.room_fee+c.enroll_fee+c.material_fee+c.site_fee+c.period_fee+c.other_fee))/10000,2) AS balanch FROM pe_class c INNER JOIN check_Flow cf ON cf.fk_item_id=c.id INNER JOIN enum_const ty ON ty.id=cf.flag_flow_type INNER JOIN enum_const ss ON ss.id=c.flag_apply_certificate_status INNER JOIN enum_const ac ON ac.id=cf.flag_active INNER JOIN enum_const cs ON cs.id=cf.flag_check_status WHERE ty.CODE=\'4\' AND ss.CODE=\'2\' AND ac.CODE=\'1\' AND cs.CODE=\'2\'\",\r\n	\"columns\":[{\"alias\":\"incoming\",\"label\":\"总收入\",\"serial\":1,\"highlight\": false},{\"alias\": \"pay\",\"label\": \"总支出\",\"serial\":2,\"highlight\": false},{\"alias\": \"balanch\",\"label\": \"结余\",\"serial\": 3,\"highlight\": false}]},\r\n\"innerPieItems\": [{\"name\": \"结余\", \"mappingOutItems\": [\"balance\"]}, {\"name\": \"支出\", \"mappingOutItems\": [\"teacherFee\", \"teachingFee\", \"transportFee\", \"foodFee\", \"roomFee\", \"enrollFee\", \"materialFee\", \"siteFee\", \"periodFee\", \"otherFee\"]}]\r\n}', '431ee10b0f5311eabd12fcaa140ebf84');
INSERT INTO `analyse_config_detail` VALUES ('6d08859f1a6d11eabd12fcaa140ebf84', '{\"sql\": [\"SELECT concat( round( count(an.id) / count(stu.id) * 100, 1 ), \'%\' ) AS avgRate, concat( count(an.id) / count(DISTINCT stu.id), \'次\' ) AS avg, cast( concat( count(an.id), \'/\', count(stu.id), \'次\' ) AS CHAR ) AS complete FROM pe_student stu INNER JOIN pe_class c ON c.id = stu.fk_class_id INNER JOIN questionnaire_group hg ON hg.item_id = c.id INNER JOIN questionnaire_member mem ON mem.fk_group_id = hg.id AND mem.fk_sso_user_id = stu.fk_sso_user_id INNER JOIN enum_const ty ON ty.id = hg.flag_questionnaire_group_type LEFT JOIN questionnaire_answer an ON an.fk_group_id = hg.id AND an.fk_member_id = mem.id WHERE c.site_code = \'${siteCode}\' AND ty. CODE = \'1\' AND [parentId|c.id] AND hg.end_time < now() AND hg.is_delete = \'0\' AND [peUnit|c.fk_unit_id] AND [unit|c.fk_unit_id] AND [analyse_dateLimit|c.create_date]\"], \"items\": [{\"alias\": \"avgRate\", \"label\": \"平均回收率\", \"serial\": 1}, {\"alias\": \"avg\", \"label\": \"平均问卷次数\", \"serial\": 2}, {\"alias\": \"complete\", \"label\": \"回收人次\", \"serial\": 3}]}', '6d08859f1a6d11eabd12fcaa140ebf84');
INSERT INTO `analyse_config_detail` VALUES ('711155351b1b11eabd12fcaa140ebf84', '{\r\n	\"unit\": \"万元\",\r\n	\"showLegend\": true,\r\n	\"sql\":\"SELECT un. NAME AS `name`, round(( sum(c.teacher_fee) + sum(c.teaching_fee) + sum(c.transport_fee) + sum(c.food_fee) + sum(c.room_fee) + sum(c.enroll_fee) + sum(c.material_fee) + sum(c.site_fee) + sum(c.period_fee) + sum(c.other_fee)) / 10000, 2 ) AS `value` FROM pe_class c INNER JOIN pe_unit un ON un.id = c.fk_unit_id INNER JOIN check_Flow cf ON cf.fk_item_id = c.id INNER JOIN enum_const ty ON ty.id = cf.flag_flow_type INNER JOIN enum_const ss ON ss.id = c.flag_apply_certificate_status INNER JOIN enum_const ac ON ac.id = cf.flag_active INNER JOIN enum_const cs ON cs.id = cf.flag_check_status WHERE ty. CODE = \'4\' AND ss. CODE = \'2\' AND ac. CODE = \'1\' AND cs. CODE = \'2\' AND [analyse_dateLimit|cf.complete_date] AND [unit|un.id] AND c.site_code = \'${siteCode}\' AND [peUnit|c.fk_unit_id] GROUP BY un.id ORDER BY sum(c.teacher_fee) + sum(c.teaching_fee) + sum(c.transport_fee) + sum(c.food_fee) + sum(c.room_fee) + sum(c.enroll_fee) + sum(c.material_fee) + sum(c.site_fee) + sum(c.period_fee) + sum(c.other_fee) DESC LIMIT 0, 10\",\r\n	\"innerContentSql\": \"SELECT cast(concat(round(( sum(c.teacher_fee) + sum(c.teaching_fee) + sum(c.transport_fee) + sum(c.food_fee) + sum(c.room_fee) + sum(c.enroll_fee) + sum(c.material_fee) + sum(c.site_fee) + sum(c.period_fee) + sum(c.other_fee)) / 10000, 2 ), \'万元\') as char) AS `value` FROM pe_class c INNER JOIN pe_unit un ON un.id = c.fk_unit_id INNER JOIN check_Flow cf ON cf.fk_item_id = c.id INNER JOIN enum_const ty ON ty.id = cf.flag_flow_type INNER JOIN enum_const ss ON ss.id = c.flag_apply_certificate_status INNER JOIN enum_const ac ON ac.id = cf.flag_active INNER JOIN enum_const cs ON cs.id = cf.flag_check_status WHERE ty. CODE = \'4\' AND ss. CODE = \'2\' AND ac. CODE = \'1\' AND cs. CODE = \'2\' AND [analyse_dateLimit|cf.complete_date] AND [unit|un.id] AND c.site_code = \'${siteCode}\' AND [peUnit|c.fk_unit_id]\"\r\n}', '711155351b1b11eabd12fcaa140ebf84');
INSERT INTO `analyse_config_detail` VALUES ('736b9c56173811eabd12fcaa140ebf84', '{\r\n	\"sql\": \"SELECT r.xAxis as xAxis, r.incoming AS incoming, r.expense AS expense, r.incoming - r.expense AS balance FROM ( SELECT date_format( c.create_date, \'${dateFormat}\' ) AS xAxis, ifnull( round( sum(c.training_total_fee) / 10000, 2 ), 0 ) AS incoming, round( sum( ifnull(c.teacher_fee, 0) + ifnull(c.teaching_fee, 0) + ifnull(c.transport_fee, 0) + ifnull(c.food_fee, 0) + ifnull(c.room_fee, 0) + ifnull(c.enroll_fee, 0) + ifnull(c.material_fee, 0) + ifnull(c.site_fee, 0) + ifnull(c.period_fee, 0) + ifnull(c.other_fee, 0)) / 10000, 2 ) AS expense FROM pe_class c INNER JOIN check_Flow cf ON cf.fk_item_id = c.id INNER JOIN enum_const ty ON ty.id = cf.flag_flow_type INNER JOIN enum_const ss ON ss.id = c.flag_apply_certificate_status INNER JOIN enum_const ac ON ac.id = cf.flag_active INNER JOIN enum_const cs ON cs.id = cf.flag_check_status WHERE ty. CODE = \'4\' AND ss. CODE = \'2\' AND ac. CODE = \'1\' AND cs. CODE = \'2\' AND [analyse_dateLimit|c.create_date] AND [unit|c.fk_unit_id] AND [peUnit|c.fk_unit_id] GROUP BY date_format( c.create_date, \'${dateFormat}\' )) r\",\r\n	\"item\": {\r\n		\"alias\": \"xAxis\",\r\n		\"className\": \"com.whaty.analyse.framework.type.barline.xaxis.DateGenerator\",\r\n		\"staticMethodName\": \"monthOfLimit\"\r\n	},\r\n	\"axis\": [{name: \"支出/收入\", \"key\": \"a1\", \"serial\": 1, \"unit\": \"万元\"}, {name: \"结余\", \"key\": \"a2\", \"serial\": 2, \"unit\": \"万元\"}],\r\n	\"series\": {\"items\": [\r\n		{\r\n			\"alias\": \"expense\",\r\n			\"name\": \"支出\",\r\n			\"type\": \"bar\"\r\n		}, {\r\n			\"alias\": \"incoming\",\r\n			\"name\": \"收入\",\r\n			\"type\": \"bar\"\r\n		}, {\r\n			\"alias\": \"balance\",\r\n			\"name\": \"结余\",\r\n			\"type\": \"line\",\r\n			\"valueAxisKey\": \"a2\"\r\n		}\r\n	]}\r\n}', '4f6ccf3c173811eabd12fcaa140ebf84');
INSERT INTO `analyse_config_detail` VALUES ('800d6a96173611eabd12fcaa140ebf84', '{\"sql\": [\"SELECT count(c.id) AS total, sum(IF(c.end_time < now(), 1, 0)) AS isEnd, sum(IF(c.start_time > now(), 1, 0)) AS noStart, sum( IF ( c.end_time >= now() AND c.start_time <= now(), 1, 0 )) AS inProgress FROM pe_class c WHERE [analyse_dateLimit|c.create_date] AND [unit|c.fk_unit_id] AND [peUnit|c.fk_unit_id] AND c.site_code = \'${siteCode}\'\"],\r\n	\"title\": \"班级\", \"columns\": [{\"alias\": \"total\", \"label\": \"班级总数\", \"serial\": 1, \"highlight\": false}, {\"alias\": \"inProgress\", \"label\": \"进行中\", \"serial\": 2, \"highlight\": true}, {\"alias\": \"isEnd\", \"label\": \"已结束\", \"serial\": 3, \"highlight\": false}, {\"alias\": \"noStart\", \"label\": \"未开始\", \"serial\": 4, \"highlight\": false}]}', '6bae8417173611eabd12fcaa140ebf84');
INSERT INTO `analyse_config_detail` VALUES ('80b538c51a5c11eabd12fcaa140ebf84', '{\r\n	\"sql\": \"SELECT date_Format( sul.LOGIN_DATETIME, \'${dateFormat}\' ) AS xAxis, count(DISTINCT stu.id) AS `value` FROM sso_user_login sul INNER JOIN pe_student stu ON stu.fk_sso_user_id = sul.FK_SSO_USER_ID INNER JOIN enum_const ty ON ty.id = sul.FLAG_LOGIN_TYPE WHERE ty. CODE = \'2\' AND [parentId|stu.fk_class_id] AND [items|date_Format( sul.LOGIN_DATETIME, \'${dateFormat}\' )] GROUP BY date_Format( sul.LOGIN_DATETIME, \'${dateFormat}\' )\",\r\n	\"item\": {\r\n		\"alias\": \"xAxis\",\r\n		\"className\": \"com.whaty.analyse.framework.type.barline.xaxis.BusinessGenerator\",\r\n		\"staticMethodName\": \"classActiveDayByParentId\"\r\n	},\r\n	\"series\": {\"items\": [\r\n		{\r\n			\"alias\": \"value\",\r\n			\"name\": \"登录情况\",\r\n			\"type\": \"line\"\r\n		}\r\n	]}\r\n}', '80b538c51a5c11eabd12fcaa140ebf84');
INSERT INTO `analyse_config_detail` VALUES ('828bcc631a5811eabd12fcaa140ebf84', '{\"isCircle\": true, \"sql\": \"SELECT round( count( IF ( date_format( DATE_ADD( cct.training_date, INTERVAL 1 DAY ), \'%Y%m%d\' ) < date_format(now(), \'%Y%m%d\'), 1, 0 )) / count(cc.id) * 100, 1 ) AS percent FROM class_course cc LEFT JOIN class_course_timetable cct ON cct.fk_class_course_id = cc.id WHERE [parentId|cc.fk_class_id]\", items: [{\"alias\": \"percent\", serial: 1}]}', '828bcc631a5811eabd12fcaa140ebf84');
INSERT INTO `analyse_config_detail` VALUES ('89184bed0f5f11eabd12fcaa140ebf84', '{\r\n	\"sql\":\"SELECT round(( count(inf.id) - sum(IF(st. CODE = \'1\', 1, 0))) / count(inf.id) * 100, 2 ) AS followedUp, round( sum(IF(st. CODE = \'2\', 1, 0)) / count(inf.id) * 100, 2 ) AS followingUp, round( sum(IF(st. CODE = \'3\', 1, 0)) / count(inf.id) * 100, 2 ) AS signed, round( sum(IF(st. CODE = \'1\', 1, 0)) / count(inf.id) * 100, 2 ) AS willFollowUp FROM requirement_info inf INNER JOIN enum_const st ON st.id = inf.flag_follow_up_status\",\r\n	\"items\":[{\"alias\":\"followedUp\",\"name\":\"已跟进\"},{\"alias\":\"followingUp\",\"name\":\"跟进中\"},{\"alias\":\"signed\",\"name\":\"已签约\"},{\"alias\":\"willFollowUp\",\"name\":\"待跟进\"}]\r\n}', '6c8d47220f5f11eabd12fcaa140ebf84');
INSERT INTO `analyse_config_detail` VALUES ('8ca61c941a5511eabd12fcaa140ebf84', '{\r\n	\"unit\": \"万元\",\r\n	\"showLegend\": true,\r\n	\"isMapMetaData\": true,\r\n	\"sql\":\"SELECT round(sum(c.teacher_fee) / 10000, 2) AS teacherFee, round( sum(c.teaching_fee) / 10000, 2 ) AS teachingFee, round( sum(c.transport_fee) / 10000, 2 ) AS transportFee, round(sum(c.food_fee) / 10000, 2) AS foodFee, round(sum(c.room_fee) / 10000, 2) AS roomFee, round(sum(c.enroll_fee) / 10000, 2) AS enrollFee, round( sum(c.material_fee) / 10000, 2 ) AS materialFee, round(sum(c.site_fee) / 10000, 2) AS siteFee, round(sum(c.period_fee) / 10000, 2) AS periodFee, round(sum(c.other_fee) / 10000, 2) AS otherFee FROM pe_class c INNER JOIN check_Flow cf ON cf.fk_item_id = c.id INNER JOIN enum_const ty ON ty.id = cf.flag_flow_type INNER JOIN enum_const ss ON ss.id = c.flag_apply_certificate_status INNER JOIN enum_const ac ON ac.id = cf.flag_active INNER JOIN enum_const cs ON cs.id = cf.flag_check_status WHERE ty. CODE = \'4\' AND ss. CODE = \'2\' AND ac. CODE = \'1\' AND cs. CODE = \'2\' AND [peUnit|c.fk_unit_id] AND [parentId|c.id]\",\r\n	\"items\":[{\"alias\":\"teacherFee\",\"name\":\"师资费\"},{\"alias\":\"teachingFee\",\"name\":\"现场教学费\"},{\"alias\":\"transportFee\",\"name\":\"交通费\"},{\"alias\":\"foodFee\",\"name\":\"餐饮费\"},{\"alias\":\"roomFee\",\"name\":\"住宿费\"},{\"alias\":\"enrollFee\",\"name\":\"报名费\"},{\"alias\":\"materialFee\",\"name\": \"教材费\"}, {\"alias\": \"siteFee\",\"name\": \"场地费\"}, {\"alias\": \"periodFee\",\"name\": \"劳务带班费\"}, {\"alias\":\"otherFee\",\"name\": \"其他费用\"}],\r\n	\"innerContentSql\": \"SELECT round(( sum(c.teacher_fee) + sum(c.teaching_fee) + sum(c.transport_fee) + sum(c.food_fee) + sum(c.room_fee) + sum(c.enroll_fee) + sum(c.material_fee) + sum(c.site_fee) + sum(c.period_fee) + sum(c.other_fee)) / 10000, 2 ) AS total FROM pe_class c INNER JOIN check_Flow cf ON cf.fk_item_id = c.id INNER JOIN enum_const ty ON ty.id = cf.flag_flow_type INNER JOIN enum_const ss ON ss.id = c.flag_apply_certificate_status INNER JOIN enum_const ac ON ac.id = cf.flag_active INNER JOIN enum_const cs ON cs.id = cf.flag_check_status WHERE ty. CODE = \'4\' AND ss. CODE = \'2\' AND ac. CODE = \'1\' AND cs. CODE = \'2\' AND [peUnit|c.fk_unit_id] AND [parentId|c.id]\"\r\n}', '8ca61c941a5511eabd12fcaa140ebf84');
INSERT INTO `analyse_config_detail` VALUES ('96f454f2103511eabd12fcaa140ebf84', '{\"sql\": \"SELECT pr. NAME AS `name`, count(stu.id) AS `value` FROM pe_student stu INNER JOIN pe_class c ON c.id = stu.fk_class_id INNER JOIN training_item ti ON ti.id = c.fk_training_item_id INNER JOIN entrusted_unit eu ON eu.id = ti.fk_entrusted_unit_id INNER JOIN pe_area ar ON ar.id = eu.fk_area_id INNER JOIN enum_const pr ON ar.province LIKE concat(pr. NAME, \'%\') AND pr.namespace = \'flagprovince\' WHERE stu.site_code = \'${siteCode}\' GROUP BY pr.id\"}', '854f6cf9103511eabd12fcaa140ebf84');
INSERT INTO `analyse_config_detail` VALUES ('99ab36ce173011eabd12fcaa140ebf84', '{\"sql\": [\"SELECT count(ri.id) AS total, sum(IF(st. CODE = \'1\', 1, 0)) AS noFollow, sum(IF(st. CODE = \'2\', 1, 0)) AS following, sum(IF(st. CODE = \'3\', 1, 0)) AS sign, sum(IF(st. CODE = \'4\', 1, 0)) AS failure, sum(IF(st. CODE = \'5\', 1, 0)) AS delay FROM requirement_info ri INNER JOIN enum_const st ON ri.flag_follow_up_status = st.id INNER JOIN requirement_follow_up_info rfui ON rfui.fk_requirement_info_id = ri.id INNER JOIN pe_manager m ON m.id = rfui.fk_follow_up_user_id AND [peUnit|m.fk_unit_id] WHERE [unit|m.fk_unit_id] AND [analyse_dateLimit|ri.create_time] AND ri.site_code = \'${siteCode}\'\"], \"columns\": [{\"alias\": \"total\", \"label\": \"需求总数\", \"serial\": 1}, {\"alias\": \"noFollow\", \"label\": \"待跟进\", \"serial\": 2}, {\"alias\": \"following\", \"label\": \"跟进中\", \"serial\": 3, \"highlight\": true}, {\"alias\": \"sign\", \"label\": \"已签约\", \"serial\": 4}, {\"alias\": \"failure\", \"label\": \"失败\", \"serial\": 5}, {\"alias\": \"delay\", \"label\": \"延期\", \"serial\": 6}]}', '5dec8afc173011eabd12fcaa140ebf84');
INSERT INTO `analyse_config_detail` VALUES ('9db07df917d911eabd12fcaa140ebf84', '{\r\n	\"type\": \"项目质量评估\",\r\n	\"indicators\": [\r\n		{\r\n			\"alias\": \"group\",\r\n			\"name\": \"组织管理\"\r\n		}, {\r\n			\"alias\": \"classMaster\",\r\n			\"name\": \"班主任评价\"\r\n		}, {\r\n			\"alias\": \"rearService\",\r\n			\"name\": \"后勤服务\"\r\n		}, {\r\n			\"alias\": \"course\",\r\n			\"name\": \"授课效果\"\r\n		}\r\n	],\r\n	\"series\": [\r\n		{\r\n			\"name\": \"质量评估\",\r\n			\"sql\": [\"SELECT round( sum(`group`) / count(`group`), 1 ) AS `group`, round( sum(classMaster) / count(classMaster), 1 ) AS classMaster, round( sum(rearService) / count(rearService), 1 ) AS rearService FROM ( SELECT round( sum( IF (ot. CODE = \'1\', ao. CODE + 1, 0)), 1 ) AS `group`, round( sum( IF (ot. CODE = \'2\', ao. CODE + 1, 0)), 1 ) AS `classMaster`, round( sum( IF (ot. CODE = \'3\', ao. CODE + 1, 0)), 1 ) AS `rearService` FROM overall_evaluate_option oeo INNER JOIN overall_evaluate_answer oea ON oeo.id = oea.fk_option_id INNER JOIN enum_const ot ON ot.id = oeo.flag_option_type INNER JOIN enum_const ao ON ao.id = oea.answer_id INNER JOIN pe_Student stu ON stu.fk_sso_user_id = oea.fk_sso_user_id INNER JOIN pe_class c ON c.id = stu.fk_class_id WHERE [analyse_dateLimit|c.create_date] AND [id|c.fk_unit_id] AND [unit|c.fk_unit_id] AND [peUnit|c.fk_unit_id] AND c.site_code = \'${siteCode}\' GROUP BY stu.id ) r\",\r\n\"SELECT round( sum(course) / count(course), 1 ) as course FROM ( SELECT sum(ao. CODE + 1) / count(c.id) AS `course` FROM overall_evaluate_answer oea INNER JOIN pe_course c ON c.id = oea.rel_id INNER JOIN enum_const ao ON ao.id = oea.answer_id INNER JOIN pe_Student stu ON stu.fk_sso_user_id = oea.fk_sso_user_id INNER JOIN pe_class cl ON cl.id = stu.fk_class_id WHERE [analyse_dateLimit|c.create_date] AND [id|cl.fk_unit_id] AND [unit|cl.fk_unit_id] AND [peUnit|cl.fk_unit_id] AND c.site_code = \'${siteCode}\' GROUP BY stu.id ) r\"]\r\n		}\r\n	]\r\n}', '6bce270317d911eabd12fcaa140ebf84');
INSERT INTO `analyse_config_detail` VALUES ('9eac7fca1b2011eabd12fcaa140ebf84', '{\r\n	\"unit\": \"万元\",\r\n	\"showLegend\": true,\r\n	\"showLabel\": true,\r\n	\"sql\":\"SELECT un. NAME AS `name`, round(( sum(c.teacher_fee) + sum(c.teaching_fee) + sum(c.transport_fee) + sum(c.food_fee) + sum(c.room_fee) + sum(c.enroll_fee) + sum(c.material_fee) + sum(c.site_fee) + sum(c.period_fee) + sum(c.other_fee)) / 10000, 2 ) AS `value` FROM pe_class c INNER JOIN pe_unit un ON un.id = c.fk_unit_id INNER JOIN check_Flow cf ON cf.fk_item_id = c.id INNER JOIN enum_const ty ON ty.id = cf.flag_flow_type INNER JOIN enum_const ss ON ss.id = c.flag_apply_certificate_status INNER JOIN enum_const ac ON ac.id = cf.flag_active INNER JOIN enum_const cs ON cs.id = cf.flag_check_status WHERE ty. CODE = \'4\' AND ss. CODE = \'2\' AND ac. CODE = \'1\' AND cs. CODE = \'2\' AND [analyse_dateLimit|cf.complete_date] AND [unit|un.id] AND c.site_code = \'${siteCode}\' AND [peUnit|c.fk_unit_id] GROUP BY un.id\"\r\n}', '9eac7fca1b2011eabd12fcaa140ebf84');
INSERT INTO `analyse_config_detail` VALUES ('9f3fc9cc1bc911eabd12fcaa140ebf84', '{\r\n	\"sql\": \"SELECT unit. NAME AS xAxis,COUNT(cl.id) AS classNum FROM pe_manager pm INNER JOIN pe_unit unit ON unit.id = pm.fk_unit_id INNER JOIN pe_class cl ON unit.id = cl.fk_unit_id AND cl.fk_class_master_id = pm.id WHERE ([analyse_dateLimit|cl.start_time] OR [analyse_dateLimit|cl.end_time]) AND pm.site_code = \'${siteCode}\' AND [unit|cl.fk_unit_id] and [peUnit|cl.fk_unit_id] GROUP BY unit.id \",\r\n	\"item\": {\r\n		\"alias\": \"xAxis\",\r\n    \"xItemSql\": \"SELECT unit. NAME AS xAxis FROM pe_manager pm INNER JOIN pe_unit unit ON unit.id = pm.fk_unit_id INNER JOIN pe_class cl ON unit.id = cl.fk_unit_id AND cl.fk_class_master_id = pm.id WHERE ([analyse_dateLimit|cl.start_time] OR [analyse_dateLimit|cl.end_time]) AND pm.site_code = \'${siteCode}\' AND [unit|cl.fk_unit_id] and [peUnit|cl.fk_unit_id] GROUP BY unit.id \"\r\n	},\r\n	\"isReverse\": true,\r\n	\"axis\": [{name: \"数量\", \"key\": \"a1\", \"serial\": 1}],\r\n	\"series\": {\"items\": [\r\n		{\r\n			\"alias\": \"classNum\",\r\n			\"name\": \"班级数量\",\r\n			\"type\": \"bar\",\r\n			\"valueAxisKey\": \"a1\"\r\n		}\r\n	]}\r\n}', '37a896a31bc911eabd12fcaa140ebf84');
INSERT INTO `analyse_config_detail` VALUES ('a2e769221af411eabd12fcaa140ebf84', '{\"gridId\": \"classActivityGrid\", \"analyseCode\": \"classActivityGridDetailPie\"}', 'a2e769221af411eabd12fcaa140ebf84');
INSERT INTO `analyse_config_detail` VALUES ('a3a554201a6911eabd12fcaa140ebf84', '{\"sql\": [\"SELECT concat( round( count(an.id) / count(stu.id) * 100, 1 ), \'%\' ) AS avgRate, concat( count(an.id) / count(DISTINCT stu.id), \'次\' ) AS avg, cast( concat( count(an.id), \'/\', count(stu.id), \'次\' ) AS CHAR ) AS complete FROM pe_student stu INNER JOIN pe_class c ON c.id = stu.fk_class_id INNER JOIN homework_group hg ON hg.item_id = c.id INNER JOIN homework_member mem ON mem.fk_group_id = hg.id AND mem.fk_sso_user_id = stu.fk_sso_user_id LEFT JOIN homework_answer an ON an.fk_group_id = hg.id AND an.fk_member_id = mem.id WHERE c.site_code = \'${siteCode}\' AND [parentId|c.id] AND hg.end_time < now() AND hg.is_delete = \'0\' AND [peUnit|c.fk_unit_id] AND [unit|c.fk_unit_id] AND [analyse_dateLimit|c.create_date]\"], \"items\": [{\"alias\": \"avgRate\", \"label\": \"平均完成率\", \"serial\": 1}, {\"alias\": \"avg\", \"label\": \"平均作业次数\", \"serial\": 2}, {\"alias\": \"complete\", \"label\": \"完成人次\", \"serial\": 3}]}', 'a3a554201a6911eabd12fcaa140ebf84');
INSERT INTO `analyse_config_detail` VALUES ('a66ebc6617c411eabd12fcaa140ebf84', '{\r\n	\"showLegend\": true,\r\n	\"showLabel\": true,\r\n	\"isMapMetaData\": true,\r\n	\"sql\":\"SELECT sum(IF(ss. CODE = \'1\', 1, 0)) AS wait, sum(IF(ss. CODE = \'2\', 1, 0)) AS pass, sum(IF(ss. CODE = \'3\', 1, 0)) AS noPass FROM check_flow cf INNER JOIN enum_const ss ON ss.id = cf.flag_check_status INNER JOIN enum_const ty ON ty.id = cf.flag_flow_type WHERE [analyse_dateLimit|cf.create_date] AND cf.site_code = \'${siteCode}\' AND [unit|cf.scope_id] AND [peUnit|cf.scope_id] AND [checkType|ty.id]\",\r\n	\"items\":[{\"alias\":\"wait\",\"name\":\"待审批\"}, {\"alias\":\"pass\",\"name\":\"审批通过\"}, {\"alias\":\"noPass\",\"name\":\"驳回审批\"}]\r\n}', '9f3f00c317c411eabd12fcaa140ebf84');
INSERT INTO `analyse_config_detail` VALUES ('a6fe47a8174911eabd12fcaa140ebf84', '{\r\n	\"sql\": \"select date_format(c.create_Date, \'${dateFormat}\') as xAxis, count(DISTINCT stu.id) as student, count(DISTINCT c.id) as class from pe_student stu inner join pe_class c on c.id = stu.fk_class_id where [analyse_dateLimit|c.create_date] and c.site_code = \'${siteCode}\' and [unit|c.fk_unit_id] and [peUnit|c.fk_unit_id] group by date_format(c.create_date, \'${dateFormat}\')\",\r\n	\"item\": {\r\n		\"alias\": \"xAxis\",\r\n		\"className\": \"com.whaty.analyse.framework.type.barline.xaxis.DateGenerator\",\r\n		\"staticMethodName\": \"monthOfLimit\"\r\n	},\r\n	\"axis\": [{name: \"班级\", \"key\": \"a1\", \"serial\": 1}, {name: \"学员\", \"key\": \"a2\", \"serial\": 2}],\r\n	\"series\": {\"items\": [\r\n		{\r\n			\"alias\": \"class\",\r\n			\"name\": \"班级情况\",\r\n			\"type\": \"bar\",\r\n			\"valueAxisKey\": \"a1\"\r\n		}, {\r\n			\"alias\": \"student\",\r\n			\"name\": \"学员情况\",\r\n			\"type\": \"line\",\r\n			\"valueAxisKey\": \"a2\"\r\n		}\r\n	]}\r\n}', '8c106747174911eabd12fcaa140ebf84');
INSERT INTO `analyse_config_detail` VALUES ('a7511e501bbb11eabd12fcaa140ebf84', '{\"gridId\": \"unitRequirementDetail\", \"analyseCode\": \"unitRequirementDetailPie\"}', 'a7511e501bbb11eabd12fcaa140ebf84');
INSERT INTO `analyse_config_detail` VALUES ('aa2d98d01b3611eabd12fcaa140ebf84', '{\r\n	\"extEChartConfig\": {\"xAxis\": {\"name\": \"跟进次数(次）\"}, \"yAxis\": {\"name\": \"成功率(%)\"}},\r\n	\"sql\": [\"SELECT round( sum(rfui.followNum) / count(ri.id), 1 ) AS `x`, round( sum(IF(st. CODE = \'3\', 1, 0)) / sum(IF(st. CODE IN(\'3\', \'4\'), 1, 0)) * 100, 2 ) AS `y`, un. NAME AS `label` FROM requirement_info ri INNER JOIN ( SELECT ri.id AS fk_requirement_info_id, count(rfui.id) AS followNum FROM requirement_follow_up_info rfui INNER JOIN requirement_info ri ON ri.id = rfui.fk_requirement_info_id WHERE [analyse_dateLimit|ri.create_time] AND ri.site_code = \'${siteCode}\' GROUP BY ri.id ) rfui ON rfui.fk_requirement_info_id = ri.id INNER JOIN pe_manager m ON m.id = ri.fk_create_user_id INNER JOIN pe_unit un ON un.id = m.fk_unit_id INNER JOIN enum_const st ON st.id = ri.flag_follow_up_status WHERE [analyse_dateLimit|ri.create_time] AND [peUnit|un.id] AND [unit|un.id] AND un.site_code = \'${siteCode}\' GROUP BY un.id\"]\r\n}', 'aa2d98d01b3611eabd12fcaa140ebf84');
INSERT INTO `analyse_config_detail` VALUES ('ab3f89541a5111eabd12fcaa140ebf84', '{\"gridId\": \"classAnalyse_classDetailAnalyse_noStart\", \"detailBoardId\": \"ad9488591a5311eabd12fcaa140ebf84\"}', 'ab3f89541a5111eabd12fcaa140ebf84');
INSERT INTO `analyse_config_detail` VALUES ('b36bc9a71bc211eabd12fcaa140ebf84', '{\r\n	\"sql\": \"SELECT r.date AS xAxis, round(sum(score) / count(score), 1) AS avgScore FROM ( SELECT date_format( c.create_date, \'${dateFormat}\' ) AS date, sum(ao. CODE + 1) AS score FROM overall_evaluate_answer oea INNER JOIN enum_const ao ON ao.id = oea.answer_id INNER JOIN pe_Student stu ON stu.fk_sso_user_id = oea.fk_sso_user_id INNER JOIN pe_class c ON c.id = stu.fk_class_id WHERE c.site_code = \'${siteCode}\' AND [peUnit|un.id] AND [unit|un.id] AND [analyse_dateLimit|c.create_date] AND [items|date_format(c.create_date, \'${dateFormat}\')] GROUP BY stu.id ) r GROUP BY r.date\",\r\n	\"item\": {\r\n		\"alias\": \"xAxis\",\r\n		\"className\": \"com.whaty.analyse.framework.type.barline.xaxis.DateGenerator\",\r\n		\"staticMethodName\": \"monthOfLimit\"\r\n	},\r\n	\"series\": {\"items\": [\r\n		{\r\n			\"alias\": \"avgScore\",\r\n			\"name\": \"评分\",\r\n			\"type\": \"line\",\r\n			\"hasAverageLine\": true\r\n		}\r\n	]}\r\n}', 'b36bc9a71bc211eabd12fcaa140ebf84');
INSERT INTO `analyse_config_detail` VALUES ('bfb471bd1b2011eabd12fcaa140ebf84', '{\r\n	\"unit\": \"万元\",\r\n	\"showLegend\": true,\r\n	\"showLabel\": true,\r\n	\"sql\":\"SELECT un. NAME AS `name`, round(sum(training_total_fee) / 10000, 2 ) AS `value` FROM pe_class c INNER JOIN pe_unit un ON un.id = c.fk_unit_id INNER JOIN check_Flow cf ON cf.fk_item_id = c.id INNER JOIN enum_const ty ON ty.id = cf.flag_flow_type INNER JOIN enum_const ss ON ss.id = c.flag_apply_certificate_status INNER JOIN enum_const ac ON ac.id = cf.flag_active INNER JOIN enum_const cs ON cs.id = cf.flag_check_status WHERE ty. CODE = \'4\' AND ss. CODE = \'2\' AND ac. CODE = \'1\' AND cs. CODE = \'2\' AND [analyse_dateLimit|cf.complete_date] AND [unit|un.id] AND c.site_code = \'${siteCode}\' AND [peUnit|c.fk_unit_id] GROUP BY un.id\"\r\n}', 'bfb471bd1b2011eabd12fcaa140ebf84');
INSERT INTO `analyse_config_detail` VALUES ('c12bb82b173711eabd12fcaa140ebf84', '{\"sql\": [\"SELECT count(stu.id) AS total, sum(IF(c.end_time < now(), 1, 0)) AS isEnd, sum(IF(c.start_time > now(), 1, 0)) AS noStart, sum( IF ( c.end_time >= now() AND c.start_time <= now(), 1, 0 )) AS inProgress FROM pe_class c INNER JOIN pe_student stu ON stu.fk_class_id = c.id WHERE [analyse_dateLimit|c.create_date] AND c.site_code = \'${siteCode}\' AND [unit|c.fk_unit_id] AND [peUnit|c.fk_unit_id]\"],\r\n	\"title\": \"学员\", \"columns\": [{\"alias\": \"total\", \"label\": \"学员总数\", \"serial\": 1, \"highlight\": false}, {\"alias\": \"inProgress\", \"label\": \"进行中\", \"serial\": 2, \"highlight\": true}, {\"alias\": \"isEnd\", \"label\": \"已结束\", \"serial\": 3, \"highlight\": false}, {\"alias\": \"noStart\", \"label\": \"未开始\", \"serial\": 4, \"highlight\": false}]}', 'b451c178173711eabd12fcaa140ebf84');
INSERT INTO `analyse_config_detail` VALUES ('c28add8017c511eabd12fcaa140ebf84', '{\"sql\": \"SELECT pr. NAME AS `name`, count(stu.id) AS `value` FROM pe_student stu INNER JOIN pe_class c ON c.id = stu.fk_class_id INNER JOIN training_item ti ON ti.id = c.fk_training_item_id INNER JOIN entrusted_unit eu ON eu.id = ti.fk_entrusted_unit_id INNER JOIN pe_area ar ON ar.id = eu.fk_area_id INNER JOIN enum_const pr ON ar.province LIKE concat(pr. NAME, \'%\') AND pr.namespace = \'flagprovince\' WHERE stu.site_code = \'${siteCode}\' AND [analyse_dateLimit|c.create_date] AND [unit|c.fk_unit_id] AND [peUnit|c.fk_unit_id] GROUP BY pr.id\"}', 'a174311c17c511eabd12fcaa140ebf84');
INSERT INTO `analyse_config_detail` VALUES ('c702d8a31b1411eabd12fcaa140ebf84', '{\"gridId\": \"classQualityDetailGridRearService\", \"analyseCode\": \"classQualityDetailPie\"}', 'c702d8a31b1411eabd12fcaa140ebf84');
INSERT INTO `analyse_config_detail` VALUES ('ce80504d1a2011eabd12fcaa140ebf84', '{\r\n	\"showLegend\": true,\r\n	\"showLabel\": true,\r\n	\"sql\":\"select un.name as `name`, count(c.id) as `value` from pe_class c inner join pe_unit un on un.id = c.fk_unit_id where c.site_code = \'${siteCode}\' and [analyse_dateLimit|c.create_date] and [unit|c.fk_unit_id] and [peUnit|c.fk_unit_id] group by c.fk_unit_id order by count(c.id) desc\"\r\n}', 'ce80504d1a2011eabd12fcaa140ebf84');
INSERT INTO `analyse_config_detail` VALUES ('cf656b6c128711eabd12fcaa140ebf84', '{\r\n	\"isReverse\": true,\r\n	\"sql\": \"SELECT date_Format( ti.training_start_time, \'%y-%m\' ) AS xAxis, sum( IF ( ti.training_end_time < now(), 1, 0 )) AS isEnd, sum( IF ( ti.training_start_time > now(), 1, 0 )) AS noStart, sum( IF ( ti.training_end_time >= now() AND ti.training_start_time <= now(), 1, 0 )) AS inProgress FROM training_item ti INNER JOIN enum_const ty ON ty.id = ti.flag_training_item_type INNER JOIN pe_unit un ON un.id = ti.fk_unit_id INNER JOIN enum_const st ON st.id = ti.flag_item_status WHERE st. CODE = \'3\' AND ti.site_code = \'${siteCode}\' AND [items|date_Format(ti.training_start_time, \'%y-%m\')] GROUP BY date_Format( ti.training_start_time, \'%Y%m\' )\",\r\n	\"item\": {\r\n		\"alias\": \"xAxis\",\r\n		\"className\": \"com.whaty.analyse.framework.type.barline.xaxis.DateGenerator\",\r\n		\"staticMethodName\": \"monthOfLimit\"\r\n	},\r\n	\"axis\": [{name: \"项目数\", \"key\": \"a1\", \"serial\": 1, \"unit\": \"个\"}, {name: \"项目数2\", \"key\": \"a2\", \"serial\": 2}],\r\n	\"series\": {\"items\": [\r\n		{\r\n			\"alias\": \"isEnd\",\r\n			\"name\": \"已结束\",\r\n			\"type\": \"bar\",\r\n			\"group\": \"stack\",\r\n			\"hasAverageLine\": true,\r\n			\"valueAxisKey\": \"a1\"\r\n		}, {\r\n			\"alias\": \"inProgress\",\r\n			\"name\": \"进行中\",\r\n			\"type\": \"bar\",\r\n			\"group\": \"stack\"\r\n		}, {\r\n			\"alias\": \"noStart\",\r\n			\"name\": \"未开始\",\r\n			\"type\": \"bar\",\r\n      \"group\": \"stack\",\r\n			\"valueAxisKey\": \"a2\"\r\n		}\r\n	]}\r\n}', '9e6ae5b0128711eabd12fcaa140ebf84');
INSERT INTO `analyse_config_detail` VALUES ('d5d2c2ee1b1611eabd12fcaa140ebf84', '{\r\n	\"showLegend\": false,\r\n	\"isMapMetaData\": true,\r\n	\"showLabel\": true,\r\n	\"sql\":\"SELECT COUNT(IF(ao. CODE = \'0\', 1, NULL)) AS best, COUNT(IF(ao. CODE = \'1\', 1, NULL)) AS good, COUNT(IF(ao. CODE = \'2\', 1, NULL)) AS general, COUNT(IF(ao. CODE = \'3\', 1, NULL)) AS bad, count(stu.id) - count(oea.id) AS `none` FROM pe_class cl INNER JOIN pe_student stu ON stu.fk_class_id = cl.id INNER JOIN class_course cc ON cc.fk_class_id = cl.id LEFT JOIN overall_evaluate_answer oea ON oea.fk_sso_user_id = stu.fk_sso_user_id AND oea.rel_id = cc.fk_course_id LEFT JOIN enum_const ao ON ao.id = oea.answer WHERE [parentId|cl.id] AND [id|cc.fk_course_id]\",\r\n  \"items\": [{\"name\": \"优秀\", \"alias\": \"best\"}, {\"name\": \"良好\", \"alias\": \"good\"}, {\"name\": \"一般\", \"alias\": \"general\"}, {\"name\": \"很差\", \"alias\": \"bad\"}, {\"name\": \"弃评\", \"alias\": \"none\"}]\r\n}', 'd5d2c2ee1b1611eabd12fcaa140ebf84');
INSERT INTO `analyse_config_detail` VALUES ('db3bab6b1b2311eabd12fcaa140ebf84', '{\r\n	\"sql\": \"SELECT un. NAME AS `xAxis`, ifnull( round(( sum(c.training_total_fee) - ( sum(c.teacher_fee) + sum(c.teaching_fee) + sum(c.transport_fee) + sum(c.food_fee) + sum(c.room_fee) + sum(c.enroll_fee) + sum(c.material_fee) + sum(c.site_fee) + sum(c.period_fee) + sum(c.other_fee))) / sum(c.training_total_fee) * 100, 2 ), 0 ) AS `value` FROM pe_class c INNER JOIN pe_unit un ON un.id = c.fk_unit_id INNER JOIN check_Flow cf ON cf.fk_item_id = c.id INNER JOIN enum_const ty ON ty.id = cf.flag_flow_type INNER JOIN enum_const ss ON ss.id = c.flag_apply_certificate_status INNER JOIN enum_const ac ON ac.id = cf.flag_active INNER JOIN enum_const cs ON cs.id = cf.flag_check_status WHERE ty. CODE = \'4\' AND ss. CODE = \'2\' AND ac. CODE = \'1\' AND cs. CODE = \'2\' AND [analyse_dateLimit|cf.complete_date] AND [unit|un.id] AND c.site_code = \'${siteCode}\' AND [peUnit|c.fk_unit_id] GROUP BY un.id ORDER BY ( sum(c.training_total_fee) - ( sum(c.teacher_fee) + sum(c.teaching_fee) + sum(c.transport_fee) + sum(c.food_fee) + sum(c.room_fee) + sum(c.enroll_fee) + sum(c.material_fee) + sum(c.site_fee) + sum(c.period_fee) + sum(c.other_fee))) / sum(c.training_total_fee) DESC\",\r\n	\"item\": {\r\n		\"alias\": \"xAxis\",\r\n		\"xItemSql\": \"SELECT un. NAME AS `xAxis` FROM pe_class c INNER JOIN pe_unit un ON un.id = c.fk_unit_id INNER JOIN check_Flow cf ON cf.fk_item_id = c.id INNER JOIN enum_const ty ON ty.id = cf.flag_flow_type INNER JOIN enum_const ss ON ss.id = c.flag_apply_certificate_status INNER JOIN enum_const ac ON ac.id = cf.flag_active INNER JOIN enum_const cs ON cs.id = cf.flag_check_status WHERE ty. CODE = \'4\' AND ss. CODE = \'2\' AND ac. CODE = \'1\' AND cs. CODE = \'2\' AND [analyse_dateLimit|cf.complete_date] AND [unit|un.id] AND c.site_code = \'${siteCode}\' AND [peUnit|c.fk_unit_id] GROUP BY un.id\"\r\n	},\r\n  \"axis\": [{\"name\": \"结余率\", \"unit\": \"%\"}],\r\n	\"series\": {\"items\": [\r\n		{\r\n			\"alias\": \"value\",\r\n			\"name\": \"结余率\",\r\n			\"type\": \"bar\"\r\n		}\r\n	]}\r\n}', 'db3bab6b1b2311eabd12fcaa140ebf84');
INSERT INTO `analyse_config_detail` VALUES ('dc5a0b791bbc11eabd12fcaa140ebf84', '{\r\n	\"showLegend\": false,\r\n	\"isMapMetaData\": true,\r\n	\"showLabel\": true,\r\n	\"sql\":\"SELECT sum(IF(st. CODE = \'1\', 1, 0)) AS noFollow, sum(IF(st. CODE = \'2\', 1, 0)) AS following, sum(IF(st. CODE = \'3\', 1, 0)) AS signed, sum(IF(st. CODE = \'4\', 1, 0)) AS failure, sum(IF(st. CODE = \'5\', 1, 0)) AS delay FROM requirement_info ri INNER JOIN pe_manager m ON m.id = ri.fk_create_user_id INNER JOIN pe_unit un ON un.id = m.fk_unit_id INNER JOIN enum_const st ON st.id = ri.flag_follow_up_status WHERE [id|un.id]\",\r\n  \"items\": [{\"name\": \"待跟进\", \"alias\": \"noFollow\"}, {\"name\": \"跟进中\", \"alias\": \"following\"}, {\"name\": \"已签约\", \"alias\": \"signed\"}, {\"name\": \"失败\", \"alias\": \"failure\"}, {\"name\": \"延期\", \"alias\": \"delay\"}]\r\n}', 'dc5a0b791bbc11eabd12fcaa140ebf84');
INSERT INTO `analyse_config_detail` VALUES ('e13947851a5811eabd12fcaa140ebf84', '{\r\n	\"isReverse\": true,\r\n	\"sql\": \"SELECT ty. NAME AS xAxis, count(cc.id) AS `value` FROM class_course cc INNER JOIN pe_course c ON c.id = cc.fk_course_id INNER JOIN enum_const ty ON ty.id = c.flag_course_type WHERE [parentId|cc.fk_class_id] AND c.site_code = \'${siteCode}\' GROUP BY ty.id;\",\r\n	\"item\": {\r\n		\"alias\": \"xAxis\",\r\n		\"xItemSql\": \"select name from enum_const where namespace = \'flagCourseType\' and TEAM like \'%,${siteCode},%\'\"\r\n	},\r\n	\"series\": {\"items\": [\r\n		{\r\n			\"alias\": \"value\",\r\n			\"name\": \"课程数\",\r\n			\"type\": \"bar\"\r\n		}\r\n	]}\r\n}', 'e13947851a5811eabd12fcaa140ebf84');
INSERT INTO `analyse_config_detail` VALUES ('e23fa80d1bc511eabd12fcaa140ebf84', '{\"gridId\": \"itemQualityUnitDetail\", \"analyseCode\": \"qualityRadar\"}', 'e23fa80d1bc511eabd12fcaa140ebf84');
INSERT INTO `analyse_config_detail` VALUES ('e2a7529d1a5311eabd12fcaa140ebf84', '{\"sql\": [\"select count(af.id) as attachNum from pe_class c inner join attach_file af on af.link_id = c.id where [parentId|c.id]\",\r\n\"select count(stu.id) as studentNum from pe_student stu inner join pe_class c on c.id = stu.fk_class_id where [parentId|c.id]\",\r\n\"select count(cc.id) as courseNum from class_course cc inner join pe_class c on c.id = cc.fk_class_id where [parentId|c.id]\"],\r\n	\"title\": \"班级信息\", \"columns\": [{\"alias\": \"studentNum\", \"label\": \"学员数量\", \"serial\": 1, \"highlight\": false}, {\"alias\": \"courseNum\", \"label\": \"课程数\", \"serial\": 2, \"highlight\": false}, {\"alias\": \"attachNum\", \"label\": \"附件数\", \"serial\": 3, \"highlight\": false}]}', 'e2a7529d1a5311eabd12fcaa140ebf84');
INSERT INTO `analyse_config_detail` VALUES ('ea42260c180611eabd12fcaa140ebf84', '{\"gridId\": \"classAnalyse_classDetailAnalyse\", \"detailBoardId\": \"ad9488591a5311eabd12fcaa140ebf84\"}', 'e4328f6c180611eabd12fcaa140ebf84');
INSERT INTO `analyse_config_detail` VALUES ('ed345821101511eabd12fcaa140ebf84', '{\"isCircle\": false, \"sql\": \"SELECT round( sum( IF ( ty. CODE = \'1\' AND tpi.id IS NOT NULL, 1, 0 )) / sum(IF(ty. CODE = \'1\', 1, 0)) * 100, 2 ) AS `before`, round( sum( IF ( ty. CODE = \'2\' AND tpi.id IS NOT NULL, 1, 0 )) / sum(IF(ty. CODE = \'2\', 1, 0)) * 100, 2 ) AS `inProgress`, round( sum( IF ( ty. CODE = \'3\' AND tpi.id IS NOT NULL, 1, 0 )) / sum(IF(ty. CODE = \'3\', 1, 0)) * 100, 2 ) AS `after` FROM pe_class c INNER JOIN pe_manager m ON m.id = c.fk_class_master_id INNER JOIN prepare_item pi ON pi.site_code = \'training\' INNER JOIN enum_const ty ON ty.id = pi.flag_prepare_type LEFT JOIN teacher_prepare_item tpi ON c.id = tpi.fk_class_id AND tpi.fk_prepare_item_id = pi.id\", items: [{\"label\": \"训前工作\", \"alias\": \"before\", serial: 1}, {\"label\": \"训中工作\", \"alias\": \"inProgress\", serial: 2}, {\"label\": \"训后工作\", \"alias\": \"after\", serial: 3}, {\"label\": \"训后工作\", \"alias\": \"after\", serial: 4}]}', 'dd50d434101511eabd12fcaa140ebf84');
INSERT INTO `analyse_config_detail` VALUES ('efedd8c30ff111eabd12fcaa140ebf84', '{\"sql\": [\"SELECT count(ti.id) AS total, sum( IF ( ti.training_end_time < now(), 1, 0 )) AS isEnd, sum( IF ( ti.training_start_time > now(), 1, 0 )) AS noStart, sum( IF ( ti.training_end_time >= now() AND ti.training_start_time <= now(), 1, 0 )) AS inProgress FROM training_item ti INNER JOIN enum_const ty ON ty.id = ti.flag_training_item_type INNER JOIN pe_unit un ON un.id = ti.fk_unit_id AND [peUnit|un.id] INNER JOIN enum_const st ON st.id = ti.flag_item_status WHERE st. CODE = \'3\' AND [un|un.id] AND [date_dateLimit|ti.training_start_time] AND ti.site_code = \'${siteCode}\'\"],\r\n	\"title\": \"培训项目\", \"items\": [{\"alias\": \"total\", \"label\": \"项目总数\", \"serial\": 1}, {\"alias\": \"inProgress\", \"label\": \"进行中\", \"serial\": 4}, {\"alias\": \"isEnd\", \"label\": \"已结束\", \"serial\": 5}, {\"alias\": \"noStart\", \"label\": \"未开始\", \"serial\": 6}]}', 'd343e00c0ff111eabd12fcaa140ebf84');
INSERT INTO `analyse_config_detail` VALUES ('f37de4cc1b1511eabd12fcaa140ebf84', '{\r\n	\"showLegend\": false,\r\n	\"isMapMetaData\": true,\r\n	\"showLabel\": true,\r\n	\"sql\":\"SELECT COUNT(IF(ao. CODE = \'0\', 1, NULL)) AS best, COUNT(IF(ao. CODE = \'1\', 1, NULL)) AS good, COUNT(IF(ao. CODE = \'2\', 1, NULL)) AS general, COUNT(IF(ao. CODE = \'3\', 1, NULL)) AS bad, count(stu.id) - count(oea.id) AS `none` FROM pe_class cl INNER JOIN pe_student stu ON stu.fk_class_id = cl.id INNER JOIN overall_evaluate_option oeo ON [id|oeo.id] LEFT JOIN overall_evaluate_answer oea ON oea.fk_sso_user_id = stu.fk_sso_user_id AND oea.fk_option_id = oeo.id LEFT JOIN enum_const ao ON ao.id = oea.answer WHERE [parentId|cl.id]\",\r\n  \"items\": [{\"name\": \"优秀\", \"alias\": \"best\"}, {\"name\": \"良好\", \"alias\": \"good\"}, {\"name\": \"一般\", \"alias\": \"general\"}, {\"name\": \"很差\", \"alias\": \"bad\"}, {\"name\": \"弃评\", \"alias\": \"none\"}]\r\n}', 'f37de4cc1b1511eabd12fcaa140ebf84');
INSERT INTO `analyse_config_detail` VALUES ('f6e89fb7101f11eabd12fcaa140ebf84', '{\r\n	\"extEChartConfig\": {\"xAxis\": {\"name\": \"跟进次数(次）\"}, \"yAxis\": {\"name\": \"成功率(%)\"}},\r\n	\"sql\": [\"SELECT count(ri.id) AS `x`, round( sum(IF(st. CODE = \'3\', 1, 0)) / sum( IF ( st. CODE <> \'1\' AND st. CODE <> \'2\', 1, 9 )) * 100, 2 ) AS `y`, un.name as `label` FROM requirement_info ri INNER JOIN requirement_follow_up_info rfui ON rfui.fk_requirement_info_id = ri.id INNER JOIN pe_manager m ON m.id = ri.fk_create_user_id INNER JOIN pe_unit un ON un.id = m.fk_unit_id INNER JOIN enum_const st ON st.id = ri.flag_follow_up_status GROUP BY un.id\"]\r\n}', 'e88fd0e8101f11eabd12fcaa140ebf84');
INSERT INTO `analyse_config_detail` VALUES ('fa31f3da157311eabd12fcaa140ebf84', '{\"isCircle\": true, \"sql\": \"SELECT 80 as percent\", items: [{\"alias\": \"percent\", serial: 1}]}', 'dbcd8255157311eabd12fcaa140ebf84');
INSERT INTO `analyse_config_detail` VALUES ('faddd4841a6611eabd12fcaa140ebf84', '{\"sql\": [\"SELECT concat( round( count(css.id) / count(stu.id) * 100, 1 ), \'%\' ) AS avgSignRate, concat( count(css.id) / count(DISTINCT stu.id), \'次\' ) AS avgSign, cast(concat(count(css.id), \'/\', count(stu.id), \'次\' ) as char) AS completeSign FROM pe_student stu INNER JOIN pe_class c ON c.id = stu.fk_class_id INNER JOIN class_sign cs ON cs.fk_class_id = c.id LEFT JOIN class_sign_student css ON css.fk_class_sign_id = cs.id AND css.fk_student_id = stu.id WHERE c.site_code = \'${siteCode}\' AND [parentId|c.id] AND cs.end_time < now() AND [peUnit|c.fk_unit_id] AND [unit|c.fk_unit_id] AND [analyse_dateLimit|c.create_date]\"], \"items\": [{\"alias\": \"avgSignRate\", \"label\": \"平均签到率\", \"serial\": 1}, {\"alias\": \"avgSign\", \"label\": \"平均签到次数\", \"serial\": 2}, {\"alias\": \"completeSign\", \"label\": \"签到人次\", \"serial\": 3}]}', 'faddd4841a6611eabd12fcaa140ebf84');
INSERT INTO `analyse_config_detail` VALUES ('fba4009c1a5a11eabd12fcaa140ebf84', '{\"isCircle\": false, \"sql\": \"SELECT round( sum( IF ( ty. CODE = \'1\' AND tpi.id IS NOT NULL, 1, 0 )) / sum(IF(ty. CODE = \'1\', 1, 0)) * 100, 2 ) AS `before`, round( sum( IF ( ty. CODE = \'2\' AND tpi.id IS NOT NULL, 1, 0 )) / sum(IF(ty. CODE = \'2\', 1, 0)) * 100, 2 ) AS `inProgress`, round( sum( IF ( ty. CODE = \'3\' AND tpi.id IS NOT NULL, 1, 0 )) / sum(IF(ty. CODE = \'3\', 1, 0)) * 100, 2 ) AS `after` FROM pe_class c INNER JOIN pe_manager m ON m.id = c.fk_class_master_id INNER JOIN prepare_item pi ON pi.site_code = \'${siteCode}\' INNER JOIN enum_const ty ON ty.id = pi.flag_prepare_type LEFT JOIN teacher_prepare_item tpi ON c.id = tpi.fk_class_id AND tpi.fk_prepare_item_id = pi.id WHERE [parentId|c.id]\", items: [{\"label\": \"训前工作\", \"alias\": \"before\", serial: 1}, {\"label\": \"训中工作\", \"alias\": \"inProgress\", serial: 2}, {\"label\": \"训后工作\", \"alias\": \"after\", serial: 3}]}', 'fba4009c1a5a11eabd12fcaa140ebf84');


INSERT INTO `pe_base_category` (`id`, `name`, `code`, `router_name`, `url`, `fk_grid_id`, `flag_isvalid`, `flag_is_system`, `fk_base_category_group`) VALUES ('1275', '统计看板展示-示例', 'analyse-board', '', '/entity/analyse/analyseBoard/board/8ece609711a311eabd12fcaa140ebf84', NULL, '2', '0bc108f54df211e8aac8fcaa140ebf84', '9');
INSERT INTO `pe_base_category` (`id`, `name`, `code`, `router_name`, `url`, `fk_grid_id`, `flag_isvalid`, `flag_is_system`, `fk_base_category_group`) VALUES ('1276', '承训单位数据分析', 'analyse-board', '', '/entity/analyse/analyseBoard/board/adbe396a166011eabd12fcaa140ebf84', NULL, '2', '0bc108f54df211e8aac8fcaa140ebf84', '9');
INSERT INTO `pe_base_category` (`id`, `name`, `code`, `router_name`, `url`, `fk_grid_id`, `flag_isvalid`, `flag_is_system`, `fk_base_category_group`) VALUES ('1277', '培训班数据分析', 'analyse-board', '', '/entity/analyse/analyseBoard/board/e412fd3f17d011eabd12fcaa140ebf84', NULL, '2', '0bc108f54df211e8aac8fcaa140ebf84', '9');
INSERT INTO `pe_base_category` (`id`, `name`, `code`, `router_name`, `url`, `fk_grid_id`, `flag_isvalid`, `flag_is_system`, `fk_base_category_group`) VALUES ('1278', '财务收支情况分析', 'analyse-board', '', '/entity/analyse/analyseBoard/board/af4e051f1b1811eabd12fcaa140ebf84', NULL, '2', '0bc108f54df211e8aac8fcaa140ebf84', '9');
INSERT INTO `pe_base_category` (`id`, `name`, `code`, `router_name`, `url`, `fk_grid_id`, `flag_isvalid`, `flag_is_system`, `fk_base_category_group`) VALUES ('1279', '市场跟进情况分析', 'analyse-board', '', '/entity/analyse/analyseBoard/board/29bf810e1b2e11eabd12fcaa140ebf84', NULL, '2', '0bc108f54df211e8aac8fcaa140ebf84', '9');
INSERT INTO `pe_base_category` (`id`, `name`, `code`, `router_name`, `url`, `fk_grid_id`, `flag_isvalid`, `flag_is_system`, `fk_base_category_group`) VALUES ('1270', '工作量数据分析', 'analyse-board', '', '/entity/analyse/analyseBoard/board/2fb089bc1bc411eabd12fcaa140ebf84', NULL, '2', '0bc108f54df211e8aac8fcaa140ebf84', '9');
INSERT INTO `pe_base_category` (`id`, `name`, `code`, `router_name`, `url`, `fk_grid_id`, `flag_isvalid`, `flag_is_system`, `fk_base_category_group`) VALUES ('1271', '项目质量数据分析', 'analyse-board', '', '/entity/analyse/analyseBoard/board/abc565011bbe11eabd12fcaa140ebf84', NULL, '2', '0bc108f54df211e8aac8fcaa140ebf84', '9');
INSERT INTO `pe_pri_category` (`ID`, `NAME`, `FK_PARENT_ID`, `CODE`, `PATH`, `FLAG_LEFT_MENU`, `serial_Number`, `isActive`, `LEVEL`, `fk_grid_id`, `fk_web_site_id`, `icon`, `fk_base_category_id`, `base_id`, `show_in_left_menu`) VALUES ('4028ae0e6ef2d005016ef31918cc0000', '工作量数据分析', '4028ae316b203482016b206476b80010', NULL, NULL, '1', '9', '1', '2', NULL, '4028ae316a09ee85016a09f4d7640000', NULL, '1270', 'ec5b1bea1e4446ca9bf0995a42b80153', '1');
INSERT INTO `pe_pri_category` (`ID`, `NAME`, `FK_PARENT_ID`, `CODE`, `PATH`, `FLAG_LEFT_MENU`, `serial_Number`, `isActive`, `LEVEL`, `fk_grid_id`, `fk_web_site_id`, `icon`, `fk_base_category_id`, `base_id`, `show_in_left_menu`) VALUES ('4028ae316ed4de45016ed5053b230000', '承办单位数据分析', '4028ae316b203482016b206476b80010', NULL, NULL, '1', '4', '1', '2', NULL, '4028ae316a09ee85016a09f4d7640000', NULL, '1276', '351df2b0ecb14145a3f969ba8f6cc274', '1');
INSERT INTO `pe_pri_category` (`ID`, `NAME`, `FK_PARENT_ID`, `CODE`, `PATH`, `FLAG_LEFT_MENU`, `serial_Number`, `isActive`, `LEVEL`, `fk_grid_id`, `fk_web_site_id`, `icon`, `fk_base_category_id`, `base_id`, `show_in_left_menu`) VALUES ('4028ae316ed901eb016ed9116b410000', '培训班数据分析', '4028ae316b203482016b206476b80010', NULL, NULL, '1', '5', '1', '2', NULL, '4028ae316a09ee85016a09f4d7640000', NULL, '1277', '0fbfd03840df44c4af2fe62bf92fd913', '1');
INSERT INTO `pe_pri_category` (`ID`, `NAME`, `FK_PARENT_ID`, `CODE`, `PATH`, `FLAG_LEFT_MENU`, `serial_Number`, `isActive`, `LEVEL`, `fk_grid_id`, `fk_web_site_id`, `icon`, `fk_base_category_id`, `base_id`, `show_in_left_menu`) VALUES ('4028ae316eed7b2c016eee9e12410007', '财务收支情况分析', '4028ae316b203482016b206476b80010', NULL, NULL, '1', '6', '1', '2', NULL, '4028ae316a09ee85016a09f4d7640000', NULL, '1278', '1310be1d030a4979a2bb4b23239f0ea0', '1');
INSERT INTO `pe_pri_category` (`ID`, `NAME`, `FK_PARENT_ID`, `CODE`, `PATH`, `FLAG_LEFT_MENU`, `serial_Number`, `isActive`, `LEVEL`, `fk_grid_id`, `fk_web_site_id`, `icon`, `fk_base_category_id`, `base_id`, `show_in_left_menu`) VALUES ('4028ae316eeeb028016eef1ed917000c', '市场跟进情况分析', '4028ae316b203482016b206476b80010', NULL, NULL, '1', '7', '1', '2', NULL, '4028ae316a09ee85016a09f4d7640000', NULL, '1279', '432632627dc546459f7872241f23739b', '1');
INSERT INTO `pe_pri_category` (`ID`, `NAME`, `FK_PARENT_ID`, `CODE`, `PATH`, `FLAG_LEFT_MENU`, `serial_Number`, `isActive`, `LEVEL`, `fk_grid_id`, `fk_web_site_id`, `icon`, `fk_base_category_id`, `base_id`, `show_in_left_menu`) VALUES ('4028ae316ef29041016ef2ec62330007', '项目质量数据分析', '4028ae316b203482016b206476b80010', NULL, NULL, '1', '8', '1', '2', NULL, '4028ae316a09ee85016a09f4d7640000', NULL, '1271', '6a4070435bb44e9c8cfe5c2fd4f353bb', '1');
