INSERT INTO `grid_basic_config` (`id`, `title`, `can_search`, `can_add`, `can_delete`, `can_update`, `can_batch_add`, `can_projections`, `first_search`, `entity_class`, `note`, `list_type`, `dc`, `flag_active`, `flag_bak`, `dateFormat`, `sqlstr`, `statistics`, `s_note`, `update_note`, `is_enum`, `countsql`, `isGroupSql`, `LIST_FUNCTION`, `FLAG_INTE_ACTIVE`, `fk_web_site_id`, `can_checked_all`, `add_mode`, `add_cmp_name`, `fk_chart_id`) VALUES ('analyseBasicConfigManage', '统计基础配置管理', '1', NULL, NULL, NULL, NULL, '0', '0', 'com.whaty.analyse.framework.domain.bean.AnalyseBasicConfig', NULL, '0', 'AnalyseBasicConfig;enumConstByFlagAnalyseType;', '4028809c1d625bcf011d66fd0dda0006', NULL, NULL, NULL, NULL, NULL, NULL, NULL, NULL, NULL, '0', NULL, '83356b76275211e8baa4fcaa140ebf84', '1', 'dialog', NULL, NULL);
INSERT INTO `grid_basic_config` (`id`, `title`, `can_search`, `can_add`, `can_delete`, `can_update`, `can_batch_add`, `can_projections`, `first_search`, `entity_class`, `note`, `list_type`, `dc`, `flag_active`, `flag_bak`, `dateFormat`, `sqlstr`, `statistics`, `s_note`, `update_note`, `is_enum`, `countsql`, `isGroupSql`, `LIST_FUNCTION`, `FLAG_INTE_ACTIVE`, `fk_web_site_id`, `can_checked_all`, `add_mode`, `add_cmp_name`, `fk_chart_id`) VALUES ('analyseBlockConfigManage', '统计块管理', '1', NULL, NULL, NULL, NULL, '1', '0', 'com.whaty.analyse.framework.domain.bean.AnalyseBlockConfig', NULL, '0', 'AnalyseBlockConfig;enumConstByFlagIsShift;', '4028809c1d625bcf011d66fd0dda0006', NULL, NULL, NULL, NULL, NULL, NULL, NULL, NULL, NULL, '0', NULL, '83356b76275211e8baa4fcaa140ebf84', '0', 'dialog', NULL, NULL);
INSERT INTO `grid_basic_config` (`id`, `title`, `can_search`, `can_add`, `can_delete`, `can_update`, `can_batch_add`, `can_projections`, `first_search`, `entity_class`, `note`, `list_type`, `dc`, `flag_active`, `flag_bak`, `dateFormat`, `sqlstr`, `statistics`, `s_note`, `update_note`, `is_enum`, `countsql`, `isGroupSql`, `LIST_FUNCTION`, `FLAG_INTE_ACTIVE`, `fk_web_site_id`, `can_checked_all`, `add_mode`, `add_cmp_name`, `fk_chart_id`) VALUES ('analyseBoardConfigManage', '统计看板配置管理', '1', NULL, NULL, NULL, NULL, '1', '0', 'com.whaty.analyse.framework.domain.bean.AnalyseBoardConfig', NULL, '0', 'AnalyseBoardConfig;', '4028809c1d625bcf011d66fd0dda0006', NULL, NULL, NULL, NULL, NULL, NULL, NULL, NULL, NULL, '0', NULL, '83356b76275211e8baa4fcaa140ebf84', '0', 'dialog', NULL, NULL);
INSERT INTO `grid_basic_config` (`id`, `title`, `can_search`, `can_add`, `can_delete`, `can_update`, `can_batch_add`, `can_projections`, `first_search`, `entity_class`, `note`, `list_type`, `dc`, `flag_active`, `flag_bak`, `dateFormat`, `sqlstr`, `statistics`, `s_note`, `update_note`, `is_enum`, `countsql`, `isGroupSql`, `LIST_FUNCTION`, `FLAG_INTE_ACTIVE`, `fk_web_site_id`, `can_checked_all`, `add_mode`, `add_cmp_name`, `fk_chart_id`) VALUES ('boardBlockConfigManage', '统计看板关联块配置', '1', NULL, NULL, NULL, NULL, '1', '0', 'com.whaty.analyse.framework.domain.bean.AnalyseBoardBlock', NULL, '0', 'AnalyseBoardBlock;analyseBoardConfig;analyseBlockConfig;', '4028809c1d625bcf011d66fd0dda0006', NULL, NULL, NULL, NULL, NULL, NULL, NULL, NULL, NULL, '0', NULL, '83356b76275211e8baa4fcaa140ebf84', '0', 'dialog', NULL, NULL);
INSERT INTO `grid_column_config` (`ID`, `fk_action_grid_config_id`, `name`, `dataindex`, `data_column`, `search`, `to_add`, `to_update`, `column_can_update`, `list`, `report`, `type`, `dateFormat`, `allow_blank`, `max_length`, `check_message`, `check_regular`, `text_field_parameters`, `combo_sql`, `serial_number`, `flag_active`, `flag_bak`, `user_type`, `team`, `s_note`, `sql_result`, `is_html`, `default_text`, `cascade_columns`) VALUES ('4028ae316e971308016e97316bd00000', 'analyseBasicConfigManage', 'id', 'id', '', '0', '0', '0', '0', '0', '0', 'TextField', 'yyyy-MM-dd', '1', '50', '', '', NULL, '', '0', '4028809c1d625bcf011d66fd0dda0006', NULL, NULL, '', '', '', NULL, '', NULL);
INSERT INTO `grid_column_config` (`ID`, `fk_action_grid_config_id`, `name`, `dataindex`, `data_column`, `search`, `to_add`, `to_update`, `column_can_update`, `list`, `report`, `type`, `dateFormat`, `allow_blank`, `max_length`, `check_message`, `check_regular`, `text_field_parameters`, `combo_sql`, `serial_number`, `flag_active`, `flag_bak`, `user_type`, `team`, `s_note`, `sql_result`, `is_html`, `default_text`, `cascade_columns`) VALUES ('4028ae316e971308016e9731aacd0001', 'analyseBasicConfigManage', '名称', 'name', '', '1', '1', '1', '0', '1', '1', 'TextField', 'yyyy-MM-dd', '0', '50', '', '', NULL, '', '1', '4028809c1d625bcf011d66fd0dda0006', NULL, NULL, '', '', '', NULL, '', NULL);
INSERT INTO `grid_column_config` (`ID`, `fk_action_grid_config_id`, `name`, `dataindex`, `data_column`, `search`, `to_add`, `to_update`, `column_can_update`, `list`, `report`, `type`, `dateFormat`, `allow_blank`, `max_length`, `check_message`, `check_regular`, `text_field_parameters`, `combo_sql`, `serial_number`, `flag_active`, `flag_bak`, `user_type`, `team`, `s_note`, `sql_result`, `is_html`, `default_text`, `cascade_columns`) VALUES ('4028ae316e971308016e9731e2e00002', 'analyseBasicConfigManage', '编号', 'code', '', '1', '1', '1', '0', '1', '1', 'TextField', 'yyyy-MM-dd', '0', '50', '', '', NULL, '', '2', '4028809c1d625bcf011d66fd0dda0006', NULL, NULL, '', '', '', NULL, '', NULL);
INSERT INTO `grid_column_config` (`ID`, `fk_action_grid_config_id`, `name`, `dataindex`, `data_column`, `search`, `to_add`, `to_update`, `column_can_update`, `list`, `report`, `type`, `dateFormat`, `allow_blank`, `max_length`, `check_message`, `check_regular`, `text_field_parameters`, `combo_sql`, `serial_number`, `flag_active`, `flag_bak`, `user_type`, `team`, `s_note`, `sql_result`, `is_html`, `default_text`, `cascade_columns`) VALUES ('4028ae316e971308016e973247ea0003', 'analyseBasicConfigManage', '统计类型', 'enumConstByFlagAnalyseType.name', '', '1', '1', '1', '0', '1', '1', 'TextField', 'yyyy-MM-dd', '0', '50', '', '', NULL, '', '3', '4028809c1d625bcf011d66fd0dda0006', NULL, NULL, '', '', '', NULL, '', NULL);
INSERT INTO `grid_column_config` (`ID`, `fk_action_grid_config_id`, `name`, `dataindex`, `data_column`, `search`, `to_add`, `to_update`, `column_can_update`, `list`, `report`, `type`, `dateFormat`, `allow_blank`, `max_length`, `check_message`, `check_regular`, `text_field_parameters`, `combo_sql`, `serial_number`, `flag_active`, `flag_bak`, `user_type`, `team`, `s_note`, `sql_result`, `is_html`, `default_text`, `cascade_columns`) VALUES ('4028ae316ef7e982016ef804757a0000', 'analyseBlockConfigManage', 'id', 'id', '', '0', '0', '0', '0', '0', '0', 'TextField', 'yyyy-MM-dd', '1', '50', '', '', NULL, '', '0', '4028809c1d625bcf011d66fd0dda0006', NULL, NULL, '', '', '', NULL, '', NULL);
INSERT INTO `grid_column_config` (`ID`, `fk_action_grid_config_id`, `name`, `dataindex`, `data_column`, `search`, `to_add`, `to_update`, `column_can_update`, `list`, `report`, `type`, `dateFormat`, `allow_blank`, `max_length`, `check_message`, `check_regular`, `text_field_parameters`, `combo_sql`, `serial_number`, `flag_active`, `flag_bak`, `user_type`, `team`, `s_note`, `sql_result`, `is_html`, `default_text`, `cascade_columns`) VALUES ('4028ae316ef7e982016ef804acda0001', 'analyseBlockConfigManage', '标题', 'title', '', '1', '1', '1', '0', '1', '1', 'TextField', 'yyyy-MM-dd', '0', '50', '', '', NULL, '', '1', '4028809c1d625bcf011d66fd0dda0006', NULL, NULL, '', '', '', NULL, '', NULL);
INSERT INTO `grid_column_config` (`ID`, `fk_action_grid_config_id`, `name`, `dataindex`, `data_column`, `search`, `to_add`, `to_update`, `column_can_update`, `list`, `report`, `type`, `dateFormat`, `allow_blank`, `max_length`, `check_message`, `check_regular`, `text_field_parameters`, `combo_sql`, `serial_number`, `flag_active`, `flag_bak`, `user_type`, `team`, `s_note`, `sql_result`, `is_html`, `default_text`, `cascade_columns`) VALUES ('4028ae316ef7e982016ef80547d20002', 'analyseBlockConfigManage', '包含的统计图形编号', 'analyseConfigCode', '', '1', '1', '1', '0', '1', '1', 'TextField', 'yyyy-MM-dd', '0', '50', '', '', NULL, '', '2', '4028809c1d625bcf011d66fd0dda0006', NULL, NULL, '', '', '', NULL, '', NULL);
INSERT INTO `grid_column_config` (`ID`, `fk_action_grid_config_id`, `name`, `dataindex`, `data_column`, `search`, `to_add`, `to_update`, `column_can_update`, `list`, `report`, `type`, `dateFormat`, `allow_blank`, `max_length`, `check_message`, `check_regular`, `text_field_parameters`, `combo_sql`, `serial_number`, `flag_active`, `flag_bak`, `user_type`, `team`, `s_note`, `sql_result`, `is_html`, `default_text`, `cascade_columns`) VALUES ('4028ae316ef7e982016ef805bae80003', 'analyseBlockConfigManage', '是否可切换图形', 'enumConstByFlagIsShift.name', '', '1', '1', '1', '0', '1', '1', 'TextField', 'yyyy-MM-dd', '0', '50', '', '', NULL, '', '3', '4028809c1d625bcf011d66fd0dda0006', NULL, NULL, '', '', '', NULL, '', NULL);
INSERT INTO `grid_column_config` (`ID`, `fk_action_grid_config_id`, `name`, `dataindex`, `data_column`, `search`, `to_add`, `to_update`, `column_can_update`, `list`, `report`, `type`, `dateFormat`, `allow_blank`, `max_length`, `check_message`, `check_regular`, `text_field_parameters`, `combo_sql`, `serial_number`, `flag_active`, `flag_bak`, `user_type`, `team`, `s_note`, `sql_result`, `is_html`, `default_text`, `cascade_columns`) VALUES ('4028ae316ef7e982016ef80618270004', 'analyseBlockConfigManage', '块高度(px)', 'blockHeight', '', '1', '1', '1', '0', '1', '1', 'TextField', 'yyyy-MM-dd', '0', '50', '', '', NULL, '', '4', '4028809c1d625bcf011d66fd0dda0006', NULL, NULL, '', '', '', NULL, '', NULL);
INSERT INTO `grid_column_config` (`ID`, `fk_action_grid_config_id`, `name`, `dataindex`, `data_column`, `search`, `to_add`, `to_update`, `column_can_update`, `list`, `report`, `type`, `dateFormat`, `allow_blank`, `max_length`, `check_message`, `check_regular`, `text_field_parameters`, `combo_sql`, `serial_number`, `flag_active`, `flag_bak`, `user_type`, `team`, `s_note`, `sql_result`, `is_html`, `default_text`, `cascade_columns`) VALUES ('4028ae316ef7e982016ef806a1130005', 'analyseBlockConfigManage', '可跳转的详情看板', 'detailBoardId', '', '1', '1', '1', '0', '1', '1', 'TextField', 'yyyy-MM-dd', '1', '50', '', '', NULL, '', '5', '4028809c1d625bcf011d66fd0dda0006', NULL, NULL, '', '', '', NULL, '', NULL);
INSERT INTO `grid_column_config` (`ID`, `fk_action_grid_config_id`, `name`, `dataindex`, `data_column`, `search`, `to_add`, `to_update`, `column_can_update`, `list`, `report`, `type`, `dateFormat`, `allow_blank`, `max_length`, `check_message`, `check_regular`, `text_field_parameters`, `combo_sql`, `serial_number`, `flag_active`, `flag_bak`, `user_type`, `team`, `s_note`, `sql_result`, `is_html`, `default_text`, `cascade_columns`) VALUES ('4028ae316ef7e982016ef806ef920006', 'analyseBlockConfigManage', '备注', 'note', '', '0', '1', '1', '0', '1', '1', 'TextField', 'yyyy-MM-dd', '1', '50', '', '', NULL, '', '6', '4028809c1d625bcf011d66fd0dda0006', NULL, NULL, '', '', '', NULL, '', NULL);
INSERT INTO `grid_column_config` (`ID`, `fk_action_grid_config_id`, `name`, `dataindex`, `data_column`, `search`, `to_add`, `to_update`, `column_can_update`, `list`, `report`, `type`, `dateFormat`, `allow_blank`, `max_length`, `check_message`, `check_regular`, `text_field_parameters`, `combo_sql`, `serial_number`, `flag_active`, `flag_bak`, `user_type`, `team`, `s_note`, `sql_result`, `is_html`, `default_text`, `cascade_columns`) VALUES ('4028ae316ef8124b016ef81505540000', 'analyseBoardConfigManage', 'id', 'id', '', '0', '0', '0', '0', '0', '0', 'TextField', 'yyyy-MM-dd', '1', '50', '', '', NULL, '', '0', '4028809c1d625bcf011d66fd0dda0006', NULL, NULL, '', '', '', NULL, '', NULL);
INSERT INTO `grid_column_config` (`ID`, `fk_action_grid_config_id`, `name`, `dataindex`, `data_column`, `search`, `to_add`, `to_update`, `column_can_update`, `list`, `report`, `type`, `dateFormat`, `allow_blank`, `max_length`, `check_message`, `check_regular`, `text_field_parameters`, `combo_sql`, `serial_number`, `flag_active`, `flag_bak`, `user_type`, `team`, `s_note`, `sql_result`, `is_html`, `default_text`, `cascade_columns`) VALUES ('4028ae316ef8124b016ef81538080001', 'analyseBoardConfigManage', '标题', 'title', '', '1', '1', '1', '0', '1', '1', 'TextField', 'yyyy-MM-dd', '0', '50', '', '', NULL, '', '1', '4028809c1d625bcf011d66fd0dda0006', NULL, NULL, '', '', '', NULL, '', NULL);
INSERT INTO `grid_column_config` (`ID`, `fk_action_grid_config_id`, `name`, `dataindex`, `data_column`, `search`, `to_add`, `to_update`, `column_can_update`, `list`, `report`, `type`, `dateFormat`, `allow_blank`, `max_length`, `check_message`, `check_regular`, `text_field_parameters`, `combo_sql`, `serial_number`, `flag_active`, `flag_bak`, `user_type`, `team`, `s_note`, `sql_result`, `is_html`, `default_text`, `cascade_columns`) VALUES ('4028ae316ef8124b016ef815693e0002', 'analyseBoardConfigManage', '编号', 'code', '', '1', '1', '1', '0', '1', '1', 'TextField', 'yyyy-MM-dd', '0', '50', '', '', NULL, '', '2', '4028809c1d625bcf011d66fd0dda0006', NULL, NULL, '', '', '', NULL, '', NULL);
INSERT INTO `grid_column_config` (`ID`, `fk_action_grid_config_id`, `name`, `dataindex`, `data_column`, `search`, `to_add`, `to_update`, `column_can_update`, `list`, `report`, `type`, `dateFormat`, `allow_blank`, `max_length`, `check_message`, `check_regular`, `text_field_parameters`, `combo_sql`, `serial_number`, `flag_active`, `flag_bak`, `user_type`, `team`, `s_note`, `sql_result`, `is_html`, `default_text`, `cascade_columns`) VALUES ('4028ae316ef8124b016ef815a6d70003', 'analyseBoardConfigManage', '是否可导出', 'canExport', '', '1', '1', '1', '0', '1', '1', 'TextField', 'yyyy-MM-dd', '0', '50', '', '', NULL, '', '3', '4028809c1d625bcf011d66fd0dda0006', NULL, NULL, '', '', '', NULL, '', NULL);
INSERT INTO `grid_column_config` (`ID`, `fk_action_grid_config_id`, `name`, `dataindex`, `data_column`, `search`, `to_add`, `to_update`, `column_can_update`, `list`, `report`, `type`, `dateFormat`, `allow_blank`, `max_length`, `check_message`, `check_regular`, `text_field_parameters`, `combo_sql`, `serial_number`, `flag_active`, `flag_bak`, `user_type`, `team`, `s_note`, `sql_result`, `is_html`, `default_text`, `cascade_columns`) VALUES ('4028ae316ef81da0016ef82279070000', 'boardBlockConfigManage', 'id', 'id', '', '0', '0', '0', '0', '0', '0', 'TextField', 'yyyy-MM-dd', '1', '50', '', '', NULL, '', '0', '4028809c1d625bcf011d66fd0dda0006', NULL, NULL, '', '', '', NULL, '', NULL);
INSERT INTO `grid_column_config` (`ID`, `fk_action_grid_config_id`, `name`, `dataindex`, `data_column`, `search`, `to_add`, `to_update`, `column_can_update`, `list`, `report`, `type`, `dateFormat`, `allow_blank`, `max_length`, `check_message`, `check_regular`, `text_field_parameters`, `combo_sql`, `serial_number`, `flag_active`, `flag_bak`, `user_type`, `team`, `s_note`, `sql_result`, `is_html`, `default_text`, `cascade_columns`) VALUES ('4028ae316ef82461016ef824d8990000', 'boardBlockConfigManage', '统计块', 'analyseBlockConfig.name', '', '1', '1', '1', '0', '1', '1', 'TextField', 'yyyy-MM-dd', '0', '50', '', '', NULL, '', '1', '4028809c1d625bcf011d66fd0dda0006', NULL, NULL, '', '', '', NULL, '', NULL);
INSERT INTO `grid_column_config` (`ID`, `fk_action_grid_config_id`, `name`, `dataindex`, `data_column`, `search`, `to_add`, `to_update`, `column_can_update`, `list`, `report`, `type`, `dateFormat`, `allow_blank`, `max_length`, `check_message`, `check_regular`, `text_field_parameters`, `combo_sql`, `serial_number`, `flag_active`, `flag_bak`, `user_type`, `team`, `s_note`, `sql_result`, `is_html`, `default_text`, `cascade_columns`) VALUES ('4028ae316ef82461016ef825406c0001', 'boardBlockConfigManage', '序号', 'serial', '', '1', '1', '1', '0', '1', '1', 'TextField', 'yyyy-MM-dd', '0', '50', '', '', NULL, '', '2', '4028809c1d625bcf011d66fd0dda0006', NULL, NULL, '', '', '', NULL, '', NULL);
INSERT INTO `grid_column_config` (`ID`, `fk_action_grid_config_id`, `name`, `dataindex`, `data_column`, `search`, `to_add`, `to_update`, `column_can_update`, `list`, `report`, `type`, `dateFormat`, `allow_blank`, `max_length`, `check_message`, `check_regular`, `text_field_parameters`, `combo_sql`, `serial_number`, `flag_active`, `flag_bak`, `user_type`, `team`, `s_note`, `sql_result`, `is_html`, `default_text`, `cascade_columns`) VALUES ('4028ae316ef82461016ef82a0c950002', 'boardBlockConfigManage', '每行多少个块(块宽度)', 'colNum', '', '1', '1', '1', '0', '1', '1', 'TextField', 'yyyy-MM-dd', '0', '50', '', '', NULL, '', '3', '4028809c1d625bcf011d66fd0dda0006', NULL, NULL, '', '', '', NULL, '', NULL);
INSERT INTO `grid_column_config` (`ID`, `fk_action_grid_config_id`, `name`, `dataindex`, `data_column`, `search`, `to_add`, `to_update`, `column_can_update`, `list`, `report`, `type`, `dateFormat`, `allow_blank`, `max_length`, `check_message`, `check_regular`, `text_field_parameters`, `combo_sql`, `serial_number`, `flag_active`, `flag_bak`, `user_type`, `team`, `s_note`, `sql_result`, `is_html`, `default_text`, `cascade_columns`) VALUES ('4028ae316ef82eb2016ef8331c210000', 'boardBlockConfigManage', 'analyseBoardConfig.id', 'analyseBoardConfig.id', '', '0', '0', '0', '0', '0', '0', 'TextField', 'yyyy-MM-dd', '1', '50', '', '', NULL, '', '4', '4028809c1d625bcf011d66fd0dda0006', NULL, NULL, '', '', '', NULL, '', NULL);
INSERT INTO `grid_menu_config` (`fk_grid_id`, `flag_menu_type`, `flag_integrated_menu_type`, `text`, `show_type`, `column_type`, `fix`, `must_select_row`, `select_limit`, `data_index`, `null_text`, `show_confirm`, `confirm_text`, `url`, `extra_parameters`, `waiting_msg`, `success_msg`, `error_msg`, `open_mode`, `form_config`, `user_type`, `flag_is_valid`, `serial_number`, `script`, `column_data_index`, `value`, `tips`, `extend_menu_config`) VALUES ('analyseBasicConfigManage', NULL, 'd54b3e85479a11e89697fcaa140ebf84', '添加', '', '', NULL, '0', '0', '', NULL, NULL, NULL, NULL, NULL, NULL, NULL, NULL, NULL, NULL, NULL, '2', '1', NULL, NULL, NULL, NULL, NULL);
INSERT INTO `grid_menu_config` (`fk_grid_id`, `flag_menu_type`, `flag_integrated_menu_type`, `text`, `show_type`, `column_type`, `fix`, `must_select_row`, `select_limit`, `data_index`, `null_text`, `show_confirm`, `confirm_text`, `url`, `extra_parameters`, `waiting_msg`, `success_msg`, `error_msg`, `open_mode`, `form_config`, `user_type`, `flag_is_valid`, `serial_number`, `script`, `column_data_index`, `value`, `tips`, `extend_menu_config`) VALUES ('analyseBasicConfigManage', NULL, 'fc43396e479a11e89697fcaa140ebf84', '修改', '', '', NULL, '0', '0', '', NULL, NULL, NULL, NULL, NULL, NULL, NULL, NULL, NULL, NULL, NULL, '2', '2', NULL, NULL, NULL, NULL, NULL);
INSERT INTO `grid_menu_config` (`fk_grid_id`, `flag_menu_type`, `flag_integrated_menu_type`, `text`, `show_type`, `column_type`, `fix`, `must_select_row`, `select_limit`, `data_index`, `null_text`, `show_confirm`, `confirm_text`, `url`, `extra_parameters`, `waiting_msg`, `success_msg`, `error_msg`, `open_mode`, `form_config`, `user_type`, `flag_is_valid`, `serial_number`, `script`, `column_data_index`, `value`, `tips`, `extend_menu_config`) VALUES ('analyseBasicConfigManage', NULL, '030ebfea479b11e89697fcaa140ebf84', '删除', '', '', NULL, '0', '0', '', NULL, NULL, NULL, NULL, NULL, NULL, NULL, NULL, NULL, NULL, NULL, '2', '3', NULL, NULL, NULL, NULL, NULL);
INSERT INTO `grid_menu_config` (`fk_grid_id`, `flag_menu_type`, `flag_integrated_menu_type`, `text`, `show_type`, `column_type`, `fix`, `must_select_row`, `select_limit`, `data_index`, `null_text`, `show_confirm`, `confirm_text`, `url`, `extra_parameters`, `waiting_msg`, `success_msg`, `error_msg`, `open_mode`, `form_config`, `user_type`, `flag_is_valid`, `serial_number`, `script`, `column_data_index`, `value`, `tips`, `extend_menu_config`) VALUES ('analyseBasicConfigManage', 'a92817f1361611e8a37efcaa140ebf84', NULL, '设置配置', 'column', 'left', '0', '0', '1', 'id', '', '1', '', NULL, NULL, '', NULL, NULL, '_blank', NULL, NULL, '2', '1', NULL, NULL, NULL, '', '{\"fieldName\": \"parentId\", \"routerName\": \"setAnalyseConfigDetail\"}');
INSERT INTO `grid_menu_config` (`fk_grid_id`, `flag_menu_type`, `flag_integrated_menu_type`, `text`, `show_type`, `column_type`, `fix`, `must_select_row`, `select_limit`, `data_index`, `null_text`, `show_confirm`, `confirm_text`, `url`, `extra_parameters`, `waiting_msg`, `success_msg`, `error_msg`, `open_mode`, `form_config`, `user_type`, `flag_is_valid`, `serial_number`, `script`, `column_data_index`, `value`, `tips`, `extend_menu_config`) VALUES ('analyseBlockConfigManage', NULL, 'd54b3e85479a11e89697fcaa140ebf84', '添加', '', '', NULL, '0', '0', '', NULL, NULL, NULL, NULL, NULL, NULL, NULL, NULL, NULL, NULL, NULL, '2', '1', NULL, NULL, NULL, NULL, NULL);
INSERT INTO `grid_menu_config` (`fk_grid_id`, `flag_menu_type`, `flag_integrated_menu_type`, `text`, `show_type`, `column_type`, `fix`, `must_select_row`, `select_limit`, `data_index`, `null_text`, `show_confirm`, `confirm_text`, `url`, `extra_parameters`, `waiting_msg`, `success_msg`, `error_msg`, `open_mode`, `form_config`, `user_type`, `flag_is_valid`, `serial_number`, `script`, `column_data_index`, `value`, `tips`, `extend_menu_config`) VALUES ('analyseBlockConfigManage', NULL, 'fc43396e479a11e89697fcaa140ebf84', '修改', '', '', NULL, '0', '0', '', NULL, NULL, NULL, NULL, NULL, NULL, NULL, NULL, NULL, NULL, NULL, '2', '2', NULL, NULL, NULL, NULL, NULL);
INSERT INTO `grid_menu_config` (`fk_grid_id`, `flag_menu_type`, `flag_integrated_menu_type`, `text`, `show_type`, `column_type`, `fix`, `must_select_row`, `select_limit`, `data_index`, `null_text`, `show_confirm`, `confirm_text`, `url`, `extra_parameters`, `waiting_msg`, `success_msg`, `error_msg`, `open_mode`, `form_config`, `user_type`, `flag_is_valid`, `serial_number`, `script`, `column_data_index`, `value`, `tips`, `extend_menu_config`) VALUES ('analyseBlockConfigManage', NULL, '030ebfea479b11e89697fcaa140ebf84', '删除', '', '', NULL, '0', '0', '', NULL, NULL, NULL, NULL, NULL, NULL, NULL, NULL, NULL, NULL, NULL, '2', '3', NULL, NULL, NULL, NULL, NULL);
INSERT INTO `grid_menu_config` (`fk_grid_id`, `flag_menu_type`, `flag_integrated_menu_type`, `text`, `show_type`, `column_type`, `fix`, `must_select_row`, `select_limit`, `data_index`, `null_text`, `show_confirm`, `confirm_text`, `url`, `extra_parameters`, `waiting_msg`, `success_msg`, `error_msg`, `open_mode`, `form_config`, `user_type`, `flag_is_valid`, `serial_number`, `script`, `column_data_index`, `value`, `tips`, `extend_menu_config`) VALUES ('analyseBlockConfigManage', NULL, 'f82ae75b479a11e89697fcaa140ebf84', '批量导入', '', '', NULL, '0', '0', '', NULL, NULL, NULL, NULL, NULL, NULL, NULL, NULL, NULL, NULL, NULL, '2', '4', NULL, NULL, NULL, NULL, NULL);
INSERT INTO `grid_menu_config` (`fk_grid_id`, `flag_menu_type`, `flag_integrated_menu_type`, `text`, `show_type`, `column_type`, `fix`, `must_select_row`, `select_limit`, `data_index`, `null_text`, `show_confirm`, `confirm_text`, `url`, `extra_parameters`, `waiting_msg`, `success_msg`, `error_msg`, `open_mode`, `form_config`, `user_type`, `flag_is_valid`, `serial_number`, `script`, `column_data_index`, `value`, `tips`, `extend_menu_config`) VALUES ('analyseBoardConfigManage', NULL, 'd54b3e85479a11e89697fcaa140ebf84', '添加', '', '', NULL, '0', '0', '', NULL, NULL, NULL, NULL, NULL, NULL, NULL, NULL, NULL, NULL, NULL, '2', '1', NULL, NULL, NULL, NULL, NULL);
INSERT INTO `grid_menu_config` (`fk_grid_id`, `flag_menu_type`, `flag_integrated_menu_type`, `text`, `show_type`, `column_type`, `fix`, `must_select_row`, `select_limit`, `data_index`, `null_text`, `show_confirm`, `confirm_text`, `url`, `extra_parameters`, `waiting_msg`, `success_msg`, `error_msg`, `open_mode`, `form_config`, `user_type`, `flag_is_valid`, `serial_number`, `script`, `column_data_index`, `value`, `tips`, `extend_menu_config`) VALUES ('analyseBoardConfigManage', NULL, 'fc43396e479a11e89697fcaa140ebf84', '修改', '', '', NULL, '0', '0', '', NULL, NULL, NULL, NULL, NULL, NULL, NULL, NULL, NULL, NULL, NULL, '2', '2', NULL, NULL, NULL, NULL, NULL);
INSERT INTO `grid_menu_config` (`fk_grid_id`, `flag_menu_type`, `flag_integrated_menu_type`, `text`, `show_type`, `column_type`, `fix`, `must_select_row`, `select_limit`, `data_index`, `null_text`, `show_confirm`, `confirm_text`, `url`, `extra_parameters`, `waiting_msg`, `success_msg`, `error_msg`, `open_mode`, `form_config`, `user_type`, `flag_is_valid`, `serial_number`, `script`, `column_data_index`, `value`, `tips`, `extend_menu_config`) VALUES ('analyseBoardConfigManage', NULL, '030ebfea479b11e89697fcaa140ebf84', '删除', '', '', NULL, '0', '0', '', NULL, NULL, NULL, NULL, NULL, NULL, NULL, NULL, NULL, NULL, NULL, '2', '3', NULL, NULL, NULL, NULL, NULL);
INSERT INTO `grid_menu_config` (`fk_grid_id`, `flag_menu_type`, `flag_integrated_menu_type`, `text`, `show_type`, `column_type`, `fix`, `must_select_row`, `select_limit`, `data_index`, `null_text`, `show_confirm`, `confirm_text`, `url`, `extra_parameters`, `waiting_msg`, `success_msg`, `error_msg`, `open_mode`, `form_config`, `user_type`, `flag_is_valid`, `serial_number`, `script`, `column_data_index`, `value`, `tips`, `extend_menu_config`) VALUES ('analyseBoardConfigManage', 'a92817f1361611e8a37efcaa140ebf84', NULL, '统计块配置', 'column', 'right', '0', '0', '1', 'id', '', '1', '', NULL, NULL, '', NULL, NULL, '_blank', NULL, NULL, '2', '1', NULL, NULL, NULL, '', '{\"routerName\": \"boardBlockConfig\", \"fieldName\": \"parentId\"}');
INSERT INTO `grid_menu_config` (`fk_grid_id`, `flag_menu_type`, `flag_integrated_menu_type`, `text`, `show_type`, `column_type`, `fix`, `must_select_row`, `select_limit`, `data_index`, `null_text`, `show_confirm`, `confirm_text`, `url`, `extra_parameters`, `waiting_msg`, `success_msg`, `error_msg`, `open_mode`, `form_config`, `user_type`, `flag_is_valid`, `serial_number`, `script`, `column_data_index`, `value`, `tips`, `extend_menu_config`) VALUES ('boardBlockConfigManage', NULL, 'd54b3e85479a11e89697fcaa140ebf84', '添加', '', '', NULL, '0', '0', '', NULL, NULL, NULL, NULL, NULL, NULL, NULL, NULL, NULL, NULL, NULL, '2', '1', NULL, NULL, NULL, NULL, NULL);
INSERT INTO `grid_menu_config` (`fk_grid_id`, `flag_menu_type`, `flag_integrated_menu_type`, `text`, `show_type`, `column_type`, `fix`, `must_select_row`, `select_limit`, `data_index`, `null_text`, `show_confirm`, `confirm_text`, `url`, `extra_parameters`, `waiting_msg`, `success_msg`, `error_msg`, `open_mode`, `form_config`, `user_type`, `flag_is_valid`, `serial_number`, `script`, `column_data_index`, `value`, `tips`, `extend_menu_config`) VALUES ('boardBlockConfigManage', NULL, 'fc43396e479a11e89697fcaa140ebf84', '修改', '', '', NULL, '0', '0', '', NULL, NULL, NULL, NULL, NULL, NULL, NULL, NULL, NULL, NULL, NULL, '2', '2', NULL, NULL, NULL, NULL, NULL);
INSERT INTO `grid_menu_config` (`fk_grid_id`, `flag_menu_type`, `flag_integrated_menu_type`, `text`, `show_type`, `column_type`, `fix`, `must_select_row`, `select_limit`, `data_index`, `null_text`, `show_confirm`, `confirm_text`, `url`, `extra_parameters`, `waiting_msg`, `success_msg`, `error_msg`, `open_mode`, `form_config`, `user_type`, `flag_is_valid`, `serial_number`, `script`, `column_data_index`, `value`, `tips`, `extend_menu_config`) VALUES ('boardBlockConfigManage', NULL, '030ebfea479b11e89697fcaa140ebf84', '删除', '', '', NULL, '0', '0', '', NULL, NULL, NULL, NULL, NULL, NULL, NULL, NULL, NULL, NULL, NULL, '2', '3', NULL, NULL, NULL, NULL, NULL);
INSERT INTO `pe_base_category` (`id`, `name`, `code`, `router_name`, `url`, `fk_grid_id`, `flag_isvalid`, `flag_is_system`, `fk_base_category_group`) VALUES ('1283', '统计基础配置管理', '', '', '/superAdmin/analyse/analyseBasicConfigManage/abstractGrid', 'analyseBasicConfigManage', '2', '058cfaf74df211e8aac8fcaa140ebf84', '1');
INSERT INTO `pe_base_category` (`id`, `name`, `code`, `router_name`, `url`, `fk_grid_id`, `flag_isvalid`, `flag_is_system`, `fk_base_category_group`) VALUES ('1294', '统计块配置管理', '', '', '/superAdmin/analyse/analyseBlockConfigManage/abstractGrid', 'analyseBlockConfigManage', '2', '058cfaf74df211e8aac8fcaa140ebf84', '9');
INSERT INTO `pe_base_category` (`id`, `name`, `code`, `router_name`, `url`, `fk_grid_id`, `flag_isvalid`, `flag_is_system`, `fk_base_category_group`) VALUES ('1295', '统计看板配置', '', '', '/superAdmin/analyse/analyseBoardConfigManage/abstractGrid', 'analyseBoardConfigManage', '2', '058cfaf74df211e8aac8fcaa140ebf84', '9');
INSERT INTO `pe_base_category` (`id`, `name`, `code`, `router_name`, `url`, `fk_grid_id`, `flag_isvalid`, `flag_is_system`, `fk_base_category_group`) VALUES ('1296', '统计看板关联块管理', '', 'boardBlockConfig', '/superAdmin/analyse/boardBlockConfigManage/abstractGrid', 'boardBlockConfigManage', '2', '058cfaf74df211e8aac8fcaa140ebf84', '9');
INSERT INTO `pe_base_category` (`id`, `name`, `code`, `router_name`, `url`, `fk_grid_id`, `flag_isvalid`, `flag_is_system`, `fk_base_category_group`) VALUES ('1284', '设置统计配置', 'set-analyse-config-detail', 'setAnalyseConfigDetail', '', NULL, '2', '058cfaf74df211e8aac8fcaa140ebf84', '1');
INSERT INTO `pe_interface` (`id`, `name`, `url`, `method`, `flag_isvalid`) VALUES ('815', '配置统计图表', '/superAdmin/analyse/setAnalyseConfigDetail/**', '', '2');
INSERT INTO `pe_interface` (`id`, `name`, `url`, `method`, `flag_isvalid`) VALUES ('816', '统计块管理', '/superAdmin/analyse/analyseBlockConfigManage/**', '', '2');
INSERT INTO `pe_interface` (`id`, `name`, `url`, `method`, `flag_isvalid`) VALUES ('817', '统计看板配置管理', '/superAdmin/analyse/analyseBoardConfigManage/**', '', '2');
INSERT INTO `pe_interface` (`id`, `name`, `url`, `method`, `flag_isvalid`) VALUES ('818', '统计看板关联块管理', '/superAdmin/analyse/boardBlockConfigManage/**', '', '2');
INSERT INTO `pr_base_category_interface` (`fk_base_category_id`, `fk_interface_id`) VALUES ('1283', '799');
INSERT INTO `pr_base_category_interface` (`fk_base_category_id`, `fk_interface_id`) VALUES ('1294', '816');
INSERT INTO `pr_base_category_interface` (`fk_base_category_id`, `fk_interface_id`) VALUES ('1295', '817');
INSERT INTO `pr_base_category_interface` (`fk_base_category_id`, `fk_interface_id`) VALUES ('1296', '818');
INSERT INTO `pr_base_category_interface` (`fk_base_category_id`, `fk_interface_id`) VALUES ('1284', '815');
INSERT INTO `pe_pri_category` (`ID`, `NAME`, `FK_PARENT_ID`, `CODE`, `PATH`, `FLAG_LEFT_MENU`, `serial_Number`, `isActive`, `LEVEL`, `fk_grid_id`, `fk_web_site_id`, `icon`, `fk_base_category_id`, `base_id`, `show_in_left_menu`) VALUES ('4028ae316e971308016e973cfef40005', '统计管理', 'e5252b1826ac11e8ab1d001e671d0be8', NULL, NULL, '0', '11', '1', '2', NULL, '83356b76275211e8baa4fcaa140ebf84', NULL, NULL, 'a080c0efe95f46e39cae1eb5b641e9cf', '1');
INSERT INTO `pe_pri_category` (`ID`, `NAME`, `FK_PARENT_ID`, `CODE`, `PATH`, `FLAG_LEFT_MENU`, `serial_Number`, `isActive`, `LEVEL`, `fk_grid_id`, `fk_web_site_id`, `icon`, `fk_base_category_id`, `base_id`, `show_in_left_menu`) VALUES ('4028ae316e971308016e973d44e90006', '统计基础配置管理', '4028ae316e971308016e973cfef40005', NULL, NULL, '1', '0', '1', '3', NULL, '83356b76275211e8baa4fcaa140ebf84', NULL, '1283', 'c34d64e25a8940acabd5da9bde550e4e', '1');
INSERT INTO `pe_pri_category` (`ID`, `NAME`, `FK_PARENT_ID`, `CODE`, `PATH`, `FLAG_LEFT_MENU`, `serial_Number`, `isActive`, `LEVEL`, `fk_grid_id`, `fk_web_site_id`, `icon`, `fk_base_category_id`, `base_id`, `show_in_left_menu`) VALUES ('4028ae316e974108016e9743e5dd0000', '设置统计配置', '4028ae316e971308016e973d44e90006', NULL, NULL, '1', '0', '1', '4', NULL, '83356b76275211e8baa4fcaa140ebf84', NULL, '1284', '049d837332a640b6ac529e2fe0dfe5cf', '0');
INSERT INTO `pe_pri_category` (`ID`, `NAME`, `FK_PARENT_ID`, `CODE`, `PATH`, `FLAG_LEFT_MENU`, `serial_Number`, `isActive`, `LEVEL`, `fk_grid_id`, `fk_web_site_id`, `icon`, `fk_base_category_id`, `base_id`, `show_in_left_menu`) VALUES ('4028ae316ef7e982016ef80a23360007', '统计块配置管理', '4028ae316e971308016e973cfef40005', NULL, NULL, '1', '1', '1', '3', NULL, '83356b76275211e8baa4fcaa140ebf84', NULL, '1294', '153a48d37f8d4fa3a07e00ec94cde855', '1');
INSERT INTO `pe_pri_category` (`ID`, `NAME`, `FK_PARENT_ID`, `CODE`, `PATH`, `FLAG_LEFT_MENU`, `serial_Number`, `isActive`, `LEVEL`, `fk_grid_id`, `fk_web_site_id`, `icon`, `fk_base_category_id`, `base_id`, `show_in_left_menu`) VALUES ('4028ae316ef8124b016ef81c78850004', '统计看板配置管理', '4028ae316e971308016e973cfef40005', NULL, NULL, '1', '2', '1', '3', NULL, '83356b76275211e8baa4fcaa140ebf84', NULL, '1295', 'bd763aeff07b44d290e16b97335c475b', '1');
INSERT INTO `pe_pri_category` (`ID`, `NAME`, `FK_PARENT_ID`, `CODE`, `PATH`, `FLAG_LEFT_MENU`, `serial_Number`, `isActive`, `LEVEL`, `fk_grid_id`, `fk_web_site_id`, `icon`, `fk_base_category_id`, `base_id`, `show_in_left_menu`) VALUES ('4028ae316ef82461016ef82d5b4b0003', '统计看板关联块管理', '4028ae316ef8124b016ef81c78850004', NULL, NULL, '1', '0', '1', '4', NULL, '83356b76275211e8baa4fcaa140ebf84', NULL, '1296', '7d8a1abf768e4fd49fca15e8dddf775a', '0');
