/*
Navicat MySQL Data Transfer

Source Server         : 192.168.46.81测试
Source Server Version : 50622
Source Host           : 192.168.46.81:3306
Source Database       : site_manage_dev

Target Server Type    : MYSQL
Target Server Version : 50622
File Encoding         : 65001

Date: 2019-05-21 18:20:49
*/

SET FOREIGN_KEY_CHECKS=0;

-- ----------------------------
-- Table structure for pe_schedule_job
-- ----------------------------
DROP TABLE IF EXISTS `pe_schedule_job`;
CREATE TABLE `pe_schedule_job` (
  `ID` varchar(50) NOT NULL,
  `job_name` varchar(50) NOT NULL COMMENT '工作名称',
  `job_group` varchar(50) NOT NULL COMMENT '工作组名',
  `flag_job_valid` varchar(50) NOT NULL COMMENT '是否有效',
  `bean_class` varchar(150) DEFAULT NULL COMMENT '执行任务的类全限定名',
  `method_name` varchar(50) DEFAULT NULL COMMENT '执行任务的方法',
  `spring_id` varchar(50) DEFAULT NULL COMMENT '执行任务的springBean',
  `description` varchar(50) DEFAULT NULL COMMENT '任务描述',
  `update_date` datetime DEFAULT NULL COMMENT '更新时间',
  `input_date` datetime DEFAULT NULL COMMENT '创建任务时间',
  `version` int(9) DEFAULT '1' COMMENT '版本号',
  `flag_is_show` varchar(50) DEFAULT NULL COMMENT '管理端是否可见',
  `flag_is_singleton` varchar(50) DEFAULT NULL COMMENT '是否分布式单例',
  PRIMARY KEY (`ID`),
  UNIQUE KEY `schedule_job_name_unique` (`job_group`,`job_name`),
  KEY `FK2C63FFFDAD33341` (`flag_job_valid`),
  KEY `ID` (`ID`),
  CONSTRAINT `pe_schedule_job_ibfk_2` FOREIGN KEY (`flag_job_valid`) REFERENCES `enum_const` (`id`)
) ENGINE=InnoDB DEFAULT CHARSET=utf8;

INSERT INTO `enum_const` (`id`, `name`, `code`, `namespace`, `is_default`, `create_date`, `note`, `team`) VALUES ('193ED9439C83154BE050007F01003EBF', '有效', '1', 'FlagJobValid', '1', '2017-09-25 10:20:45', '定时任务是否有效', NULL);
INSERT INTO `enum_const` (`id`, `name`, `code`, `namespace`, `is_default`, `create_date`, `note`, `team`) VALUES ('193ED9439C84154BE050007F01003EBF', '无效', '0', 'FlagJobValid', '0', '2017-09-25 10:20:45', '定时任务是否有效', NULL);
INSERT INTO `enum_const` (`id`, `name`, `code`, `namespace`, `is_default`, `create_date`, `note`, `team`) VALUES ('760665d5460911e9a2c3fcaa140ebf84', '是', '1', 'FlagIsShow', '1', '2019-03-14 11:30:06', '是否显示', NULL);
INSERT INTO `enum_const` (`id`, `name`, `code`, `namespace`, `is_default`, `create_date`, `note`, `team`) VALUES ('760c8d8c460911e9a2c3fcaa140ebf84', '否', '0', 'FlagIsShow', '1', '2019-03-14 11:30:06', '是否显示', NULL);
INSERT INTO `enum_const` (`id`, `name`, `code`, `namespace`, `is_default`, `create_date`, `note`, `team`) VALUES ('4f6d91b94edd11e9a2c3fcaa140ebf84', '是', '1', 'FlagIsSingleton', '1', '2019-03-25 17:06:43', '是否是分布式单例', NULL);
INSERT INTO `enum_const` (`id`, `name`, `code`, `namespace`, `is_default`, `create_date`, `note`, `team`) VALUES ('4f723aee4edd11e9a2c3fcaa140ebf84', '否', '0', 'FlagIsSingleton', '0', '2019-03-25 17:06:43', '是否是分布式单例', NULL);


-- ----------------------------
-- Table structure for pe_schedule_job_record
-- ----------------------------
DROP TABLE IF EXISTS `pe_schedule_job_record`;
CREATE TABLE `pe_schedule_job_record` (
  `id` varchar(50) NOT NULL,
  `job_name` varchar(50) DEFAULT NULL COMMENT '任务名称',
  `job_group` varchar(50) DEFAULT NULL COMMENT '任务组名',
  `trigger_name` varchar(50) DEFAULT NULL COMMENT '触发器名称',
  `trigger_group` varchar(50) DEFAULT NULL COMMENT '触发器组名',
  `flag_job_status` varchar(50) DEFAULT NULL COMMENT '执行状态',
  `plan_time` datetime DEFAULT NULL COMMENT '计划执行时间',
  `start_time` datetime DEFAULT NULL COMMENT '开始执行时间',
  `end_time` datetime DEFAULT NULL COMMENT '结束执行时间',
  `next_time` datetime DEFAULT NULL COMMENT '下次计划执行时间',
  `init_data` text,
  `exception_message` varchar(2000) DEFAULT NULL COMMENT '异常信息',
  `execute_machine` varchar(25) NOT NULL COMMENT '执行机器',
  PRIMARY KEY (`id`),
  UNIQUE KEY `schedule_record_time_unique` (`job_group`,`job_name`,`trigger_group`,`trigger_name`,`plan_time`)
) ENGINE=InnoDB DEFAULT CHARSET=utf8;

INSERT INTO `enum_const` (`id`, `name`, `code`, `namespace`, `is_default`, `create_date`, `note`, `team`) VALUES ('19BF5489AAF08C19E050007F01005C28', '执行中', '1', 'FlagJobStatus', '1', '2017-09-25 10:20:45', '任务状态', NULL);
INSERT INTO `enum_const` (`id`, `name`, `code`, `namespace`, `is_default`, `create_date`, `note`, `team`) VALUES ('19BF5489AAF18C19E050007F01005C28', '成功', '2', 'FlagJobStatus', '0', '2017-09-25 10:20:45', '任务状态', NULL);
INSERT INTO `enum_const` (`id`, `name`, `code`, `namespace`, `is_default`, `create_date`, `note`, `team`) VALUES ('19BF5489AAF28C19E050007F01005C28', '失败', '3', 'FlagJobStatus', '0', '2017-09-25 10:20:45', '任务状态', NULL);


-- ----------------------------
-- Table structure for pe_schedule_trigger
-- ----------------------------
DROP TABLE IF EXISTS `pe_schedule_trigger`;
CREATE TABLE `pe_schedule_trigger` (
  `id` varchar(50) NOT NULL,
  `trigger_name` varchar(50) NOT NULL COMMENT '触发器名称',
  `trigger_group` varchar(50) DEFAULT NULL COMMENT '触发器组名',
  `fk_job_id` varchar(50) NOT NULL COMMENT '所属任务',
  `cron_expression` varchar(50) DEFAULT NULL,
  `data` text,
  `update_date` datetime DEFAULT NULL COMMENT '更新时间',
  `input_date` datetime DEFAULT NULL COMMENT '创建时间',
  `flag_job_valid` varchar(50) NOT NULL COMMENT '是否有效',
  `trigger_date` datetime DEFAULT NULL COMMENT '触发时间',
  PRIMARY KEY (`id`),
  UNIQUE KEY `schedule_trigger_name_unique` (`trigger_group`,`trigger_name`),
  KEY `trigger_job_status_index` (`flag_job_valid`),
  KEY `schedule_trigger_job_fk` (`fk_job_id`),
  CONSTRAINT `pe_schedule_trigger_ibfk_1` FOREIGN KEY (`fk_job_id`) REFERENCES `pe_schedule_job` (`ID`),
  CONSTRAINT `trigger_job_status_fk` FOREIGN KEY (`flag_job_valid`) REFERENCES `enum_const` (`id`)
) ENGINE=InnoDB DEFAULT CHARSET=utf8;

INSERT INTO `grid_basic_config` (`id`, `title`, `can_search`, `can_add`, `can_delete`, `can_update`, `can_batch_add`, `can_projections`, `first_search`, `entity_class`, `note`, `list_type`, `dc`, `flag_active`, `flag_bak`, `dateFormat`, `sqlstr`, `statistics`, `s_note`, `update_note`, `is_enum`, `countsql`, `isGroupSql`, `LIST_FUNCTION`, `FLAG_INTE_ACTIVE`, `fk_web_site_id`, `can_checked_all`, `add_mode`, `add_cmp_name`, `fk_chart_id`) VALUES ('scheduleJobManage', '调度任务管理', '1', NULL, NULL, NULL, NULL, '0', '0', 'com.whaty.schedule.bean.PeScheduleJob', NULL, '0', 'PeScheduleJob;enumConstByFlagJobValid;enumConstByFlagIsShow,{code:=1};', '4028809c1d625bcf011d66fd0dda0006', NULL, NULL, NULL, NULL, NULL, NULL, NULL, NULL, NULL, '0', NULL, '83356b76275211e8baa4fcaa140ebf84', '1', 'dialog', NULL, NULL);
INSERT INTO `grid_basic_config` (`id`, `title`, `can_search`, `can_add`, `can_delete`, `can_update`, `can_batch_add`, `can_projections`, `first_search`, `entity_class`, `note`, `list_type`, `dc`, `flag_active`, `flag_bak`, `dateFormat`, `sqlstr`, `statistics`, `s_note`, `update_note`, `is_enum`, `countsql`, `isGroupSql`, `LIST_FUNCTION`, `FLAG_INTE_ACTIVE`, `fk_web_site_id`, `can_checked_all`, `add_mode`, `add_cmp_name`, `fk_chart_id`) VALUES ('scheduleJobRecordShow', '调度记录查询', '1', NULL, NULL, NULL, NULL, '0', '0', 'com.whaty.schedule.bean.PeScheduleJobRecord', NULL, '0', 'PeScheduleJobRecord;enumConstByFlagJobStatus;', '4028809c1d625bcf011d66fd0dda0006', NULL, NULL, NULL, NULL, NULL, NULL, NULL, NULL, NULL, '0', NULL, '83356b76275211e8baa4fcaa140ebf84', '1', 'dialog', NULL, NULL);
INSERT INTO `grid_basic_config` (`id`, `title`, `can_search`, `can_add`, `can_delete`, `can_update`, `can_batch_add`, `can_projections`, `first_search`, `entity_class`, `note`, `list_type`, `dc`, `flag_active`, `flag_bak`, `dateFormat`, `sqlstr`, `statistics`, `s_note`, `update_note`, `is_enum`, `countsql`, `isGroupSql`, `LIST_FUNCTION`, `FLAG_INTE_ACTIVE`, `fk_web_site_id`, `can_checked_all`, `add_mode`, `add_cmp_name`, `fk_chart_id`) VALUES ('scheduleJobTriggerManage', '调度时间管理', '1', NULL, NULL, NULL, NULL, '0', '0', 'com.whaty.schedule.bean.PeScheduleTrigger', NULL, '0', 'PeScheduleTrigger;enumConstByFlagJobValid;', '4028809c1d625bcf011d66fd0dda0006', NULL, NULL, NULL, NULL, NULL, NULL, NULL, NULL, NULL, '0', NULL, '83356b76275211e8baa4fcaa140ebf84', '1', 'dialog', NULL, NULL);
INSERT INTO `grid_column_config` (`ID`, `fk_action_grid_config_id`, `name`, `dataindex`, `data_column`, `search`, `to_add`, `column_can_update`, `list`, `report`, `type`, `dateFormat`, `allow_blank`, `max_length`, `check_message`, `check_regular`, `text_field_parameters`, `combo_sql`, `serial_number`, `flag_active`, `flag_bak`, `user_type`, `team`, `s_note`, `sql_result`, `is_html`, `default_text`, `cascade_columns`) VALUES ('4028ae316904a6d8016904a760160000', 'scheduleJobManage', 'id', 'id', '', '0', '0', '0', '0', '0', 'TextField', 'yyyy-MM-dd', '1', '50', '', '', NULL, '', '0', '4028809c1d625bcf011d66fd0dda0006', NULL, NULL, '', '', '', NULL, '', NULL);
INSERT INTO `grid_column_config` (`ID`, `fk_action_grid_config_id`, `name`, `dataindex`, `data_column`, `search`, `to_add`, `column_can_update`, `list`, `report`, `type`, `dateFormat`, `allow_blank`, `max_length`, `check_message`, `check_regular`, `text_field_parameters`, `combo_sql`, `serial_number`, `flag_active`, `flag_bak`, `user_type`, `team`, `s_note`, `sql_result`, `is_html`, `default_text`, `cascade_columns`) VALUES ('4028ae316904a6d8016904a7cd560001', 'scheduleJobManage', '组', 'group', '', '1', '1', '0', '1', '1', 'TextField', 'yyyy-MM-dd', '0', '50', '', '', NULL, '', '1', '4028809c1d625bcf011d66fd0dda0006', NULL, NULL, '', '', '', NULL, '', NULL);
INSERT INTO `grid_column_config` (`ID`, `fk_action_grid_config_id`, `name`, `dataindex`, `data_column`, `search`, `to_add`, `column_can_update`, `list`, `report`, `type`, `dateFormat`, `allow_blank`, `max_length`, `check_message`, `check_regular`, `text_field_parameters`, `combo_sql`, `serial_number`, `flag_active`, `flag_bak`, `user_type`, `team`, `s_note`, `sql_result`, `is_html`, `default_text`, `cascade_columns`) VALUES ('4028ae316904a6d8016904a807100002', 'scheduleJobManage', '名称', 'name', '', '1', '1', '0', '1', '1', 'TextField', 'yyyy-MM-dd', '0', '50', '', '', NULL, '', '2', '4028809c1d625bcf011d66fd0dda0006', NULL, NULL, '', '', '', NULL, '', NULL);
INSERT INTO `grid_column_config` (`ID`, `fk_action_grid_config_id`, `name`, `dataindex`, `data_column`, `search`, `to_add`, `column_can_update`, `list`, `report`, `type`, `dateFormat`, `allow_blank`, `max_length`, `check_message`, `check_regular`, `text_field_parameters`, `combo_sql`, `serial_number`, `flag_active`, `flag_bak`, `user_type`, `team`, `s_note`, `sql_result`, `is_html`, `default_text`, `cascade_columns`) VALUES ('4028ae316904a6d8016904a8981b0003', 'scheduleJobManage', '执行类全限定名', 'beanClass', '', '1', '1', '0', '1', '1', 'TextField', 'yyyy-MM-dd', '1', '50', '', '', NULL, '', '3', '4028809c1d625bcf011d66fd0dda0006', NULL, NULL, '', '', '', NULL, '', NULL);
INSERT INTO `grid_column_config` (`ID`, `fk_action_grid_config_id`, `name`, `dataindex`, `data_column`, `search`, `to_add`, `column_can_update`, `list`, `report`, `type`, `dateFormat`, `allow_blank`, `max_length`, `check_message`, `check_regular`, `text_field_parameters`, `combo_sql`, `serial_number`, `flag_active`, `flag_bak`, `user_type`, `team`, `s_note`, `sql_result`, `is_html`, `default_text`, `cascade_columns`) VALUES ('4028ae316904a6d8016904a91a580004', 'scheduleJobManage', 'IOC容器中名称', 'springId', '', '1', '1', '0', '1', '1', 'TextField', 'yyyy-MM-dd', '1', '50', '', '', NULL, '', '4', '4028809c1d625bcf011d66fd0dda0006', NULL, NULL, '', '', '', NULL, '', NULL);
INSERT INTO `grid_column_config` (`ID`, `fk_action_grid_config_id`, `name`, `dataindex`, `data_column`, `search`, `to_add`, `column_can_update`, `list`, `report`, `type`, `dateFormat`, `allow_blank`, `max_length`, `check_message`, `check_regular`, `text_field_parameters`, `combo_sql`, `serial_number`, `flag_active`, `flag_bak`, `user_type`, `team`, `s_note`, `sql_result`, `is_html`, `default_text`, `cascade_columns`) VALUES ('4028ae316904a6d8016904a975900005', 'scheduleJobManage', '执行方法', 'methodName', '', '1', '1', '0', '1', '1', 'TextField', 'yyyy-MM-dd', '0', '50', '', '', NULL, '', '5', '4028809c1d625bcf011d66fd0dda0006', NULL, NULL, '', '', '', NULL, '', NULL);
INSERT INTO `grid_column_config` (`ID`, `fk_action_grid_config_id`, `name`, `dataindex`, `data_column`, `search`, `to_add`, `column_can_update`, `list`, `report`, `type`, `dateFormat`, `allow_blank`, `max_length`, `check_message`, `check_regular`, `text_field_parameters`, `combo_sql`, `serial_number`, `flag_active`, `flag_bak`, `user_type`, `team`, `s_note`, `sql_result`, `is_html`, `default_text`, `cascade_columns`) VALUES ('4028ae316904a6d8016904a9c10b0006', 'scheduleJobManage', '任务描述', 'description', '', '1', '1', '0', '1', '1', 'TextField', 'yyyy-MM-dd', '1', '50', '', '', NULL, '', '6', '4028809c1d625bcf011d66fd0dda0006', NULL, NULL, '', '', '', NULL, '', NULL);
INSERT INTO `grid_column_config` (`ID`, `fk_action_grid_config_id`, `name`, `dataindex`, `data_column`, `search`, `to_add`, `column_can_update`, `list`, `report`, `type`, `dateFormat`, `allow_blank`, `max_length`, `check_message`, `check_regular`, `text_field_parameters`, `combo_sql`, `serial_number`, `flag_active`, `flag_bak`, `user_type`, `team`, `s_note`, `sql_result`, `is_html`, `default_text`, `cascade_columns`) VALUES ('4028ae316904a6d8016904aa45740007', 'scheduleJobManage', '是否有效', 'enumConstByFlagJobValid.name', '', '1', '1', '0', '1', '1', 'TextField', 'yyyy-MM-dd', '0', '50', '', '', NULL, '', '7', '4028809c1d625bcf011d66fd0dda0006', NULL, NULL, '', '', '', NULL, '', NULL);
INSERT INTO `grid_column_config` (`ID`, `fk_action_grid_config_id`, `name`, `dataindex`, `data_column`, `search`, `to_add`, `column_can_update`, `list`, `report`, `type`, `dateFormat`, `allow_blank`, `max_length`, `check_message`, `check_regular`, `text_field_parameters`, `combo_sql`, `serial_number`, `flag_active`, `flag_bak`, `user_type`, `team`, `s_note`, `sql_result`, `is_html`, `default_text`, `cascade_columns`) VALUES ('4028ae316904a6d8016904aaa4ff0008', 'scheduleJobManage', 'enumConstByFlagJobValid.id', 'enumConstByFlagJobValid.id', '', '0', '0', '0', '0', '0', 'TextField', 'yyyy-MM-dd', '1', '50', '', '', NULL, '', '8', '4028809c1d625bcf011d66fd0dda0006', NULL, NULL, '', '', '', NULL, '', NULL);
INSERT INTO `grid_column_config` (`ID`, `fk_action_grid_config_id`, `name`, `dataindex`, `data_column`, `search`, `to_add`, `column_can_update`, `list`, `report`, `type`, `dateFormat`, `allow_blank`, `max_length`, `check_message`, `check_regular`, `text_field_parameters`, `combo_sql`, `serial_number`, `flag_active`, `flag_bak`, `user_type`, `team`, `s_note`, `sql_result`, `is_html`, `default_text`, `cascade_columns`) VALUES ('4028ae31690dd82901690ddddde70003', 'scheduleJobRecordShow', 'id', 'id', '', '0', '0', '0', '0', '0', 'TextField', 'yyyy-MM-dd', '1', '50', '', '', NULL, '', '0', '4028809c1d625bcf011d66fd0dda0006', NULL, NULL, '', '', '', NULL, '', NULL);
INSERT INTO `grid_column_config` (`ID`, `fk_action_grid_config_id`, `name`, `dataindex`, `data_column`, `search`, `to_add`, `column_can_update`, `list`, `report`, `type`, `dateFormat`, `allow_blank`, `max_length`, `check_message`, `check_regular`, `text_field_parameters`, `combo_sql`, `serial_number`, `flag_active`, `flag_bak`, `user_type`, `team`, `s_note`, `sql_result`, `is_html`, `default_text`, `cascade_columns`) VALUES ('4028ae31690dd82901690dde269b0004', 'scheduleJobRecordShow', '组', 'jobGroup', '', '1', '0', '0', '1', '1', 'TextField', 'yyyy-MM-dd', '1', '50', '', '', NULL, '', '1', '4028809c1d625bcf011d66fd0dda0006', NULL, NULL, '', '', '', NULL, '', NULL);
INSERT INTO `grid_column_config` (`ID`, `fk_action_grid_config_id`, `name`, `dataindex`, `data_column`, `search`, `to_add`, `column_can_update`, `list`, `report`, `type`, `dateFormat`, `allow_blank`, `max_length`, `check_message`, `check_regular`, `text_field_parameters`, `combo_sql`, `serial_number`, `flag_active`, `flag_bak`, `user_type`, `team`, `s_note`, `sql_result`, `is_html`, `default_text`, `cascade_columns`) VALUES ('4028ae31690dd82901690dde68e40005', 'scheduleJobRecordShow', '名称', 'jobName', '', '1', '0', '0', '1', '1', 'TextField', 'yyyy-MM-dd', '1', '50', '', '', NULL, '', '2', '4028809c1d625bcf011d66fd0dda0006', NULL, NULL, '', '', '', NULL, '', NULL);
INSERT INTO `grid_column_config` (`ID`, `fk_action_grid_config_id`, `name`, `dataindex`, `data_column`, `search`, `to_add`, `column_can_update`, `list`, `report`, `type`, `dateFormat`, `allow_blank`, `max_length`, `check_message`, `check_regular`, `text_field_parameters`, `combo_sql`, `serial_number`, `flag_active`, `flag_bak`, `user_type`, `team`, `s_note`, `sql_result`, `is_html`, `default_text`, `cascade_columns`) VALUES ('4028ae31690dd82901690ddeb8890006', 'scheduleJobRecordShow', '触发器组', 'triggerGroup', '', '1', '0', '0', '1', '1', 'TextField', 'yyyy-MM-dd', '1', '50', '', '', NULL, '', '3', '4028809c1d625bcf011d66fd0dda0006', NULL, NULL, '', '', '', NULL, '', NULL);
INSERT INTO `grid_column_config` (`ID`, `fk_action_grid_config_id`, `name`, `dataindex`, `data_column`, `search`, `to_add`, `column_can_update`, `list`, `report`, `type`, `dateFormat`, `allow_blank`, `max_length`, `check_message`, `check_regular`, `text_field_parameters`, `combo_sql`, `serial_number`, `flag_active`, `flag_bak`, `user_type`, `team`, `s_note`, `sql_result`, `is_html`, `default_text`, `cascade_columns`) VALUES ('4028ae31690dd82901690ddf018f0007', 'scheduleJobRecordShow', '触发器名称', 'triggerName', '', '1', '0', '0', '1', '1', 'TextField', 'yyyy-MM-dd', '1', '50', '', '', NULL, '', '4', '4028809c1d625bcf011d66fd0dda0006', NULL, NULL, '', '', '', NULL, '', NULL);
INSERT INTO `grid_column_config` (`ID`, `fk_action_grid_config_id`, `name`, `dataindex`, `data_column`, `search`, `to_add`, `column_can_update`, `list`, `report`, `type`, `dateFormat`, `allow_blank`, `max_length`, `check_message`, `check_regular`, `text_field_parameters`, `combo_sql`, `serial_number`, `flag_active`, `flag_bak`, `user_type`, `team`, `s_note`, `sql_result`, `is_html`, `default_text`, `cascade_columns`) VALUES ('4028ae31690dd82901690ddf6c020008', 'scheduleJobRecordShow', '状态', 'enumConstByFlagJobStatus.name', '', '1', '0', '0', '1', '1', 'TextField', 'yyyy-MM-dd', '1', '50', '', '', NULL, '', '5', '4028809c1d625bcf011d66fd0dda0006', NULL, NULL, '', '', '', NULL, '', NULL);
INSERT INTO `grid_column_config` (`ID`, `fk_action_grid_config_id`, `name`, `dataindex`, `data_column`, `search`, `to_add`, `column_can_update`, `list`, `report`, `type`, `dateFormat`, `allow_blank`, `max_length`, `check_message`, `check_regular`, `text_field_parameters`, `combo_sql`, `serial_number`, `flag_active`, `flag_bak`, `user_type`, `team`, `s_note`, `sql_result`, `is_html`, `default_text`, `cascade_columns`) VALUES ('4028ae31690dd82901690ddfaef30009', 'scheduleJobRecordShow', '计划执行时间', 'planTime', '', '1', '0', '0', '1', '1', 'datetime', 'yyyy-MM-dd HH:mm:ss', '1', '50', '', '', NULL, '', '6', '4028809c1d625bcf011d66fd0dda0006', NULL, NULL, '', '', '', NULL, '', NULL);
INSERT INTO `grid_column_config` (`ID`, `fk_action_grid_config_id`, `name`, `dataindex`, `data_column`, `search`, `to_add`, `column_can_update`, `list`, `report`, `type`, `dateFormat`, `allow_blank`, `max_length`, `check_message`, `check_regular`, `text_field_parameters`, `combo_sql`, `serial_number`, `flag_active`, `flag_bak`, `user_type`, `team`, `s_note`, `sql_result`, `is_html`, `default_text`, `cascade_columns`) VALUES ('4028ae31690dd82901690de083a3000a', 'scheduleJobRecordShow', '开始时间', 'startTime', '', '1', '0', '0', '1', '1', 'datetime', 'yyyy-MM-dd HH:mm:ss', '1', '50', '', '', NULL, '', '7', '4028809c1d625bcf011d66fd0dda0006', NULL, NULL, '', '', '', NULL, '', NULL);
INSERT INTO `grid_column_config` (`ID`, `fk_action_grid_config_id`, `name`, `dataindex`, `data_column`, `search`, `to_add`, `column_can_update`, `list`, `report`, `type`, `dateFormat`, `allow_blank`, `max_length`, `check_message`, `check_regular`, `text_field_parameters`, `combo_sql`, `serial_number`, `flag_active`, `flag_bak`, `user_type`, `team`, `s_note`, `sql_result`, `is_html`, `default_text`, `cascade_columns`) VALUES ('4028ae31690dd82901690de10a30000b', 'scheduleJobRecordShow', '结束时间', 'endTime', '', '1', '0', '0', '1', '1', 'date', 'yyyy-MM-dd HH:mm:ss', '1', '50', '', '', NULL, '', '8', '4028809c1d625bcf011d66fd0dda0006', NULL, NULL, '', '', '', NULL, '', NULL);
INSERT INTO `grid_column_config` (`ID`, `fk_action_grid_config_id`, `name`, `dataindex`, `data_column`, `search`, `to_add`, `column_can_update`, `list`, `report`, `type`, `dateFormat`, `allow_blank`, `max_length`, `check_message`, `check_regular`, `text_field_parameters`, `combo_sql`, `serial_number`, `flag_active`, `flag_bak`, `user_type`, `team`, `s_note`, `sql_result`, `is_html`, `default_text`, `cascade_columns`) VALUES ('4028ae31690dd82901690de176ca000c', 'scheduleJobRecordShow', '下次执行时间', 'nextTime', '', '1', '0', '0', '1', '1', 'datetime', 'yyyy-MM-dd HH:mm:ss', '1', '50', '', '', NULL, '', '9', '4028809c1d625bcf011d66fd0dda0006', NULL, NULL, '', '', '', NULL, '', NULL);
INSERT INTO `grid_column_config` (`ID`, `fk_action_grid_config_id`, `name`, `dataindex`, `data_column`, `search`, `to_add`, `column_can_update`, `list`, `report`, `type`, `dateFormat`, `allow_blank`, `max_length`, `check_message`, `check_regular`, `text_field_parameters`, `combo_sql`, `serial_number`, `flag_active`, `flag_bak`, `user_type`, `team`, `s_note`, `sql_result`, `is_html`, `default_text`, `cascade_columns`) VALUES ('4028ae31690dd82901690de1be38000d', 'scheduleJobRecordShow', '执行参数', 'initData', '', '1', '0', '0', '1', '1', 'TextField', 'yyyy-MM-dd', '1', '50', '', '', NULL, '', '10', '4028809c1d625bcf011d66fd0dda0006', NULL, NULL, '', '', '', NULL, '', NULL);
INSERT INTO `grid_column_config` (`ID`, `fk_action_grid_config_id`, `name`, `dataindex`, `data_column`, `search`, `to_add`, `column_can_update`, `list`, `report`, `type`, `dateFormat`, `allow_blank`, `max_length`, `check_message`, `check_regular`, `text_field_parameters`, `combo_sql`, `serial_number`, `flag_active`, `flag_bak`, `user_type`, `team`, `s_note`, `sql_result`, `is_html`, `default_text`, `cascade_columns`) VALUES ('4028ae31690dd82901690de214a3000e', 'scheduleJobRecordShow', '异常信息', 'exceptionMessage', '', '1', '0', '0', '1', '1', 'TextField', 'yyyy-MM-dd', '1', '50', '', '', NULL, '', '11', '4028809c1d625bcf011d66fd0dda0006', NULL, NULL, '', '', '', NULL, '', NULL);
INSERT INTO `grid_column_config` (`ID`, `fk_action_grid_config_id`, `name`, `dataindex`, `data_column`, `search`, `to_add`, `column_can_update`, `list`, `report`, `type`, `dateFormat`, `allow_blank`, `max_length`, `check_message`, `check_regular`, `text_field_parameters`, `combo_sql`, `serial_number`, `flag_active`, `flag_bak`, `user_type`, `team`, `s_note`, `sql_result`, `is_html`, `default_text`, `cascade_columns`) VALUES ('4028ae316913114a0169131471270003', 'scheduleJobRecordShow', '执行机', 'executeMachine', '', '1', '0', '0', '1', '1', 'TextField', 'yyyy-MM-dd', '1', '50', '', '', NULL, '', '12', '4028809c1d625bcf011d66fd0dda0006', NULL, NULL, '', '', '', NULL, '', NULL);
INSERT INTO `grid_column_config` (`ID`, `fk_action_grid_config_id`, `name`, `dataindex`, `data_column`, `search`, `to_add`, `column_can_update`, `list`, `report`, `type`, `dateFormat`, `allow_blank`, `max_length`, `check_message`, `check_regular`, `text_field_parameters`, `combo_sql`, `serial_number`, `flag_active`, `flag_bak`, `user_type`, `team`, `s_note`, `sql_result`, `is_html`, `default_text`, `cascade_columns`) VALUES ('4028ae316909c14c016909cf59380002', 'scheduleJobTriggerManage', 'id', 'id', '', '0', '0', '0', '0', '0', 'TextField', 'yyyy-MM-dd', '1', '50', '', '', NULL, '', '0', '4028809c1d625bcf011d66fd0dda0006', NULL, NULL, '', '', '', NULL, '', NULL);
INSERT INTO `grid_column_config` (`ID`, `fk_action_grid_config_id`, `name`, `dataindex`, `data_column`, `search`, `to_add`, `column_can_update`, `list`, `report`, `type`, `dateFormat`, `allow_blank`, `max_length`, `check_message`, `check_regular`, `text_field_parameters`, `combo_sql`, `serial_number`, `flag_active`, `flag_bak`, `user_type`, `team`, `s_note`, `sql_result`, `is_html`, `default_text`, `cascade_columns`) VALUES ('4028ae316909c14c016909cfa35e0003', 'scheduleJobTriggerManage', '组', 'group', '', '1', '1', '0', '1', '1', 'TextField', 'yyyy-MM-dd', '0', '50', '', '', NULL, '', '1', '4028809c1d625bcf011d66fd0dda0006', NULL, NULL, '', '', '', NULL, '', NULL);
INSERT INTO `grid_column_config` (`ID`, `fk_action_grid_config_id`, `name`, `dataindex`, `data_column`, `search`, `to_add`, `column_can_update`, `list`, `report`, `type`, `dateFormat`, `allow_blank`, `max_length`, `check_message`, `check_regular`, `text_field_parameters`, `combo_sql`, `serial_number`, `flag_active`, `flag_bak`, `user_type`, `team`, `s_note`, `sql_result`, `is_html`, `default_text`, `cascade_columns`) VALUES ('4028ae316909c14c016909cfd2540004', 'scheduleJobTriggerManage', '名称', 'name', '', '1', '1', '0', '1', '1', 'TextField', 'yyyy-MM-dd', '0', '50', '', '', NULL, '', '2', '4028809c1d625bcf011d66fd0dda0006', NULL, NULL, '', '', '', NULL, '', NULL);
INSERT INTO `grid_column_config` (`ID`, `fk_action_grid_config_id`, `name`, `dataindex`, `data_column`, `search`, `to_add`, `column_can_update`, `list`, `report`, `type`, `dateFormat`, `allow_blank`, `max_length`, `check_message`, `check_regular`, `text_field_parameters`, `combo_sql`, `serial_number`, `flag_active`, `flag_bak`, `user_type`, `team`, `s_note`, `sql_result`, `is_html`, `default_text`, `cascade_columns`) VALUES ('4028ae316909c14c016909ed23bb0005', 'scheduleJobTriggerManage', '是否有效', 'enumConstByFlagJobValid.name', '', '1', '1', '0', '1', '1', 'TextField', 'yyyy-MM-dd', '0', '50', '', '', NULL, '', '3', '4028809c1d625bcf011d66fd0dda0006', NULL, NULL, '', '', '', NULL, '', NULL);
INSERT INTO `grid_column_config` (`ID`, `fk_action_grid_config_id`, `name`, `dataindex`, `data_column`, `search`, `to_add`, `column_can_update`, `list`, `report`, `type`, `dateFormat`, `allow_blank`, `max_length`, `check_message`, `check_regular`, `text_field_parameters`, `combo_sql`, `serial_number`, `flag_active`, `flag_bak`, `user_type`, `team`, `s_note`, `sql_result`, `is_html`, `default_text`, `cascade_columns`) VALUES ('4028ae316909c14c016909ed5d960006', 'scheduleJobTriggerManage', 'enumConstByFlagJobValid.id', 'enumConstByFlagJobValid.id', '', '0', '0', '0', '0', '0', 'TextField', 'yyyy-MM-dd', '1', '50', '', '', NULL, '', '4', '4028809c1d625bcf011d66fd0dda0006', NULL, NULL, '', '', '', NULL, '', NULL);
INSERT INTO `grid_column_config` (`ID`, `fk_action_grid_config_id`, `name`, `dataindex`, `data_column`, `search`, `to_add`, `column_can_update`, `list`, `report`, `type`, `dateFormat`, `allow_blank`, `max_length`, `check_message`, `check_regular`, `text_field_parameters`, `combo_sql`, `serial_number`, `flag_active`, `flag_bak`, `user_type`, `team`, `s_note`, `sql_result`, `is_html`, `default_text`, `cascade_columns`) VALUES ('4028ae316909f753016909fb2b8f0002', 'scheduleJobTriggerManage', 'cron表达式', 'cronExpression', '', '1', '1', '0', '1', '1', 'TextField', 'yyyy-MM-dd', '1', '50', '', '', NULL, '', '5', '4028809c1d625bcf011d66fd0dda0006', NULL, NULL, '', '', '', NULL, '', NULL);
INSERT INTO `grid_column_config` (`ID`, `fk_action_grid_config_id`, `name`, `dataindex`, `data_column`, `search`, `to_add`, `column_can_update`, `list`, `report`, `type`, `dateFormat`, `allow_blank`, `max_length`, `check_message`, `check_regular`, `text_field_parameters`, `combo_sql`, `serial_number`, `flag_active`, `flag_bak`, `user_type`, `team`, `s_note`, `sql_result`, `is_html`, `default_text`, `cascade_columns`) VALUES ('4028ae31690db61d01690dba022a0003', 'scheduleJobTriggerManage', '传递参数', 'data', '', '1', '1', '0', '1', '1', 'TextField', 'yyyy-MM-dd', '1', '50', '', '', NULL, '', '6', '4028809c1d625bcf011d66fd0dda0006', NULL, NULL, '', '', '', NULL, '', NULL);
INSERT INTO `grid_column_config` (`ID`, `fk_action_grid_config_id`, `name`, `dataindex`, `data_column`, `search`, `to_add`, `column_can_update`, `list`, `report`, `type`, `dateFormat`, `allow_blank`, `max_length`, `check_message`, `check_regular`, `text_field_parameters`, `combo_sql`, `serial_number`, `flag_active`, `flag_bak`, `user_type`, `team`, `s_note`, `sql_result`, `is_html`, `default_text`, `cascade_columns`) VALUES ('4028ae31698e4ecc01698ebba9780000', 'scheduleJobTriggerManage', '调度时间（只执行一次）', 'triggerTime', '', '1', '1', '0', '1', '1', 'datetime', 'yyyy-MM-dd HH:mm:ss', '1', '50', '', '', NULL, '', '7', '4028809c1d625bcf011d66fd0dda0006', NULL, NULL, '', '', '', NULL, '', NULL);
INSERT INTO `grid_menu_config` (`fk_grid_id`, `flag_menu_type`, `flag_integrated_menu_type`, `text`, `show_type`, `column_type`, `must_select_row`, `select_limit`, `data_index`, `null_text`, `show_confirm`, `confirm_text`, `url`, `extra_parameters`, `waiting_msg`, `success_msg`, `error_msg`, `open_mode`, `form_config`, `user_type`, `flag_is_valid`, `serial_number`, `script`, `column_data_index`, `value`, `tips`, `extend_menu_config`) VALUES ('scheduleJobManage', NULL, 'd54b3e85479a11e89697fcaa140ebf84', '添加', '', '', '0', '0', '', NULL, NULL, NULL, NULL, NULL, NULL, NULL, NULL, NULL, NULL, NULL, '2', '1', NULL, NULL, NULL, NULL, NULL);
INSERT INTO `grid_menu_config` (`fk_grid_id`, `flag_menu_type`, `flag_integrated_menu_type`, `text`, `show_type`, `column_type`, `must_select_row`, `select_limit`, `data_index`, `null_text`, `show_confirm`, `confirm_text`, `url`, `extra_parameters`, `waiting_msg`, `success_msg`, `error_msg`, `open_mode`, `form_config`, `user_type`, `flag_is_valid`, `serial_number`, `script`, `column_data_index`, `value`, `tips`, `extend_menu_config`) VALUES ('scheduleJobManage', NULL, 'fc43396e479a11e89697fcaa140ebf84', '修改', '', '', '0', '0', '', NULL, NULL, NULL, NULL, NULL, NULL, NULL, NULL, NULL, NULL, NULL, '2', '2', NULL, NULL, NULL, NULL, NULL);
INSERT INTO `grid_menu_config` (`fk_grid_id`, `flag_menu_type`, `flag_integrated_menu_type`, `text`, `show_type`, `column_type`, `must_select_row`, `select_limit`, `data_index`, `null_text`, `show_confirm`, `confirm_text`, `url`, `extra_parameters`, `waiting_msg`, `success_msg`, `error_msg`, `open_mode`, `form_config`, `user_type`, `flag_is_valid`, `serial_number`, `script`, `column_data_index`, `value`, `tips`, `extend_menu_config`) VALUES ('scheduleJobManage', NULL, '030ebfea479b11e89697fcaa140ebf84', '删除', '', '', '0', '0', '', NULL, NULL, NULL, NULL, NULL, NULL, NULL, NULL, NULL, NULL, NULL, '2', '3', NULL, NULL, NULL, NULL, NULL);
INSERT INTO `grid_menu_config` (`fk_grid_id`, `flag_menu_type`, `flag_integrated_menu_type`, `text`, `show_type`, `column_type`, `must_select_row`, `select_limit`, `data_index`, `null_text`, `show_confirm`, `confirm_text`, `url`, `extra_parameters`, `waiting_msg`, `success_msg`, `error_msg`, `open_mode`, `form_config`, `user_type`, `flag_is_valid`, `serial_number`, `script`, `column_data_index`, `value`, `tips`, `extend_menu_config`) VALUES ('scheduleJobManage', NULL, 'f82ae75b479a11e89697fcaa140ebf84', '批量导入', '', '', '0', '0', '', NULL, NULL, NULL, NULL, NULL, NULL, NULL, NULL, NULL, NULL, NULL, '2', '4', NULL, NULL, NULL, NULL, NULL);
INSERT INTO `grid_menu_config` (`fk_grid_id`, `flag_menu_type`, `flag_integrated_menu_type`, `text`, `show_type`, `column_type`, `must_select_row`, `select_limit`, `data_index`, `null_text`, `show_confirm`, `confirm_text`, `url`, `extra_parameters`, `waiting_msg`, `success_msg`, `error_msg`, `open_mode`, `form_config`, `user_type`, `flag_is_valid`, `serial_number`, `script`, `column_data_index`, `value`, `tips`, `extend_menu_config`) VALUES ('scheduleJobManage', 'a92817f1361611e8a37efcaa140ebf84', NULL, '触发器管理', 'column', 'right', '0', '1', 'id', '', '1', '', NULL, NULL, '', NULL, NULL, '_blank', NULL, NULL, '2', '1', NULL, NULL, NULL, '', '{\"routerName\": \"scheduleJobTriggerManage\", \"fieldName\": \"parentId\"}');
INSERT INTO `grid_menu_config` (`fk_grid_id`, `flag_menu_type`, `flag_integrated_menu_type`, `text`, `show_type`, `column_type`, `must_select_row`, `select_limit`, `data_index`, `null_text`, `show_confirm`, `confirm_text`, `url`, `extra_parameters`, `waiting_msg`, `success_msg`, `error_msg`, `open_mode`, `form_config`, `user_type`, `flag_is_valid`, `serial_number`, `script`, `column_data_index`, `value`, `tips`, `extend_menu_config`) VALUES ('scheduleJobTriggerManage', NULL, 'd54b3e85479a11e89697fcaa140ebf84', '添加', '', '', '0', '0', '', NULL, NULL, NULL, NULL, NULL, NULL, NULL, NULL, NULL, NULL, NULL, '2', '1', NULL, NULL, NULL, NULL, NULL);
INSERT INTO `grid_menu_config` (`fk_grid_id`, `flag_menu_type`, `flag_integrated_menu_type`, `text`, `show_type`, `column_type`, `must_select_row`, `select_limit`, `data_index`, `null_text`, `show_confirm`, `confirm_text`, `url`, `extra_parameters`, `waiting_msg`, `success_msg`, `error_msg`, `open_mode`, `form_config`, `user_type`, `flag_is_valid`, `serial_number`, `script`, `column_data_index`, `value`, `tips`, `extend_menu_config`) VALUES ('scheduleJobTriggerManage', NULL, 'fc43396e479a11e89697fcaa140ebf84', '修改', '', '', '0', '0', '', NULL, NULL, NULL, NULL, NULL, NULL, NULL, NULL, NULL, NULL, NULL, '2', '2', NULL, NULL, NULL, NULL, NULL);
INSERT INTO `grid_menu_config` (`fk_grid_id`, `flag_menu_type`, `flag_integrated_menu_type`, `text`, `show_type`, `column_type`, `must_select_row`, `select_limit`, `data_index`, `null_text`, `show_confirm`, `confirm_text`, `url`, `extra_parameters`, `waiting_msg`, `success_msg`, `error_msg`, `open_mode`, `form_config`, `user_type`, `flag_is_valid`, `serial_number`, `script`, `column_data_index`, `value`, `tips`, `extend_menu_config`) VALUES ('scheduleJobTriggerManage', NULL, 'f82ae75b479a11e89697fcaa140ebf84', '批量导入', '', '', '0', '0', '', NULL, NULL, NULL, NULL, NULL, NULL, NULL, NULL, NULL, NULL, NULL, '3', '4', NULL, NULL, NULL, NULL, NULL);
INSERT INTO `grid_menu_config` (`fk_grid_id`, `flag_menu_type`, `flag_integrated_menu_type`, `text`, `show_type`, `column_type`, `must_select_row`, `select_limit`, `data_index`, `null_text`, `show_confirm`, `confirm_text`, `url`, `extra_parameters`, `waiting_msg`, `success_msg`, `error_msg`, `open_mode`, `form_config`, `user_type`, `flag_is_valid`, `serial_number`, `script`, `column_data_index`, `value`, `tips`, `extend_menu_config`) VALUES ('scheduleJobTriggerManage', NULL, '030ebfea479b11e89697fcaa140ebf84', '删除', '', '', '0', '0', '', NULL, NULL, NULL, NULL, NULL, NULL, NULL, NULL, NULL, NULL, NULL, '2', '3', NULL, NULL, NULL, NULL, NULL);
INSERT INTO `grid_menu_config` (`fk_grid_id`, `flag_menu_type`, `flag_integrated_menu_type`, `text`, `show_type`, `column_type`, `must_select_row`, `select_limit`, `data_index`, `null_text`, `show_confirm`, `confirm_text`, `url`, `extra_parameters`, `waiting_msg`, `success_msg`, `error_msg`, `open_mode`, `form_config`, `user_type`, `flag_is_valid`, `serial_number`, `script`, `column_data_index`, `value`, `tips`, `extend_menu_config`) VALUES ('scheduleJobTriggerManage', 'd6228e78ff1a11e7ab1d001e671d0be8', NULL, '返回', 'top', 'left', '0', '1', 'id', '', '1', '', NULL, NULL, '', NULL, NULL, '_blank', NULL, NULL, '2', '1', NULL, NULL, NULL, '', '');
INSERT INTO `pe_interface` (`name`, `url`, `method`, `flag_isvalid`) VALUES ('调度任务管理', '/superAdmin/schedule/scheduleJobManage/**', '', '2');
INSERT INTO `pe_interface` (`name`, `url`, `method`, `flag_isvalid`) VALUES ('调度时间管理', '/superAdmin/schedule/scheduleJobTriggerManage/**', '', '2');
INSERT INTO `pe_interface` (`name`, `url`, `method`, `flag_isvalid`) VALUES ('调度记录查询', '/superAdmin/schedule/scheduleJobRecord/**', '', '2');
INSERT INTO `pe_base_category` (`name`, `code`, `router_name`, `url`, `fk_grid_id`, `flag_isvalid`, `flag_is_system`, `fk_base_category_group`) VALUES ('调度任务管理', '', '', '/superAdmin/schedule/scheduleJobManage/abstractGrid', 'scheduleJobManage', '2', '058cfaf74df211e8aac8fcaa140ebf84', '1');
INSERT INTO `pe_base_category` (`name`, `code`, `router_name`, `url`, `fk_grid_id`, `flag_isvalid`, `flag_is_system`, `fk_base_category_group`) VALUES ('调度时间管理', '', 'scheduleJobTriggerManage', '/superAdmin/schedule/scheduleJobTriggerManage/abstractGrid', 'scheduleJobTriggerManage', '2', '058cfaf74df211e8aac8fcaa140ebf84', '1');
INSERT INTO `pe_base_category` (`name`, `code`, `router_name`, `url`, `fk_grid_id`, `flag_isvalid`, `flag_is_system`, `fk_base_category_group`) VALUES ('调度记录查询', '', '', '/superAdmin/schedule/scheduleJobRecord/abstractGrid', 'scheduleJobRecordShow', '2', '058cfaf74df211e8aac8fcaa140ebf84', '1');
INSERT INTO `pe_pri_category` (`ID`, `NAME`, `FK_PARENT_ID`, `CODE`, `PATH`, `FLAG_LEFT_MENU`, `serial_Number`, `isActive`, `LEVEL`, `fk_grid_id`, `fk_web_site_id`, `icon`, `fk_base_category_id`, `base_id`, `show_in_left_menu`) VALUES('4028ae316904a6d8016904ae25a50009', '定时任务调度管理', 'e5252b1826ac11e8ab1d001e671d0be8', NULL, NULL, '0', '9', '1', '2', NULL, '83356b76275211e8baa4fcaa140ebf84', NULL, NULL, '9fe9461c729d4b6fb6db3fedab00a030', '1');
INSERT INTO `pe_pri_category` (`ID`, `NAME`, `FK_PARENT_ID`, `CODE`, `PATH`, `FLAG_LEFT_MENU`, `serial_Number`, `isActive`, `LEVEL`, `fk_grid_id`, `fk_web_site_id`, `icon`, `fk_base_category_id`, `base_id`, `show_in_left_menu`) SELECT '4028ae316904a6d8016904ae4eb0000a', '调度任务管理', '4028ae316904a6d8016904ae25a50009', NULL, NULL, '1', '0', '1', '3', NULL, '83356b76275211e8baa4fcaa140ebf84', NULL, ID, '05d23231046e4029aa9d18c3c3f0d042', '1' FROM pe_base_category WHERE name = '调度任务管理';
INSERT INTO `pe_pri_category` (`ID`, `NAME`, `FK_PARENT_ID`, `CODE`, `PATH`, `FLAG_LEFT_MENU`, `serial_Number`, `isActive`, `LEVEL`, `fk_grid_id`, `fk_web_site_id`, `icon`, `fk_base_category_id`, `base_id`, `show_in_left_menu`) SELECT '4028ae316909c14c016909f07d7d0007', '调度时间管理', '4028ae316904a6d8016904ae4eb0000a', NULL, NULL, '1', '0', '1', '4', NULL, '83356b76275211e8baa4fcaa140ebf84', NULL, ID, '72ee7a99877c4933b291fefc24ec9742', '0' FROM pe_base_category WHERE name = '调度时间管理';
INSERT INTO `pe_pri_category` (`ID`, `NAME`, `FK_PARENT_ID`, `CODE`, `PATH`, `FLAG_LEFT_MENU`, `serial_Number`, `isActive`, `LEVEL`, `fk_grid_id`, `fk_web_site_id`, `icon`, `fk_base_category_id`, `base_id`, `show_in_left_menu`) SELECT '4028ae31690dd82901690de4c727000f', '调度记录查询', '4028ae316904a6d8016904ae25a50009', NULL, NULL, '1', '1', '1', '3', NULL, '83356b76275211e8baa4fcaa140ebf84', NULL, ID, '25951d9c7f21469ea6357cbb68723d51', '1' FROM pe_base_category WHERE name = '调度记录查询';
INSERT INTO `pr_base_category_interface` (`fk_base_category_id`, `fk_interface_id`) SELECT '284', '14' FROM pe_base_category cate inner join pe_interface inter on inter.name = cate.name where cate.name = '调度任务管理';
INSERT INTO `pr_base_category_interface` (`fk_base_category_id`, `fk_interface_id`) SELECT '284', '14' FROM pe_base_category cate inner join pe_interface inter on inter.name = cate.name where cate.name = '调度时间管理';
INSERT INTO `pr_base_category_interface` (`fk_base_category_id`, `fk_interface_id`) SELECT '284', '14' FROM pe_base_category cate inner join pe_interface inter on inter.name = cate.name where cate.name = '调度记录查询';
