
SET FOREIGN_KEY_CHECKS=0;

-- ----------------------------
-- Table structure for enroll_column
-- ----------------------------
DROP TABLE IF EXISTS `enroll_column`;
CREATE TABLE `enroll_column` (
  `id` varchar(32) NOT NULL,
  `data_index` varchar(50) NOT NULL COMMENT '索引',
  `flag_enroll_column_group` varchar(50) NOT NULL COMMENT '报名项分组',
  `name` varchar(50) NOT NULL,
  `flag_enroll_column_type` varchar(50) NOT NULL COMMENT '项类型',
  `reg_exp` varchar(50) DEFAULT NULL COMMENT '正则表达式',
  `exp_error_info` varchar(50) DEFAULT NULL COMMENT '校验错误提示',
  `custom_sql` varchar(255) DEFAULT NULL COMMENT '自定义sql',
  `note` varchar(255) DEFAULT NULL COMMENT '备注',
  `example_picture` varchar(255) DEFAULT NULL COMMENT '示例图片',
  `flag_is_attach_file` varchar(50) DEFAULT NULL COMMENT '如果是文件，是否是附件，是的话会使用student_[data_index]创建一个namespace，且可以有多个文件，否则在field中查找',
  `file_num` int(3) DEFAULT NULL COMMENT '可上传的文件数量',
  PRIMARY KEY (`id`),
  UNIQUE KEY `enroll_column_unique` (`data_index`)
) ENGINE=InnoDB DEFAULT CHARSET=utf8;

-- ----------------------------
-- Table structure for enroll_column_regulation
-- ----------------------------
DROP TABLE IF EXISTS `enroll_column_regulation`;
CREATE TABLE `enroll_column_regulation` (
  `id` int(9) NOT NULL AUTO_INCREMENT,
  `name` varchar(50) NOT NULL COMMENT '名称',
  `flag_active` varchar(50) NOT NULL DEFAULT '1' COMMENT '是否有效',
  `flag_is_default` varchar(50) NOT NULL DEFAULT '0' COMMENT '是否默认',
  `note` varchar(255) DEFAULT NULL COMMENT '备注',
  `site_code` varchar(50) NOT NULL COMMENT '所属站点',
  `create_by` varchar(50) NOT NULL,
  `create_date` datetime NOT NULL,
  `update_by` varchar(50) DEFAULT NULL,
  `update_date` datetime DEFAULT NULL,
  PRIMARY KEY (`id`),
  UNIQUE KEY `enroll_item_regulation_unique` (`site_code`,`name`) USING BTREE,
  KEY `enroll_item_regulation_default_unique` (`flag_is_default`,`site_code`) USING BTREE
) ENGINE=InnoDB AUTO_INCREMENT=2 DEFAULT CHARSET=utf8;

-- ----------------------------
-- Table structure for enroll_column_regulation_detail
-- ----------------------------
DROP TABLE IF EXISTS `enroll_column_regulation_detail`;
CREATE TABLE `enroll_column_regulation_detail` (
  `id` int(9) NOT NULL AUTO_INCREMENT,
  `fk_regulation_id` int(9) NOT NULL,
  `fk_column_id` varchar(32) NOT NULL,
  `is_active` char(1) NOT NULL DEFAULT '1',
  `is_required` char(1) NOT NULL DEFAULT '1',
  `serial_number` int(3) NOT NULL,
  PRIMARY KEY (`id`),
  UNIQUE KEY `enroll_column_regulation_detail_unique` (`fk_regulation_id`,`fk_column_id`) USING BTREE,
  KEY `enroll_column_regulation_column_fk` (`fk_column_id`),
  CONSTRAINT `enroll_column_regulation_detail_ibfk_1` FOREIGN KEY (`fk_column_id`) REFERENCES `enroll_column` (`id`),
  CONSTRAINT `enroll_column_regulation_detail_ibfk_2` FOREIGN KEY (`fk_regulation_id`) REFERENCES `enroll_column_regulation` (`id`)
) ENGINE=InnoDB AUTO_INCREMENT=5 DEFAULT CHARSET=utf8;


INSERT INTO `enum_const` (`ID`, `NAME`, `CODE`, `NAMESPACE`, `IS_DEFAULT`, `CREATE_DATE`, `NOTE`, `TEAM`) VALUES ('dd9ed3e65de211ea80f4fcaa140ebf84', '是', '1', 'FlagIsDefault', '0', '2020-03-04 14:39:15', '是否默认', NULL);
INSERT INTO `enum_const` (`ID`, `NAME`, `CODE`, `NAMESPACE`, `IS_DEFAULT`, `CREATE_DATE`, `NOTE`, `TEAM`) VALUES ('dda144545de211ea80f4fcaa140ebf84', '否', '0', 'FlagIsDefault', '0', '2020-03-04 14:39:15', '是否默认', NULL);
INSERT INTO `enum_const` (`ID`, `NAME`, `CODE`, `NAMESPACE`, `IS_DEFAULT`, `CREATE_DATE`, `NOTE`, `TEAM`) VALUES ('3d8419b75dbf11ea80f4fcaa140ebf84', '文本', '1', 'FlagEnrollColumnType', '0', '2020-03-04 10:24:14', '报名项类型', NULL);
INSERT INTO `enum_const` (`ID`, `NAME`, `CODE`, `NAMESPACE`, `IS_DEFAULT`, `CREATE_DATE`, `NOTE`, `TEAM`) VALUES ('3d88d7f35dbf11ea80f4fcaa140ebf84', '下拉框', '2', 'FlagEnrollColumnType', '0', '2020-03-04 10:24:14', '报名项类型', NULL);
INSERT INTO `enum_const` (`ID`, `NAME`, `CODE`, `NAMESPACE`, `IS_DEFAULT`, `CREATE_DATE`, `NOTE`, `TEAM`) VALUES ('51195f5a5dc311ea80f4fcaa140ebf84', '基本信息', '1', 'FlagEnrollColumnGroup', '0', '2020-03-04 10:53:24', '报名项组', NULL);
INSERT INTO `enum_const` (`ID`, `NAME`, `CODE`, `NAMESPACE`, `IS_DEFAULT`, `CREATE_DATE`, `NOTE`, `TEAM`) VALUES ('511e17195dc311ea80f4fcaa140ebf84', '上传图片资料', '2', 'FlagEnrollColumnGroup', '0', '2020-03-04 10:53:24', '报名项组', NULL);
INSERT INTO `enum_const` (`ID`, `NAME`, `CODE`, `NAMESPACE`, `IS_DEFAULT`, `CREATE_DATE`, `NOTE`, `TEAM`) VALUES ('bd54cb305dc011ea80f4fcaa140ebf84', '图片', '4', 'FlagEnrollColumnType', '0', '2020-03-04 10:24:14', '报名项类型', NULL);
INSERT INTO `enum_const` (`ID`, `NAME`, `CODE`, `NAMESPACE`, `IS_DEFAULT`, `CREATE_DATE`, `NOTE`, `TEAM`) VALUES ('ca384e5b5f5711ea80f4fcaa140ebf84', '是', '1', 'flagIsAttachFile', '0', '2020-03-06 11:08:44', '是否是附件', NULL);
INSERT INTO `enum_const` (`ID`, `NAME`, `CODE`, `NAMESPACE`, `IS_DEFAULT`, `CREATE_DATE`, `NOTE`, `TEAM`) VALUES ('ca3e54505f5711ea80f4fcaa140ebf84', '否', '0', 'flagIsAttachFile', '0', '2020-03-06 11:08:44', '是否是附件', NULL);

INSERT INTO `pe_interface` (`name`, `url`, `method`, `flag_isvalid`) VALUES ('报名项管理', '/superAdmin/enroll/enrollColumnManage/**', '', '2');
INSERT INTO `pe_interface` (`name`, `url`, `method`, `flag_isvalid`) VALUES ('报名规则', '/entity/enroll/enrollColumnRegulation/**', '', '2');
INSERT INTO `pe_interface` (`name`, `url`, `method`, `flag_isvalid`) VALUES ('设置报名规则', '/entity/enroll/setEnrollColumnRegulation/**', '', '2');
INSERT INTO `pe_base_category` (`name`, `code`, `router_name`, `url`, `fk_grid_id`, `flag_isvalid`, `flag_is_system`, `fk_base_category_group`) VALUES ('报名项管理', '', '', '/superAdmin/enroll/enrollColumnManage/abstractGrid', 'enrollColumnManage', '2', '0bc108f54df211e8aac8fcaa140ebf84', '14');
INSERT INTO `pe_base_category` (`name`, `code`, `router_name`, `url`, `fk_grid_id`, `flag_isvalid`, `flag_is_system`, `fk_base_category_group`) VALUES ('报名规则', '', '', '/entity/enroll/enrollColumnRegulation/abstractGrid', 'enrollColumnRegulation', '2', '0bc108f54df211e8aac8fcaa140ebf84', '10');
INSERT INTO `pe_base_category` (`name`, `code`, `router_name`, `url`, `fk_grid_id`, `flag_isvalid`, `flag_is_system`, `fk_base_category_group`) VALUES ('设置报名规则', 'set-enroll-column-regulation', 'setEnrollColumnRegulation', '', NULL, '2', '0bc108f54df211e8aac8fcaa140ebf84', '10');
INSERT INTO `pr_base_category_interface` (`fk_base_category_id`, `fk_interface_id`) select cate.id, inter.id from pe_base_category cate inner join pe_interface inter on inter.name = cate.name where cate.name = '报名项管理';
INSERT INTO `pr_base_category_interface` (`fk_base_category_id`, `fk_interface_id`) select cate.id, inter.id from pe_base_category cate inner join pe_interface inter on inter.name = cate.name where cate.name = '报名规则';
INSERT INTO `pr_base_category_interface` (`fk_base_category_id`, `fk_interface_id`) select cate.id, inter.id from pe_base_category cate inner join pe_interface inter on inter.name = cate.name where cate.name = '设置报名规则';
INSERT INTO `pe_pri_category` (`ID`, `NAME`, `FK_PARENT_ID`, `CODE`, `PATH`, `FLAG_LEFT_MENU`, `serial_Number`, `isActive`, `LEVEL`, `fk_grid_id`, `fk_web_site_id`, `icon`, `fk_base_category_id`, `base_id`, `show_in_left_menu`) select '4028ae3170a328cd0170a330e40a0006', '报名项管理', 'e5252b1826ac11e8ab1d001e671d0be8', NULL, NULL, '1', '12', '1', '2', NULL, '83356b76275211e8baa4fcaa140ebf84', NULL, id, 'dba85cb9d8784590b23b1470133a2204', '1' from pe_base_category where name = '报名项管理';
INSERT INTO `pe_pri_category` (`ID`, `NAME`, `FK_PARENT_ID`, `CODE`, `PATH`, `FLAG_LEFT_MENU`, `serial_Number`, `isActive`, `LEVEL`, `fk_grid_id`, `fk_web_site_id`, `icon`, `fk_base_category_id`, `base_id`, `show_in_left_menu`) select '4028ae3170a4508f0170a45462010000', '报名规则', '4028aec76b357628016b40269952002e', NULL, NULL, '1', '7', '1', '2', NULL, '4028ae316a09ee85016a09f4d7640000', NULL, id, '64f352eeb8e647a6a6cf33efe33f225d', '1' from pe_base_category where name = '报名规则';
INSERT INTO `pe_pri_category` (`ID`, `NAME`, `FK_PARENT_ID`, `CODE`, `PATH`, `FLAG_LEFT_MENU`, `serial_Number`, `isActive`, `LEVEL`, `fk_grid_id`, `fk_web_site_id`, `icon`, `fk_base_category_id`, `base_id`, `show_in_left_menu`) select '4028ae3170a45f5e0170a469cd2d0000', '设置报名规则', '4028ae3170a4508f0170a45462010000', NULL, NULL, '1', '1', '1', '3', NULL, '4028ae316a09ee85016a09f4d7640000', NULL, id, 'eab6c039516a4907b61daf976f9ad179', '0' from pe_base_category where name = '设置报名规则';


INSERT INTO `grid_basic_config` (`id`, `title`, `can_search`, `can_add`, `can_delete`, `can_update`, `can_batch_add`, `can_projections`, `first_search`, `entity_class`, `note`, `list_type`, `dc`, `flag_active`, `flag_bak`, `dateFormat`, `sqlstr`, `statistics`, `s_note`, `update_note`, `is_enum`, `countsql`, `isGroupSql`, `LIST_FUNCTION`, `FLAG_INTE_ACTIVE`, `fk_web_site_id`, `can_checked_all`, `add_mode`, `add_cmp_name`, `fk_chart_id`) VALUES ('enrollColumnManage', '报名项管理', '1', NULL, NULL, NULL, NULL, '1', '0', 'com.whaty.domain.bean.enroll.EnrollColumn', NULL, '0', 'EnrollColumn;enumConstByFlagEnrollColumnType;enumConstByFlagEnrollColumnGroup;', '4028809c1d625bcf011d66fd0dda0006', NULL, NULL, NULL, NULL, NULL, NULL, NULL, NULL, NULL, '0', NULL, '83356b76275211e8baa4fcaa140ebf84', '1', 'dialog', NULL, NULL);
INSERT INTO `grid_column_config` (`ID`, `fk_action_grid_config_id`, `name`, `dataindex`, `data_column`, `search`, `to_add`, `to_update`, `column_can_update`, `list`, `report`, `type`, `dateFormat`, `allow_blank`, `max_length`, `check_message`, `check_regular`, `text_field_parameters`, `combo_sql`, `serial_number`, `flag_active`, `flag_bak`, `user_type`, `team`, `s_note`, `sql_result`, `is_html`, `default_text`, `cascade_columns`) VALUES ('4028ae3170a328cd0170a32d09970000', 'enrollColumnManage', 'id', 'id', '', '0', '0', '0', '0', '0', '0', 'TextField', 'yyyy-MM-dd', '1', '50', '', '', NULL, '', '0', '4028809c1d625bcf011d66fd0dda0006', NULL, NULL, '', '', '', NULL, '', NULL);
INSERT INTO `grid_column_config` (`ID`, `fk_action_grid_config_id`, `name`, `dataindex`, `data_column`, `search`, `to_add`, `to_update`, `column_can_update`, `list`, `report`, `type`, `dateFormat`, `allow_blank`, `max_length`, `check_message`, `check_regular`, `text_field_parameters`, `combo_sql`, `serial_number`, `flag_active`, `flag_bak`, `user_type`, `team`, `s_note`, `sql_result`, `is_html`, `default_text`, `cascade_columns`) VALUES ('4028ae3170a328cd0170a32d3ea30001', 'enrollColumnManage', '名称', 'name', '', '1', '1', '1', '0', '1', '1', 'TextField', 'yyyy-MM-dd', '0', '50', '', '', NULL, '', '1', '4028809c1d625bcf011d66fd0dda0006', NULL, NULL, '', '', '', NULL, '', NULL);
INSERT INTO `grid_column_config` (`ID`, `fk_action_grid_config_id`, `name`, `dataindex`, `data_column`, `search`, `to_add`, `to_update`, `column_can_update`, `list`, `report`, `type`, `dateFormat`, `allow_blank`, `max_length`, `check_message`, `check_regular`, `text_field_parameters`, `combo_sql`, `serial_number`, `flag_active`, `flag_bak`, `user_type`, `team`, `s_note`, `sql_result`, `is_html`, `default_text`, `cascade_columns`) VALUES ('4028ae3170a328cd0170a32d987a0002', 'enrollColumnManage', '索引', 'dataIndex', '', '1', '1', '1', '0', '1', '1', 'TextField', 'yyyy-MM-dd', '0', '50', '', '', NULL, '', '2', '4028809c1d625bcf011d66fd0dda0006', NULL, NULL, '', '', '', NULL, '', NULL);
INSERT INTO `grid_column_config` (`ID`, `fk_action_grid_config_id`, `name`, `dataindex`, `data_column`, `search`, `to_add`, `to_update`, `column_can_update`, `list`, `report`, `type`, `dateFormat`, `allow_blank`, `max_length`, `check_message`, `check_regular`, `text_field_parameters`, `combo_sql`, `serial_number`, `flag_active`, `flag_bak`, `user_type`, `team`, `s_note`, `sql_result`, `is_html`, `default_text`, `cascade_columns`) VALUES ('4028ae3170a328cd0170a32de3ef0003', 'enrollColumnManage', '正则表达式', 'regExp', '', '1', '1', '1', '0', '1', '1', 'TextField', 'yyyy-MM-dd', '1', '50', '', '', NULL, '', '3', '4028809c1d625bcf011d66fd0dda0006', NULL, NULL, '', '', '', NULL, '', NULL);
INSERT INTO `grid_column_config` (`ID`, `fk_action_grid_config_id`, `name`, `dataindex`, `data_column`, `search`, `to_add`, `to_update`, `column_can_update`, `list`, `report`, `type`, `dateFormat`, `allow_blank`, `max_length`, `check_message`, `check_regular`, `text_field_parameters`, `combo_sql`, `serial_number`, `flag_active`, `flag_bak`, `user_type`, `team`, `s_note`, `sql_result`, `is_html`, `default_text`, `cascade_columns`) VALUES ('4028ae3170a328cd0170a32e4a570004', 'enrollColumnManage', '正则错误信息', 'expErrorInfo', '', '1', '1', '1', '0', '1', '1', 'TextField', 'yyyy-MM-dd', '1', '50', '', '', NULL, '', '4', '4028809c1d625bcf011d66fd0dda0006', NULL, NULL, '', '', '', NULL, '', NULL);
INSERT INTO `grid_column_config` (`ID`, `fk_action_grid_config_id`, `name`, `dataindex`, `data_column`, `search`, `to_add`, `to_update`, `column_can_update`, `list`, `report`, `type`, `dateFormat`, `allow_blank`, `max_length`, `check_message`, `check_regular`, `text_field_parameters`, `combo_sql`, `serial_number`, `flag_active`, `flag_bak`, `user_type`, `team`, `s_note`, `sql_result`, `is_html`, `default_text`, `cascade_columns`) VALUES ('4028ae3170a328cd0170a32ec4950005', 'enrollColumnManage', '项类型', 'enumConstByFlagEnrollColumnType.name', '', '1', '1', '1', '0', '1', '1', 'TextField', 'yyyy-MM-dd', '0', '50', '', '', NULL, '', '5', '4028809c1d625bcf011d66fd0dda0006', NULL, NULL, '', '', '', NULL, '', NULL);
INSERT INTO `grid_column_config` (`ID`, `fk_action_grid_config_id`, `name`, `dataindex`, `data_column`, `search`, `to_add`, `to_update`, `column_can_update`, `list`, `report`, `type`, `dateFormat`, `allow_blank`, `max_length`, `check_message`, `check_regular`, `text_field_parameters`, `combo_sql`, `serial_number`, `flag_active`, `flag_bak`, `user_type`, `team`, `s_note`, `sql_result`, `is_html`, `default_text`, `cascade_columns`) VALUES ('4028ae3170a356160170a357350c0000', 'enrollColumnManage', 'enumConstByFlagEnrollColumnType.id', 'enumConstByFlagEnrollColumnType.id', '', '0', '0', '0', '0', '0', '0', 'TextField', 'yyyy-MM-dd', '1', '50', '', '', NULL, '', '6', '4028809c1d625bcf011d66fd0dda0006', NULL, NULL, '', '', '', NULL, '', NULL);
INSERT INTO `grid_column_config` (`ID`, `fk_action_grid_config_id`, `name`, `dataindex`, `data_column`, `search`, `to_add`, `to_update`, `column_can_update`, `list`, `report`, `type`, `dateFormat`, `allow_blank`, `max_length`, `check_message`, `check_regular`, `text_field_parameters`, `combo_sql`, `serial_number`, `flag_active`, `flag_bak`, `user_type`, `team`, `s_note`, `sql_result`, `is_html`, `default_text`, `cascade_columns`) VALUES ('4028ae3170a356160170a35de9a00003', 'enrollColumnManage', '自定义sql', 'customSql', '', '0', '1', '1', '0', '1', '1', 'textArea', 'yyyy-MM-dd', '1', '255', '', '', NULL, '', '7', '4028809c1d625bcf011d66fd0dda0006', NULL, NULL, '', '', '', NULL, '', NULL);
INSERT INTO `grid_column_config` (`ID`, `fk_action_grid_config_id`, `name`, `dataindex`, `data_column`, `search`, `to_add`, `to_update`, `column_can_update`, `list`, `report`, `type`, `dateFormat`, `allow_blank`, `max_length`, `check_message`, `check_regular`, `text_field_parameters`, `combo_sql`, `serial_number`, `flag_active`, `flag_bak`, `user_type`, `team`, `s_note`, `sql_result`, `is_html`, `default_text`, `cascade_columns`) VALUES ('4028ae3170a35ebc0170a377863d0002', 'enrollColumnManage', '所属组', 'enumConstByFlagEnrollColumnGroup.name', '', '1', '1', '1', '0', '1', '1', 'TextField', 'yyyy-MM-dd', '0', '50', '', '', NULL, '', '8', '4028809c1d625bcf011d66fd0dda0006', NULL, NULL, '', '', '', NULL, '', NULL);
INSERT INTO `grid_column_config` (`ID`, `fk_action_grid_config_id`, `name`, `dataindex`, `data_column`, `search`, `to_add`, `to_update`, `column_can_update`, `list`, `report`, `type`, `dateFormat`, `allow_blank`, `max_length`, `check_message`, `check_regular`, `text_field_parameters`, `combo_sql`, `serial_number`, `flag_active`, `flag_bak`, `user_type`, `team`, `s_note`, `sql_result`, `is_html`, `default_text`, `cascade_columns`) VALUES ('4028ae3170a35ebc0170a377b7990003', 'enrollColumnManage', 'enumConstByFlagEnrollColumnGroup.id', 'enumConstByFlagEnrollColumnGroup.id', '', '0', '0', '0', '0', '0', '0', 'TextField', 'yyyy-MM-dd', '1', '50', '', '', NULL, '', '9', '4028809c1d625bcf011d66fd0dda0006', NULL, NULL, '', '', '', NULL, '', NULL);
INSERT INTO `grid_menu_config` (`fk_grid_id`, `flag_menu_type`, `flag_integrated_menu_type`, `text`, `show_type`, `column_type`, `fix`, `must_select_row`, `select_limit`, `data_index`, `null_text`, `show_confirm`, `confirm_text`, `url`, `extra_parameters`, `waiting_msg`, `success_msg`, `error_msg`, `open_mode`, `form_config`, `user_type`, `flag_is_valid`, `serial_number`, `script`, `column_data_index`, `value`, `tips`, `extend_menu_config`) VALUES ('enrollColumnManage', NULL, 'd54b3e85479a11e89697fcaa140ebf84', '添加', '', '', NULL, '0', '0', '', NULL, NULL, NULL, NULL, NULL, NULL, NULL, NULL, NULL, NULL, NULL, '2', '1', NULL, NULL, NULL, NULL, NULL);
INSERT INTO `grid_menu_config` (`fk_grid_id`, `flag_menu_type`, `flag_integrated_menu_type`, `text`, `show_type`, `column_type`, `fix`, `must_select_row`, `select_limit`, `data_index`, `null_text`, `show_confirm`, `confirm_text`, `url`, `extra_parameters`, `waiting_msg`, `success_msg`, `error_msg`, `open_mode`, `form_config`, `user_type`, `flag_is_valid`, `serial_number`, `script`, `column_data_index`, `value`, `tips`, `extend_menu_config`) VALUES ('enrollColumnManage', NULL, 'fc43396e479a11e89697fcaa140ebf84', '修改', '', '', NULL, '0', '0', '', NULL, NULL, NULL, NULL, NULL, NULL, NULL, NULL, NULL, NULL, NULL, '2', '2', NULL, NULL, NULL, NULL, NULL);
INSERT INTO `grid_menu_config` (`fk_grid_id`, `flag_menu_type`, `flag_integrated_menu_type`, `text`, `show_type`, `column_type`, `fix`, `must_select_row`, `select_limit`, `data_index`, `null_text`, `show_confirm`, `confirm_text`, `url`, `extra_parameters`, `waiting_msg`, `success_msg`, `error_msg`, `open_mode`, `form_config`, `user_type`, `flag_is_valid`, `serial_number`, `script`, `column_data_index`, `value`, `tips`, `extend_menu_config`) VALUES ('enrollColumnManage', NULL, '030ebfea479b11e89697fcaa140ebf84', '删除', '', '', NULL, '0', '0', '', NULL, NULL, NULL, NULL, NULL, NULL, NULL, NULL, NULL, NULL, NULL, '2', '3', NULL, NULL, NULL, NULL, NULL);
INSERT INTO `grid_menu_config` (`fk_grid_id`, `flag_menu_type`, `flag_integrated_menu_type`, `text`, `show_type`, `column_type`, `fix`, `must_select_row`, `select_limit`, `data_index`, `null_text`, `show_confirm`, `confirm_text`, `url`, `extra_parameters`, `waiting_msg`, `success_msg`, `error_msg`, `open_mode`, `form_config`, `user_type`, `flag_is_valid`, `serial_number`, `script`, `column_data_index`, `value`, `tips`, `extend_menu_config`) VALUES ('enrollColumnManage', NULL, 'f82ae75b479a11e89697fcaa140ebf84', '批量导入', '', '', NULL, '0', '0', '', NULL, NULL, NULL, NULL, NULL, NULL, NULL, NULL, NULL, NULL, NULL, '2', '4', NULL, NULL, NULL, NULL, NULL);
INSERT INTO `grid_basic_config` (`id`, `title`, `can_search`, `can_add`, `can_delete`, `can_update`, `can_batch_add`, `can_projections`, `first_search`, `entity_class`, `note`, `list_type`, `dc`, `flag_active`, `flag_bak`, `dateFormat`, `sqlstr`, `statistics`, `s_note`, `update_note`, `is_enum`, `countsql`, `isGroupSql`, `LIST_FUNCTION`, `FLAG_INTE_ACTIVE`, `fk_web_site_id`, `can_checked_all`, `add_mode`, `add_cmp_name`, `fk_chart_id`) VALUES ('enrollColumnRegulation', '培训报名规则', '1', NULL, NULL, NULL, NULL, '1', '0', 'com.whaty.domain.bean.enroll.EnrollColumnRegulation', NULL, '0', 'EnrollColumnRegulation;enumConstByFlagActive;enumConstByFlagIsDefault;', '4028809c1d625bcf011d66fd0dda0006', NULL, NULL, NULL, NULL, NULL, NULL, NULL, NULL, NULL, '0', NULL, '4028ae316a09ee85016a09f4d7640000', '1', 'dialog', NULL, NULL);
INSERT INTO `grid_column_config` (`ID`, `fk_action_grid_config_id`, `name`, `dataindex`, `data_column`, `search`, `to_add`, `to_update`, `column_can_update`, `list`, `report`, `type`, `dateFormat`, `allow_blank`, `max_length`, `check_message`, `check_regular`, `text_field_parameters`, `combo_sql`, `serial_number`, `flag_active`, `flag_bak`, `user_type`, `team`, `s_note`, `sql_result`, `is_html`, `default_text`, `cascade_columns`) VALUES ('4028ae3170a43d590170a44723ec0001', 'enrollColumnRegulation', 'id', 'id', '', '0', '0', '0', '0', '0', '0', 'TextField', 'yyyy-MM-dd', '1', '50', '', '', NULL, '', '0', '4028809c1d625bcf011d66fd0dda0006', NULL, NULL, '', '', '', NULL, '', NULL);
INSERT INTO `grid_column_config` (`ID`, `fk_action_grid_config_id`, `name`, `dataindex`, `data_column`, `search`, `to_add`, `to_update`, `column_can_update`, `list`, `report`, `type`, `dateFormat`, `allow_blank`, `max_length`, `check_message`, `check_regular`, `text_field_parameters`, `combo_sql`, `serial_number`, `flag_active`, `flag_bak`, `user_type`, `team`, `s_note`, `sql_result`, `is_html`, `default_text`, `cascade_columns`) VALUES ('4028ae3170a43d590170a44768ee0002', 'enrollColumnRegulation', '规则名称', 'name', '', '1', '1', '1', '0', '1', '1', 'TextField', 'yyyy-MM-dd', '0', '50', '', '', NULL, '', '1', '4028809c1d625bcf011d66fd0dda0006', NULL, NULL, '', '', '', NULL, '', NULL);
INSERT INTO `grid_column_config` (`ID`, `fk_action_grid_config_id`, `name`, `dataindex`, `data_column`, `search`, `to_add`, `to_update`, `column_can_update`, `list`, `report`, `type`, `dateFormat`, `allow_blank`, `max_length`, `check_message`, `check_regular`, `text_field_parameters`, `combo_sql`, `serial_number`, `flag_active`, `flag_bak`, `user_type`, `team`, `s_note`, `sql_result`, `is_html`, `default_text`, `cascade_columns`) VALUES ('4028ae3170a43d590170a447b51f0003', 'enrollColumnRegulation', '是否有效', 'enumConstByFlagActive.name', '', '1', '1', '1', '0', '1', '1', 'TextField', 'yyyy-MM-dd', '0', '50', '', '', NULL, '', '2', '4028809c1d625bcf011d66fd0dda0006', NULL, NULL, '', '', '', NULL, '', NULL);
INSERT INTO `grid_column_config` (`ID`, `fk_action_grid_config_id`, `name`, `dataindex`, `data_column`, `search`, `to_add`, `to_update`, `column_can_update`, `list`, `report`, `type`, `dateFormat`, `allow_blank`, `max_length`, `check_message`, `check_regular`, `text_field_parameters`, `combo_sql`, `serial_number`, `flag_active`, `flag_bak`, `user_type`, `team`, `s_note`, `sql_result`, `is_html`, `default_text`, `cascade_columns`) VALUES ('4028ae3170a43d590170a447ea5b0004', 'enrollColumnRegulation', 'enumConstByFlagActive.id', 'enumConstByFlagActive.id', '', '0', '0', '0', '0', '0', '0', 'TextField', 'yyyy-MM-dd', '1', '50', '', '', NULL, '', '3', '4028809c1d625bcf011d66fd0dda0006', NULL, NULL, '', '', '', NULL, '', NULL);
INSERT INTO `grid_column_config` (`ID`, `fk_action_grid_config_id`, `name`, `dataindex`, `data_column`, `search`, `to_add`, `to_update`, `column_can_update`, `list`, `report`, `type`, `dateFormat`, `allow_blank`, `max_length`, `check_message`, `check_regular`, `text_field_parameters`, `combo_sql`, `serial_number`, `flag_active`, `flag_bak`, `user_type`, `team`, `s_note`, `sql_result`, `is_html`, `default_text`, `cascade_columns`) VALUES ('4028ae3170a43d590170a44857ea0005', 'enrollColumnRegulation', '是否默认', 'enumConstByFlagIsDefault.name', '', '1', '0', '0', '0', '1', '1', 'TextField', 'yyyy-MM-dd', '1', '50', '', '', NULL, '', '4', '4028809c1d625bcf011d66fd0dda0006', NULL, NULL, '', '', '', NULL, '', NULL);
INSERT INTO `grid_column_config` (`ID`, `fk_action_grid_config_id`, `name`, `dataindex`, `data_column`, `search`, `to_add`, `to_update`, `column_can_update`, `list`, `report`, `type`, `dateFormat`, `allow_blank`, `max_length`, `check_message`, `check_regular`, `text_field_parameters`, `combo_sql`, `serial_number`, `flag_active`, `flag_bak`, `user_type`, `team`, `s_note`, `sql_result`, `is_html`, `default_text`, `cascade_columns`) VALUES ('4028ae3170a43d590170a4489be40006', 'enrollColumnRegulation', '备注', 'note', '', '1', '1', '1', '0', '1', '1', 'TextField', 'yyyy-MM-dd', '1', '50', '', '', NULL, '', '5', '4028809c1d625bcf011d66fd0dda0006', NULL, NULL, '', '', '', NULL, '', NULL);
INSERT INTO `grid_column_config` (`ID`, `fk_action_grid_config_id`, `name`, `dataindex`, `data_column`, `search`, `to_add`, `to_update`, `column_can_update`, `list`, `report`, `type`, `dateFormat`, `allow_blank`, `max_length`, `check_message`, `check_regular`, `text_field_parameters`, `combo_sql`, `serial_number`, `flag_active`, `flag_bak`, `user_type`, `team`, `s_note`, `sql_result`, `is_html`, `default_text`, `cascade_columns`) VALUES ('4028ae3170a43d590170a44909c50007', 'enrollColumnRegulation', '更新时间', 'updateDate', '', '1', '0', '0', '0', '1', '1', 'TextField', 'yyyy-MM-dd', '1', '50', '', '', NULL, '', '6', '4028809c1d625bcf011d66fd0dda0006', NULL, NULL, '', '', '', NULL, '', NULL);
INSERT INTO `grid_menu_config` (`fk_grid_id`, `flag_menu_type`, `flag_integrated_menu_type`, `text`, `show_type`, `column_type`, `fix`, `must_select_row`, `select_limit`, `data_index`, `null_text`, `show_confirm`, `confirm_text`, `url`, `extra_parameters`, `waiting_msg`, `success_msg`, `error_msg`, `open_mode`, `form_config`, `user_type`, `flag_is_valid`, `serial_number`, `script`, `column_data_index`, `value`, `tips`, `extend_menu_config`) VALUES ('enrollColumnRegulation', NULL, 'd54b3e85479a11e89697fcaa140ebf84', '添加', '', '', NULL, '0', '0', '', NULL, NULL, NULL, NULL, NULL, NULL, NULL, NULL, NULL, NULL, NULL, '2', '1', NULL, NULL, NULL, NULL, NULL);
INSERT INTO `grid_menu_config` (`fk_grid_id`, `flag_menu_type`, `flag_integrated_menu_type`, `text`, `show_type`, `column_type`, `fix`, `must_select_row`, `select_limit`, `data_index`, `null_text`, `show_confirm`, `confirm_text`, `url`, `extra_parameters`, `waiting_msg`, `success_msg`, `error_msg`, `open_mode`, `form_config`, `user_type`, `flag_is_valid`, `serial_number`, `script`, `column_data_index`, `value`, `tips`, `extend_menu_config`) VALUES ('enrollColumnRegulation', NULL, 'fc43396e479a11e89697fcaa140ebf84', '修改', '', '', NULL, '0', '0', '', NULL, NULL, NULL, NULL, NULL, NULL, NULL, NULL, NULL, NULL, NULL, '2', '2', NULL, NULL, NULL, NULL, NULL);
INSERT INTO `grid_menu_config` (`fk_grid_id`, `flag_menu_type`, `flag_integrated_menu_type`, `text`, `show_type`, `column_type`, `fix`, `must_select_row`, `select_limit`, `data_index`, `null_text`, `show_confirm`, `confirm_text`, `url`, `extra_parameters`, `waiting_msg`, `success_msg`, `error_msg`, `open_mode`, `form_config`, `user_type`, `flag_is_valid`, `serial_number`, `script`, `column_data_index`, `value`, `tips`, `extend_menu_config`) VALUES ('enrollColumnRegulation', NULL, '030ebfea479b11e89697fcaa140ebf84', '删除', '', '', NULL, '0', '0', '', NULL, NULL, NULL, NULL, NULL, NULL, NULL, NULL, NULL, NULL, NULL, '2', '3', NULL, NULL, NULL, NULL, NULL);
INSERT INTO `grid_menu_config` (`fk_grid_id`, `flag_menu_type`, `flag_integrated_menu_type`, `text`, `show_type`, `column_type`, `fix`, `must_select_row`, `select_limit`, `data_index`, `null_text`, `show_confirm`, `confirm_text`, `url`, `extra_parameters`, `waiting_msg`, `success_msg`, `error_msg`, `open_mode`, `form_config`, `user_type`, `flag_is_valid`, `serial_number`, `script`, `column_data_index`, `value`, `tips`, `extend_menu_config`) VALUES ('enrollColumnRegulation', 'cb245573ff1a11e7ab1d001e671d0be8', NULL, '设为默认', 'top', 'left', '0', '1', '1', 'id', '', '1', '', '/entity/enroll/enrollColumnRegulation/setToDefault', NULL, '', NULL, NULL, '_blank', NULL, NULL, '2', '1', NULL, NULL, NULL, '', '');
INSERT INTO `grid_menu_config` (`fk_grid_id`, `flag_menu_type`, `flag_integrated_menu_type`, `text`, `show_type`, `column_type`, `fix`, `must_select_row`, `select_limit`, `data_index`, `null_text`, `show_confirm`, `confirm_text`, `url`, `extra_parameters`, `waiting_msg`, `success_msg`, `error_msg`, `open_mode`, `form_config`, `user_type`, `flag_is_valid`, `serial_number`, `script`, `column_data_index`, `value`, `tips`, `extend_menu_config`) VALUES ('enrollColumnRegulation', 'a92817f1361611e8a37efcaa140ebf84', NULL, '设置规则', 'column', 'right', '0', '0', '1', 'id', '', '1', '', NULL, NULL, '', NULL, NULL, '_blank', NULL, NULL, '2', '2', NULL, NULL, NULL, '', '{\"routerName\": \"setEnrollColumnRegulation\", \"fieldName\": \"parentId\"}');

UPDATE `grid_basic_config` SET `sqlstr`='SELECT\n  this.id as id,\n  md5(this.id) as md5Id,\n  peUnit.name as unitName,\n  peUnit.id as unitId,\n  this.code as code,\n  this.name as name,\n  this.linkman as linkman,\n  this.link_phone as linkPhone,\n  enumConstByFlagItemStatus.name as itemStatus,\n  enumConstByFlagItemStatus.id as itemStatusId,\n  createBy.TRUE_NAME as createByLoginId,\n  trainingItemExtend.id as trainingItemExtendId,\n  trainingItemExtend2.id as trainingItemExtendId2,\n  trainingItemExtend3.id as trainingItemExtendId3,\n  trainingItemExtend4.id as trainingItemExtendId4,\n  this.create_date as createDate,\n  checkUser.TRUE_NAME as checkUserLoginId,\n  this.check_date as checkDate,\n  enumConstByFlagTrainingType.name as trainingType,\n  enumConstByFlagTrainingTarget.name as trainingTarget,\n  enumConstByFlagTrainingType.id as trainingTypeId,\n  enumConstByFlagTrainingTarget.id as trainingTargetId,\n  enumConstByFlagIsLegal.id as isLegalId,\n  enumConstByFlagIsLegal.name as isLegalName,\n  this.training_start_time as trainingStartTime,\n  this.training_end_time as trainingEndTime,\n  this.training_person_number as trainingPersonNumber,\n  this.teacher_fee as teacherFee,\n  this.training_period as trainingPeriod,\n  this.room_fee as roomFee,\n  this.food_fee as foodFee,\n  this.training_address as trainingAddress,\n  this.transport_fee as transportFee,\n  this.teaching_fee as teachingFee,\n  this.enroll_end_time as enrollEndTime,\n  this.site_fee as siteFee,\n  this.other_fee as otherFee,\n  this.enroll_fee as enrollFee,\n  this.total_fee as totalFee,\n  this.material_fee as materialFee,\n  this.period_fee as periodFee,\n  this.put_on_record_time as putOnRecordTime,\n  this.collect_fee_unit as collectFeeUnit,\n  cooperateUnit.name as cooperateUnitName,\n  cooperateUnit.id as cooperateUnitId,\n  enumConstByFlagCooperateUnitType.name as cooperateUnitType,\n  cooperateUnitArea.name as cooperateUnitAreaName,\n  cooperateUnit.linkman as cooperateUnitLinkman,\n  cooperateUnit.telephone as cooperateUnitTelephone,\n  cooperateUnit.linkman_position as cooperateUnitLinkmanPosition,\n  cooperateUnit.division_proportion as cooperateUnitDivisionProportion,\n  entrustedUnit.name as entrustedUnitName,\n  enumConstByFlagEntrustedUnitType.name as entrustedUnitTypeName,\n  entrustedUnitArea.name as entrustedUnitAreaName,\n  enumConstByFlagInfoSource.name as infoSourceName,\n  enumConstByFlagInfoSource.id as infoSourceId,\n  entrustedUnit.id as entrustedUnitId,\n  concat(man.true_name,\'/\',man.login_id) as headName,\n  man.id as manId,\n  this.fk_enroll_regulation_id as regulationId\nFROM\n	training_item this \nINNER JOIN pe_unit peUnit on peUnit.id=this.fk_unit_id AND [peUnit|peUnit.id]\nINNER JOIN enum_const enumConstByFlagItemStatus on enumConstByFlagItemStatus.id=this.flag_item_status\nINNER JOIN enum_const enumConstByFlagTrainingType on enumConstByFlagTrainingType.id=this.flag_training_type\nINNER JOIN enum_const enumConstByFlagTrainingTarget on enumConstByFlagTrainingTarget.id=this.flag_training_target\nINNER JOIN enum_const enumConstByFlagIsLegal on enumConstByFlagIsLegal.id=this.flag_is_legal\nINNER JOIN enum_const enumConstByFlagTrainingItemType on enumConstByFlagTrainingItemType.id=this.flag_training_item_type\nAND enumConstByFlagTrainingItemType.code = \'1\'\nINNER JOIN enum_const et1 on et1.NAMESPACE=\'FlagItemExtendType\' and et1.code=\'1\'\nINNER JOIN enum_const et2 on et2.NAMESPACE=\'FlagItemExtendType\' and et2.code=\'2\'\nINNER JOIN enum_const et3 on et3.NAMESPACE=\'FlagItemExtendType\' and et3.code=\'3\'\nINNER JOIN enum_const et4 on et4.NAMESPACE=\'FlagItemExtendType\' and et4.code=\'4\'\nLEFT JOIN sso_user createBy on createBy.id=this.create_by\nLEFT JOIN pe_manager man on man.id=this.fk_manager_id\nLEFT JOIN sso_user checkUser on checkUser.id=this.fk_check_user_id\nLEFT JOIN training_item_extend trainingItemExtend on trainingItemExtend.fk_item_id=this.id\nAND trainingItemExtend.flag_item_extend_type=et1.id\nLEFT JOIN training_item_extend trainingItemExtend2 on trainingItemExtend2.fk_item_id=this.id\nAND trainingItemExtend2.flag_item_extend_type=et2.id\nLEFT JOIN training_item_extend trainingItemExtend3 on trainingItemExtend3.fk_item_id=this.id\nAND trainingItemExtend3.flag_item_extend_type=et3.id\nLEFT JOIN training_item_extend trainingItemExtend4 on trainingItemExtend4.fk_item_id=this.id\nAND trainingItemExtend4.flag_item_extend_type=et4.id\nLEFT JOIN enum_const enumConstByFlagInfoSource on enumConstByFlagInfoSource.id=this.flag_info_source\nLEFT JOIN cooperate_unit cooperateUnit on cooperateUnit.id=this.fk_cooperate_unit_id\nLEFT JOIN enum_const enumConstByFlagCooperateUnitType on enumConstByFlagCooperateUnitType.id=cooperateUnit.flag_cooperate_unit_type\nLEFT JOIN pe_area cooperateUnitArea on cooperateUnitArea.id=cooperateUnit.fk_area_id\nLEFT JOIN entrusted_unit entrustedUnit on entrustedUnit.id=this.fk_entrusted_unit_id\nLEFT JOIN enum_const enumConstByFlagEntrustedUnitType on enumConstByFlagEntrustedUnitType.id=entrustedUnit.flag_entrusted_unit_type\nLEFT JOIN pe_area entrustedUnitArea on entrustedUnitArea.id=entrustedUnit.fk_area_id\nwhere this.site_code = \'${siteCode}\'' WHERE (`id`='societyTrainingItemApply');
INSERT INTO `grid_menu_config` (`fk_grid_id`, `flag_menu_type`, `flag_integrated_menu_type`, `text`, `show_type`, `column_type`, `fix`, `must_select_row`, `select_limit`, `data_index`, `null_text`, `show_confirm`, `confirm_text`, `url`, `extra_parameters`, `waiting_msg`, `success_msg`, `error_msg`, `open_mode`, `form_config`, `user_type`, `flag_is_valid`, `serial_number`, `script`, `column_data_index`, `value`, `tips`, `extend_menu_config`) VALUES ('societyTrainingItemApply', 'dc8475e8ff1a11e7ab1d001e671d0be8', NULL, '设置报名规则', 'top', 'left', '0', '1', '0', 'id', '', '1', '', NULL, NULL, '', NULL, NULL, '_blank', '{ 	formTitle:\'设置报名规则\', 	requestConfig:{ 		url:\'/entity/training/societyTrainingItemApply/setEnrollRegulation\', 		waitingMsg:\'处理中，请稍候...\' 	}, 	formFieldList:[ 		{ 			name:\'regulationId\', 			type:\'select\', 			labelText:\'报名规则\', 			selectDataMode:\'local\', 			selectDataUrl:\'/entity/training/societyTrainingItemApply/enrollRegulation\' 		} 	] }', NULL, '2', '11', NULL, NULL, NULL, '', '');

INSERT INTO `grid_column_config` (`ID`, `fk_action_grid_config_id`, `name`, `dataindex`, `data_column`, `search`, `to_add`, `to_update`, `column_can_update`, `list`, `report`, `type`, `dateFormat`, `allow_blank`, `max_length`, `check_message`, `check_regular`, `text_field_parameters`, `combo_sql`, `serial_number`, `flag_active`, `flag_bak`, `user_type`, `team`, `s_note`, `sql_result`, `is_html`, `default_text`, `cascade_columns`) VALUES ('4028ae3170a985310170a98f37c90000', 'enrollColumnManage', '备注', 'note', '', '1', '1', '1', '0', '1', '1', 'textArea', 'yyyy-MM-dd', '1', '255', '', '', NULL, '', '10', '4028809c1d625bcf011d66fd0dda0006', NULL, NULL, '', '', '', NULL, '', NULL);
INSERT INTO `grid_column_config` (`ID`, `fk_action_grid_config_id`, `name`, `dataindex`, `data_column`, `search`, `to_add`, `to_update`, `column_can_update`, `list`, `report`, `type`, `dateFormat`, `allow_blank`, `max_length`, `check_message`, `check_regular`, `text_field_parameters`, `combo_sql`, `serial_number`, `flag_active`, `flag_bak`, `user_type`, `team`, `s_note`, `sql_result`, `is_html`, `default_text`, `cascade_columns`) VALUES ('4028ae3170a985310170a99104940001', 'enrollColumnManage', '示例图片地址', 'examplePicture', '', '1', '1', '1', '0', '1', '1', 'TextField', 'yyyy-MM-dd', '1', '50', '', '', NULL, '', '11', '4028809c1d625bcf011d66fd0dda0006', NULL, NULL, '', '', '', NULL, '', NULL);

UPDATE `grid_basic_config` SET `dc`='EnrollColumn;enumConstByFlagEnrollColumnGroup;enumConstByFlagEnrollColumnType;enumConstByFlagIsAttachFile:left;' WHERE (`id`='enrollColumnManage');

INSERT INTO `grid_column_config` (`ID`, `fk_action_grid_config_id`, `name`, `dataindex`, `data_column`, `search`, `to_add`, `to_update`, `column_can_update`, `list`, `report`, `type`, `dateFormat`, `allow_blank`, `max_length`, `check_message`, `check_regular`, `text_field_parameters`, `combo_sql`, `serial_number`, `flag_active`, `flag_bak`, `user_type`, `team`, `s_note`, `sql_result`, `is_html`, `default_text`, `cascade_columns`) VALUES ('4028ae3170adc27a0170adcd89910000', 'enrollColumnManage', '是否附件', 'enumConstByFlagIsAttachFile.name', '', '1', '1', '1', '0', '1', '1', 'TextField', 'yyyy-MM-dd', '1', '50', '', '', NULL, '', '12', '4028809c1d625bcf011d66fd0dda0006', NULL, NULL, '', '', '', NULL, '', NULL);
INSERT INTO `grid_column_config` (`ID`, `fk_action_grid_config_id`, `name`, `dataindex`, `data_column`, `search`, `to_add`, `to_update`, `column_can_update`, `list`, `report`, `type`, `dateFormat`, `allow_blank`, `max_length`, `check_message`, `check_regular`, `text_field_parameters`, `combo_sql`, `serial_number`, `flag_active`, `flag_bak`, `user_type`, `team`, `s_note`, `sql_result`, `is_html`, `default_text`, `cascade_columns`) VALUES ('4028ae3170adc27a0170adcdb4720001', 'enrollColumnManage', 'enumConstByFlagIsAttachFile.id', 'enumConstByFlagIsAttachFile.id', '', '0', '0', '0', '0', '0', '0', 'TextField', 'yyyy-MM-dd', '1', '50', '', '', NULL, '', '13', '4028809c1d625bcf011d66fd0dda0006', NULL, NULL, '', '', '', NULL, '', NULL);
INSERT INTO `grid_column_config` (`ID`, `fk_action_grid_config_id`, `name`, `dataindex`, `data_column`, `search`, `to_add`, `to_update`, `column_can_update`, `list`, `report`, `type`, `dateFormat`, `allow_blank`, `max_length`, `check_message`, `check_regular`, `text_field_parameters`, `combo_sql`, `serial_number`, `flag_active`, `flag_bak`, `user_type`, `team`, `s_note`, `sql_result`, `is_html`, `default_text`, `cascade_columns`) VALUES ('4028ae3170adc27a0170adce67b80002', 'enrollColumnManage', '文件数量', 'fileNum', '', '1', '1', '1', '0', '1', '1', 'TextField', 'yyyy-MM-dd', '1', '50', '', '^[1-9]{0,3}$', '只能填写1-999的整数', '', '14', '4028809c1d625bcf011d66fd0dda0006', NULL, NULL, '', '', '', NULL, '', NULL);

UPDATE `grid_basic_config` SET `sqlstr`='SELECT\n  this.id as id,\n  md5(this.id) as md5Id,\n  peUnit.name as unitName,\n  peUnit.id as unitId,\n  this.code as code,\n  this.name as name,\n  this.linkman as linkman,\n  this.link_phone as linkPhone,\n  enumConstByFlagItemStatus.name as itemStatus,\n  enumConstByFlagItemStatus.id as itemStatusId,\n  createBy.TRUE_NAME as createByLoginId,\n  trainingItemExtend.id as trainingItemExtendId,\n  trainingItemExtend2.id as trainingItemExtendId2,\n  trainingItemExtend3.id as trainingItemExtendId3,\n  trainingItemExtend4.id as trainingItemExtendId4,\n  this.create_date as createDate,\n  checkUser.TRUE_NAME as checkUserLoginId,\n  this.check_date as checkDate,\n  enumConstByFlagTrainingType.name as trainingType,\n  enumConstByFlagTrainingTarget.name as trainingTarget,\n  enumConstByFlagTrainingType.id as trainingTypeId,\n  enumConstByFlagTrainingTarget.id as trainingTargetId,\n  enumConstByFlagIsLegal.id as isLegalId,\n  enumConstByFlagIsLegal.name as isLegalName,\n  this.training_start_time as trainingStartTime,\n  this.training_end_time as trainingEndTime,\n  this.training_person_number as trainingPersonNumber,\n  this.teacher_fee as teacherFee,\n  this.training_period as trainingPeriod,\n  this.room_fee as roomFee,\n  this.food_fee as foodFee,\n  this.training_address as trainingAddress,\n  this.transport_fee as transportFee,\n  this.teaching_fee as teachingFee,\n  this.enroll_end_time as enrollEndTime,\n  this.site_fee as siteFee,\n  this.other_fee as otherFee,\n  this.enroll_fee as enrollFee,\n  this.total_fee as totalFee,\n  this.material_fee as materialFee,\n  this.period_fee as periodFee,\n  this.put_on_record_time as putOnRecordTime,\n  this.collect_fee_unit as collectFeeUnit,\n  cooperateUnit.name as cooperateUnitName,\n  cooperateUnit.id as cooperateUnitId,\n  enumConstByFlagCooperateUnitType.name as cooperateUnitType,\n  cooperateUnitArea.name as cooperateUnitAreaName,\n  cooperateUnit.linkman as cooperateUnitLinkman,\n  cooperateUnit.telephone as cooperateUnitTelephone,\n  cooperateUnit.linkman_position as cooperateUnitLinkmanPosition,\n  cooperateUnit.division_proportion as cooperateUnitDivisionProportion,\n  entrustedUnit.name as entrustedUnitName,\n  enumConstByFlagEntrustedUnitType.name as entrustedUnitTypeName,\n  entrustedUnitArea.name as entrustedUnitAreaName,\n  enumConstByFlagInfoSource.name as infoSourceName,\n  enumConstByFlagInfoSource.id as infoSourceId,\n  entrustedUnit.id as entrustedUnitId,\n  concat(man.true_name,\'/\',man.login_id) as headName,\n  man.id as manId,\n  this.fk_enroll_regulation_id as regulation,\n  nc.id as needCheckId,\n  nc.name as needCheck\nFROM\n	training_item this \nINNER JOIN pe_unit peUnit on peUnit.id=this.fk_unit_id AND [peUnit|peUnit.id]\nINNER JOIN enum_const enumConstByFlagItemStatus on enumConstByFlagItemStatus.id=this.flag_item_status\nINNER JOIN enum_const enumConstByFlagTrainingType on enumConstByFlagTrainingType.id=this.flag_training_type\nINNER JOIN enum_const enumConstByFlagTrainingTarget on enumConstByFlagTrainingTarget.id=this.flag_training_target\nINNER JOIN enum_const enumConstByFlagIsLegal on enumConstByFlagIsLegal.id=this.flag_is_legal\nINNER JOIN enum_const enumConstByFlagTrainingItemType on enumConstByFlagTrainingItemType.id=this.flag_training_item_type\nAND enumConstByFlagTrainingItemType.code = \'1\'\nINNER JOIN enum_const et1 on et1.NAMESPACE=\'FlagItemExtendType\' and et1.code=\'1\'\nINNER JOIN enum_const et2 on et2.NAMESPACE=\'FlagItemExtendType\' and et2.code=\'2\'\nINNER JOIN enum_const et3 on et3.NAMESPACE=\'FlagItemExtendType\' and et3.code=\'3\'\nINNER JOIN enum_const et4 on et4.NAMESPACE=\'FlagItemExtendType\' and et4.code=\'4\'\nLEFT JOIN sso_user createBy on createBy.id=this.create_by\nLEFT JOIN pe_manager man on man.id=this.fk_manager_id\nLEFT JOIN sso_user checkUser on checkUser.id=this.fk_check_user_id\nLEFT JOIN training_item_extend trainingItemExtend on trainingItemExtend.fk_item_id=this.id\nAND trainingItemExtend.flag_item_extend_type=et1.id\nLEFT JOIN training_item_extend trainingItemExtend2 on trainingItemExtend2.fk_item_id=this.id\nAND trainingItemExtend2.flag_item_extend_type=et2.id\nLEFT JOIN training_item_extend trainingItemExtend3 on trainingItemExtend3.fk_item_id=this.id\nAND trainingItemExtend3.flag_item_extend_type=et3.id\nLEFT JOIN training_item_extend trainingItemExtend4 on trainingItemExtend4.fk_item_id=this.id\nAND trainingItemExtend4.flag_item_extend_type=et4.id\nLEFT JOIN enum_const enumConstByFlagInfoSource on enumConstByFlagInfoSource.id=this.flag_info_source\nLEFT JOIN cooperate_unit cooperateUnit on cooperateUnit.id=this.fk_cooperate_unit_id\nLEFT JOIN enum_const enumConstByFlagCooperateUnitType on enumConstByFlagCooperateUnitType.id=cooperateUnit.flag_cooperate_unit_type\nLEFT JOIN pe_area cooperateUnitArea on cooperateUnitArea.id=cooperateUnit.fk_area_id\nLEFT JOIN entrusted_unit entrustedUnit on entrustedUnit.id=this.fk_entrusted_unit_id\nLEFT JOIN enum_const enumConstByFlagEntrustedUnitType on enumConstByFlagEntrustedUnitType.id=entrustedUnit.flag_entrusted_unit_type\nLEFT JOIN pe_area entrustedUnitArea on entrustedUnitArea.id=entrustedUnit.fk_area_id\nLEFT JOIN enum_const nc on nc.id = this.flag_enroll_need_check\nwhere this.site_code = \'${siteCode}\'' WHERE (`id`='societyTrainingItemApply');
INSERT INTO `grid_column_config` (`ID`, `fk_action_grid_config_id`, `name`, `dataindex`, `data_column`, `search`, `to_add`, `to_update`, `column_can_update`, `list`, `report`, `type`, `dateFormat`, `allow_blank`, `max_length`, `check_message`, `check_regular`, `text_field_parameters`, `combo_sql`, `serial_number`, `flag_active`, `flag_bak`, `user_type`, `team`, `s_note`, `sql_result`, `is_html`, `default_text`, `cascade_columns`) VALUES ('4028ae3170c257700170c25b7d090000', 'societyTrainingItemApply', '是否需要审核', 'combobox_enumConstByFlagEnrollNeedCheck.needCheck', 'enumConstByFlagEnrollNeedCheck.name', '1', '1', '1', '0', '1', '1', 'TextField', 'yyyy-MM-dd', '1', '50', '', '', NULL, '', '43', '4028809c1d625bcf011d66fd0dda0006', NULL, NULL, '', '', '', NULL, '', NULL);
INSERT INTO `grid_column_config` (`ID`, `fk_action_grid_config_id`, `name`, `dataindex`, `data_column`, `search`, `to_add`, `to_update`, `column_can_update`, `list`, `report`, `type`, `dateFormat`, `allow_blank`, `max_length`, `check_message`, `check_regular`, `text_field_parameters`, `combo_sql`, `serial_number`, `flag_active`, `flag_bak`, `user_type`, `team`, `s_note`, `sql_result`, `is_html`, `default_text`, `cascade_columns`) VALUES ('4028ae3170c257700170c25c1d6b0001', 'societyTrainingItemApply', 'needCheckId', 'needCheckId', 'enumConstByFlagEnrollNeedCheck.id', '0', '0', '0', '0', '0', '0', 'TextField', 'yyyy-MM-dd', '1', '50', '', '', NULL, '', '44', '4028809c1d625bcf011d66fd0dda0006', NULL, NULL, '', '', '', NULL, '', NULL);
INSERT INTO `grid_column_config` (`ID`, `fk_action_grid_config_id`, `name`, `dataindex`, `data_column`, `search`, `to_add`, `to_update`, `column_can_update`, `list`, `report`, `type`, `dateFormat`, `allow_blank`, `max_length`, `check_message`, `check_regular`, `text_field_parameters`, `combo_sql`, `serial_number`, `flag_active`, `flag_bak`, `user_type`, `team`, `s_note`, `sql_result`, `is_html`, `default_text`, `cascade_columns`) VALUES ('4028ae3170c257700170c26264220002', 'societyTrainingItemApply', '报名规则', 'regulation', '', '0', '0', '0', '0', '1', '1', 'TextField', 'yyyy-MM-dd', '1', '50', '', '', NULL, '', '45', '4028809c1d625bcf011d66fd0dda0006', NULL, NULL, '', '', '', NULL, '', NULL);
