INSERT INTO `grid_basic_config` (`id`, `title`, `can_search`, `can_add`, `can_delete`, `can_update`, `can_batch_add`, `can_projections`, `first_search`, `entity_class`, `note`, `list_type`, `dc`, `flag_active`, `flag_bak`, `dateFormat`, `sqlstr`, `statistics`, `s_note`, `update_note`, `is_enum`, `countsql`, `isGroupSql`, `LIST_FUNCTION`, `FLAG_INTE_ACTIVE`, `fk_web_site_id`, `can_checked_all`, `add_mode`, `add_cmp_name`, `fk_chart_id`) VALUES ('requirementFollowUpInfoManage', '需求追踪记录', '1', NULL, NULL, NULL, NULL, '0', '0', 'com.whaty.domain.bean.RequirementFollowUpInfo', NULL, '0', 'RequirementFollowUpInfo;\nrequirementInfo;', '4028809c1d625bcf011d66fd0dda0006', NULL, NULL, '', NULL, NULL, NULL, NULL, NULL, NULL, '0', NULL, '4028ae316a09ee85016a09f4d7640000', '0', 'dialog', NULL, NULL);
INSERT INTO `grid_basic_config` (`id`, `title`, `can_search`, `can_add`, `can_delete`, `can_update`, `can_batch_add`, `can_projections`, `first_search`, `entity_class`, `note`, `list_type`, `dc`, `flag_active`, `flag_bak`, `dateFormat`, `sqlstr`, `statistics`, `s_note`, `update_note`, `is_enum`, `countsql`, `isGroupSql`, `LIST_FUNCTION`, `FLAG_INTE_ACTIVE`, `fk_web_site_id`, `can_checked_all`, `add_mode`, `add_cmp_name`, `fk_chart_id`) VALUES ('requirementFollowUpInfoSearch', '需求跟进记录查看', '1', NULL, NULL, NULL, NULL, '0', '0', 'com.whaty.domain.bean.RequirementFollowUpInfo', NULL, '0', 'RequirementFollowUpInfo;\nrequirementInfo;\npeManager;', '4028809c1d625bcf011d66fd0dda0006', NULL, NULL, '', NULL, NULL, NULL, NULL, NULL, NULL, '0', NULL, '4028ae316a09ee85016a09f4d7640000', '0', NULL, NULL, NULL);
INSERT INTO `grid_basic_config` (`id`, `title`, `can_search`, `can_add`, `can_delete`, `can_update`, `can_batch_add`, `can_projections`, `first_search`, `entity_class`, `note`, `list_type`, `dc`, `flag_active`, `flag_bak`, `dateFormat`, `sqlstr`, `statistics`, `s_note`, `update_note`, `is_enum`, `countsql`, `isGroupSql`, `LIST_FUNCTION`, `FLAG_INTE_ACTIVE`, `fk_web_site_id`, `can_checked_all`, `add_mode`, `add_cmp_name`, `fk_chart_id`) VALUES ('requirementInfoFollowUpList', '需求追踪管理', '1', NULL, NULL, NULL, NULL, '0', '0', 'com.whaty.domain.bean.RequirementInfo', NULL, '1', NULL, '4028809c1d625bcf011d66fd0dda0006', NULL, NULL, 'SELECT\n  re.id as id,\n	re.serial as serial,\n  re.customer as customer,\n  re.area as area,\n  re.linkman as linkman,\n  re.link_phone as linkPhone,\n  tt.name as target,\n  re.requirement_info as requirementInfo,\n  source.name as source,\n  cre.name as createUser,\n  re.create_time as createTime,\n  man.name as followUpUser,\n  re.accept_time as acceptTime,\n  rt.name as requirementStatus,\n  ft.name as followUpStatus,\n  ft.id as followUpStatusId,\n  re.daily_training_fee as dailyTrainingFee,\n  re.daily_room_fee as dailyRoomFee,\n  re.daily_transport_fee as dailyTransportFee,\n  re.daily_food_fee as dailyFoodFee,\n  re.daily_tea_break_fee as dailyTeaBreakFee,\n  re.other_fee as otherFee,\n  re.note as note\nFROM\n	requirement_info re \nINNER JOIN enum_const tt on tt.id=re.flag_training_target\nINNER JOIN enum_const source on source.id=re.flag_info_source\nINNER JOIN pe_manager cre on re.fk_create_user_id=cre.id\nINNER JOIN pe_manager man on re.fk_follow_up_user_id=man.id\nINNER JOIN sso_user sso on sso.id=man.fk_sso_user_id  and [ssoUser|sso.id]\nINNER JOIN enum_const rt on rt.id=re.flag_requirement_status\nLEFT JOIN enum_const ft on ft.id=re.flag_follow_up_status\nwhere \n     re.site_code = \'${siteCode}\'', NULL, NULL, NULL, NULL, NULL, NULL, '0', NULL, '4028ae316a09ee85016a09f4d7640000', '0', NULL, NULL, NULL);
INSERT INTO `grid_basic_config` (`id`, `title`, `can_search`, `can_add`, `can_delete`, `can_update`, `can_batch_add`, `can_projections`, `first_search`, `entity_class`, `note`, `list_type`, `dc`, `flag_active`, `flag_bak`, `dateFormat`, `sqlstr`, `statistics`, `s_note`, `update_note`, `is_enum`, `countsql`, `isGroupSql`, `LIST_FUNCTION`, `FLAG_INTE_ACTIVE`, `fk_web_site_id`, `can_checked_all`, `add_mode`, `add_cmp_name`, `fk_chart_id`) VALUES ('requirementInfoManage', '需求信息管理', '1', NULL, NULL, NULL, NULL, '0', '0', 'com.whaty.domain.bean.RequirementInfo', NULL, '1', NULL, '4028809c1d625bcf011d66fd0dda0006', NULL, NULL, 'SELECT\n  re.id as id,\n  re.serial as serial,\n  re.customer as customer,\n  re.area as area,\n  re.linkman as linkman,\n  re.link_phone as linkPhone,\n  tt.name as target,\n  tt.id as targetId,\n  re.requirement_info as requirementInfo,\n  source.name as source,\n  source.id as sourceId,\n  cre.name as createUser,\n  re.create_time as createTime,\n  man.name as followUpUser,\n  re.accept_time as acceptTime,\n  rt.name as requirementStatus,\n  ft.name as followUpStatus\nFROM\n	requirement_info re \nINNER JOIN enum_const tt on tt.id=re.flag_training_target\nINNER JOIN enum_const source on source.id=re.flag_info_source\nINNER JOIN pe_manager cre on re.fk_create_user_id=cre.id \nINNER JOIN sso_user sso on sso.id=cre.fk_sso_user_id and [ssoUser|sso.id]\nLEFT JOIN pe_manager man on re.fk_follow_up_user_id=man.id\nLEFT JOIN enum_const rt on rt.id=re.flag_requirement_status\nLEFT JOIN enum_const ft on ft.id=re.flag_follow_up_status\nwhere \n     re.site_code = \'${siteCode}\'', NULL, NULL, NULL, NULL, NULL, NULL, '0', NULL, '4028ae316a09ee85016a09f4d7640000', '0', 'dialog', NULL, NULL);
INSERT INTO `grid_basic_config` (`id`, `title`, `can_search`, `can_add`, `can_delete`, `can_update`, `can_batch_add`, `can_projections`, `first_search`, `entity_class`, `note`, `list_type`, `dc`, `flag_active`, `flag_bak`, `dateFormat`, `sqlstr`, `statistics`, `s_note`, `update_note`, `is_enum`, `countsql`, `isGroupSql`, `LIST_FUNCTION`, `FLAG_INTE_ACTIVE`, `fk_web_site_id`, `can_checked_all`, `add_mode`, `add_cmp_name`, `fk_chart_id`) VALUES ('requirementInfoSearch', '需求信息查询', '1', NULL, NULL, NULL, NULL, '0', '0', 'com.whaty.domain.bean.RequirementInfo', NULL, '1', NULL, '4028809c1d625bcf011d66fd0dda0006', NULL, NULL, 'SELECT\n  re.id as id,\n	re.serial as serial,\n  re.customer as customer,\n  re.area as area,\n  re.linkman as linkman,\n  re.link_phone as linkPhone,\n  tt.name as target,\n  re.requirement_info as requirementInfo,\n  source.name as source,\n  cre.name as createUser,\n  re.create_time as createTime,\n  man.name as followUpUser,\n  re.accept_time as acceptTime,\n  rt.name as requirementStatus,\n  ft.name as followUpStatus,\n  re.daily_training_fee as dailyTrainingFee,\n  re.daily_room_fee as dailyRoomFee,\n  re.daily_transport_fee as dailyTransportFee,\n  re.daily_food_fee as dailyFoodFee,\n  re.daily_tea_break_fee as dailyTeaBreakFee,\n  re.other_fee as otherFee,\n  re.note as note\nFROM\n	requirement_info re \nINNER JOIN enum_const tt on tt.id=re.flag_training_target\nINNER JOIN enum_const source on source.id=re.flag_info_source\nINNER JOIN pe_manager cre on re.fk_create_user_id=cre.id\nINNER JOIN pe_manager man on re.fk_follow_up_user_id=man.id and [peUnit|man.fk_unit_id]\nINNER JOIN sso_user sso on sso.id=man.fk_sso_user_id\nINNER JOIN enum_const rt on rt.id=re.flag_requirement_status\nLEFT JOIN enum_const ft on ft.id=re.flag_follow_up_status\nwhere \n     re.site_code = \'${siteCode}\'', NULL, NULL, NULL, NULL, NULL, NULL, '0', NULL, '4028ae316a09ee85016a09f4d7640000', '0', NULL, NULL, NULL);

INSERT INTO `grid_column_config` (`ID`, `fk_action_grid_config_id`, `name`, `dataindex`, `data_column`, `search`, `to_add`, `to_update`, `column_can_update`, `list`, `report`, `type`, `dateFormat`, `allow_blank`, `max_length`, `check_message`, `check_regular`, `text_field_parameters`, `combo_sql`, `serial_number`, `flag_active`, `flag_bak`, `user_type`, `team`, `s_note`, `sql_result`, `is_html`, `default_text`, `cascade_columns`) VALUES ('0b280de4adf211e9a734fcaa140ebf84', 'requirementInfoFollowUpList', 'id', 'id', NULL, '0', '0', NULL, '0', '0', '0', 'TextField', NULL, '0', '50', NULL, NULL, NULL, NULL, '0', '4028809c1d625bcf011d66fd0dda0006', NULL, NULL, NULL, NULL, NULL, NULL, NULL, NULL);
INSERT INTO `grid_column_config` (`ID`, `fk_action_grid_config_id`, `name`, `dataindex`, `data_column`, `search`, `to_add`, `to_update`, `column_can_update`, `list`, `report`, `type`, `dateFormat`, `allow_blank`, `max_length`, `check_message`, `check_regular`, `text_field_parameters`, `combo_sql`, `serial_number`, `flag_active`, `flag_bak`, `user_type`, `team`, `s_note`, `sql_result`, `is_html`, `default_text`, `cascade_columns`) VALUES ('0b2811bcadf211e9a734fcaa140ebf84', 'requirementInfoFollowUpList', '编号', 'serial', NULL, '1', '0', NULL, '0', '1', '1', 'TextField', NULL, '0', '16', NULL, NULL, NULL, NULL, '1', '4028809c1d625bcf011d66fd0dda0006', NULL, NULL, NULL, NULL, NULL, NULL, NULL, NULL);
INSERT INTO `grid_column_config` (`ID`, `fk_action_grid_config_id`, `name`, `dataindex`, `data_column`, `search`, `to_add`, `to_update`, `column_can_update`, `list`, `report`, `type`, `dateFormat`, `allow_blank`, `max_length`, `check_message`, `check_regular`, `text_field_parameters`, `combo_sql`, `serial_number`, `flag_active`, `flag_bak`, `user_type`, `team`, `s_note`, `sql_result`, `is_html`, `default_text`, `cascade_columns`) VALUES ('0b2813c6adf211e9a734fcaa140ebf84', 'requirementInfoFollowUpList', '客户名称', 'customer', NULL, '1', '0', NULL, '0', '1', '1', 'TextField', NULL, '0', '100', NULL, NULL, NULL, NULL, '2', '4028809c1d625bcf011d66fd0dda0006', NULL, NULL, NULL, NULL, NULL, NULL, NULL, NULL);
INSERT INTO `grid_column_config` (`ID`, `fk_action_grid_config_id`, `name`, `dataindex`, `data_column`, `search`, `to_add`, `to_update`, `column_can_update`, `list`, `report`, `type`, `dateFormat`, `allow_blank`, `max_length`, `check_message`, `check_regular`, `text_field_parameters`, `combo_sql`, `serial_number`, `flag_active`, `flag_bak`, `user_type`, `team`, `s_note`, `sql_result`, `is_html`, `default_text`, `cascade_columns`) VALUES ('0b281571adf211e9a734fcaa140ebf84', 'requirementInfoFollowUpList', '地区', 'area', NULL, '1', '0', NULL, '0', '1', '1', 'TextField', NULL, '0', '50', NULL, NULL, NULL, NULL, '3', '4028809c1d625bcf011d66fd0dda0006', NULL, NULL, NULL, NULL, NULL, NULL, NULL, NULL);
INSERT INTO `grid_column_config` (`ID`, `fk_action_grid_config_id`, `name`, `dataindex`, `data_column`, `search`, `to_add`, `to_update`, `column_can_update`, `list`, `report`, `type`, `dateFormat`, `allow_blank`, `max_length`, `check_message`, `check_regular`, `text_field_parameters`, `combo_sql`, `serial_number`, `flag_active`, `flag_bak`, `user_type`, `team`, `s_note`, `sql_result`, `is_html`, `default_text`, `cascade_columns`) VALUES ('0b281705adf211e9a734fcaa140ebf84', 'requirementInfoFollowUpList', '联系人', 'linkman', NULL, '1', '0', NULL, '0', '1', '1', 'TextField', NULL, '0', '50', NULL, NULL, NULL, NULL, '4', '4028809c1d625bcf011d66fd0dda0006', NULL, NULL, NULL, NULL, NULL, NULL, NULL, NULL);
INSERT INTO `grid_column_config` (`ID`, `fk_action_grid_config_id`, `name`, `dataindex`, `data_column`, `search`, `to_add`, `to_update`, `column_can_update`, `list`, `report`, `type`, `dateFormat`, `allow_blank`, `max_length`, `check_message`, `check_regular`, `text_field_parameters`, `combo_sql`, `serial_number`, `flag_active`, `flag_bak`, `user_type`, `team`, `s_note`, `sql_result`, `is_html`, `default_text`, `cascade_columns`) VALUES ('0b281d68adf211e9a734fcaa140ebf84', 'requirementInfoFollowUpList', '联系电话', 'linkPhone', NULL, '1', '0', NULL, '0', '1', '1', 'TextField', NULL, '0', '50', NULL, NULL, NULL, NULL, '5', '4028809c1d625bcf011d66fd0dda0006', NULL, NULL, NULL, NULL, NULL, NULL, NULL, NULL);
INSERT INTO `grid_column_config` (`ID`, `fk_action_grid_config_id`, `name`, `dataindex`, `data_column`, `search`, `to_add`, `to_update`, `column_can_update`, `list`, `report`, `type`, `dateFormat`, `allow_blank`, `max_length`, `check_message`, `check_regular`, `text_field_parameters`, `combo_sql`, `serial_number`, `flag_active`, `flag_bak`, `user_type`, `team`, `s_note`, `sql_result`, `is_html`, `default_text`, `cascade_columns`) VALUES ('0b281ed3adf211e9a734fcaa140ebf84', 'requirementInfoFollowUpList', '培训对象', 'combobox_enumConstByFlagTrainingTarget.target', 'enumConstByFlagTrainingTarget.name', '1', '0', NULL, '0', '1', '1', 'TextField', NULL, '0', '50', NULL, NULL, NULL, NULL, '6', '4028809c1d625bcf011d66fd0dda0006', NULL, NULL, NULL, NULL, NULL, NULL, NULL, NULL);
INSERT INTO `grid_column_config` (`ID`, `fk_action_grid_config_id`, `name`, `dataindex`, `data_column`, `search`, `to_add`, `to_update`, `column_can_update`, `list`, `report`, `type`, `dateFormat`, `allow_blank`, `max_length`, `check_message`, `check_regular`, `text_field_parameters`, `combo_sql`, `serial_number`, `flag_active`, `flag_bak`, `user_type`, `team`, `s_note`, `sql_result`, `is_html`, `default_text`, `cascade_columns`) VALUES ('0b28203cadf211e9a734fcaa140ebf84', 'requirementInfoFollowUpList', '需求信息', 'requirementInfo', NULL, '1', '0', NULL, '0', '1', '1', 'TextField', NULL, '0', '50', NULL, NULL, NULL, NULL, '7', '4028809c1d625bcf011d66fd0dda0006', NULL, NULL, NULL, NULL, NULL, NULL, NULL, NULL);
INSERT INTO `grid_column_config` (`ID`, `fk_action_grid_config_id`, `name`, `dataindex`, `data_column`, `search`, `to_add`, `to_update`, `column_can_update`, `list`, `report`, `type`, `dateFormat`, `allow_blank`, `max_length`, `check_message`, `check_regular`, `text_field_parameters`, `combo_sql`, `serial_number`, `flag_active`, `flag_bak`, `user_type`, `team`, `s_note`, `sql_result`, `is_html`, `default_text`, `cascade_columns`) VALUES ('0b28218dadf211e9a734fcaa140ebf84', 'requirementInfoFollowUpList', '信息来源', 'combobox_enumConstByFlagInfoSource.source', 'enumConstByFlagInfoSource.name', '1', '0', NULL, '0', '1', '1', 'TextField', NULL, '0', '50', NULL, NULL, NULL, NULL, '8', '4028809c1d625bcf011d66fd0dda0006', NULL, NULL, NULL, NULL, NULL, NULL, NULL, NULL);
INSERT INTO `grid_column_config` (`ID`, `fk_action_grid_config_id`, `name`, `dataindex`, `data_column`, `search`, `to_add`, `to_update`, `column_can_update`, `list`, `report`, `type`, `dateFormat`, `allow_blank`, `max_length`, `check_message`, `check_regular`, `text_field_parameters`, `combo_sql`, `serial_number`, `flag_active`, `flag_bak`, `user_type`, `team`, `s_note`, `sql_result`, `is_html`, `default_text`, `cascade_columns`) VALUES ('0b2822f2adf211e9a734fcaa140ebf84', 'requirementInfoFollowUpList', '录入人员', 'combobox_peManager.createUser', 'createUser.name', '1', '0', '0', '0', '1', '1', 'TextField', NULL, '0', '50', NULL, NULL, NULL, NULL, '16', '4028809c1d625bcf011d66fd0dda0006', NULL, NULL, NULL, NULL, NULL, NULL, NULL, NULL);
INSERT INTO `grid_column_config` (`ID`, `fk_action_grid_config_id`, `name`, `dataindex`, `data_column`, `search`, `to_add`, `to_update`, `column_can_update`, `list`, `report`, `type`, `dateFormat`, `allow_blank`, `max_length`, `check_message`, `check_regular`, `text_field_parameters`, `combo_sql`, `serial_number`, `flag_active`, `flag_bak`, `user_type`, `team`, `s_note`, `sql_result`, `is_html`, `default_text`, `cascade_columns`) VALUES ('0b2df8d5adf211e9a734fcaa140ebf84', 'requirementInfoFollowUpList', '录入时间', 'createTime', NULL, '1', '0', NULL, '0', '1', '1', 'datetime', NULL, '0', '50', NULL, NULL, NULL, NULL, '17', '4028809c1d625bcf011d66fd0dda0006', NULL, NULL, NULL, NULL, NULL, NULL, NULL, NULL);
INSERT INTO `grid_column_config` (`ID`, `fk_action_grid_config_id`, `name`, `dataindex`, `data_column`, `search`, `to_add`, `to_update`, `column_can_update`, `list`, `report`, `type`, `dateFormat`, `allow_blank`, `max_length`, `check_message`, `check_regular`, `text_field_parameters`, `combo_sql`, `serial_number`, `flag_active`, `flag_bak`, `user_type`, `team`, `s_note`, `sql_result`, `is_html`, `default_text`, `cascade_columns`) VALUES ('0b2dfca7adf211e9a734fcaa140ebf84', 'requirementInfoFollowUpList', '接受时间', 'acceptTime', NULL, '1', '0', NULL, '0', '1', '1', 'datetime', NULL, '1', '50', NULL, NULL, NULL, NULL, '18', '4028809c1d625bcf011d66fd0dda0006', NULL, NULL, NULL, NULL, NULL, NULL, NULL, NULL);
INSERT INTO `grid_column_config` (`ID`, `fk_action_grid_config_id`, `name`, `dataindex`, `data_column`, `search`, `to_add`, `to_update`, `column_can_update`, `list`, `report`, `type`, `dateFormat`, `allow_blank`, `max_length`, `check_message`, `check_regular`, `text_field_parameters`, `combo_sql`, `serial_number`, `flag_active`, `flag_bak`, `user_type`, `team`, `s_note`, `sql_result`, `is_html`, `default_text`, `cascade_columns`) VALUES ('0b2dffafadf211e9a734fcaa140ebf84', 'requirementInfoFollowUpList', '追踪状态', 'combobox_enumConstByFlagFollowUpStatus.followUpStatus', 'enumConstByFlagFollowUpStatus.name', '1', '0', '1', '0', '1', '1', 'TextField', NULL, '1', '50', NULL, NULL, NULL, NULL, '19', '4028809c1d625bcf011d66fd0dda0006', NULL, NULL, NULL, NULL, NULL, NULL, NULL, NULL);
INSERT INTO `grid_column_config` (`ID`, `fk_action_grid_config_id`, `name`, `dataindex`, `data_column`, `search`, `to_add`, `to_update`, `column_can_update`, `list`, `report`, `type`, `dateFormat`, `allow_blank`, `max_length`, `check_message`, `check_regular`, `text_field_parameters`, `combo_sql`, `serial_number`, `flag_active`, `flag_bak`, `user_type`, `team`, `s_note`, `sql_result`, `is_html`, `default_text`, `cascade_columns`) VALUES ('4028aec76c22b5f4016c23344aab0000', 'requirementInfoManage', 'id', 'id', NULL, '0', '0', '0', '0', '0', '0', 'TextField', NULL, '1', '50', NULL, NULL, NULL, NULL, '0', '4028809c1d625bcf011d66fd0dda0006', NULL, NULL, NULL, NULL, NULL, NULL, NULL, NULL);
INSERT INTO `grid_column_config` (`ID`, `fk_action_grid_config_id`, `name`, `dataindex`, `data_column`, `search`, `to_add`, `to_update`, `column_can_update`, `list`, `report`, `type`, `dateFormat`, `allow_blank`, `max_length`, `check_message`, `check_regular`, `text_field_parameters`, `combo_sql`, `serial_number`, `flag_active`, `flag_bak`, `user_type`, `team`, `s_note`, `sql_result`, `is_html`, `default_text`, `cascade_columns`) VALUES ('4028aec76c22b5f4016c23344ab40001', 'requirementInfoManage', '编号', 'serial', 'serial', '1', '0', '0', '0', '1', '1', 'TextField', NULL, '0', '16', NULL, NULL, NULL, NULL, '1', '4028809c1d625bcf011d66fd0dda0006', NULL, NULL, NULL, NULL, NULL, NULL, NULL, NULL);
INSERT INTO `grid_column_config` (`ID`, `fk_action_grid_config_id`, `name`, `dataindex`, `data_column`, `search`, `to_add`, `to_update`, `column_can_update`, `list`, `report`, `type`, `dateFormat`, `allow_blank`, `max_length`, `check_message`, `check_regular`, `text_field_parameters`, `combo_sql`, `serial_number`, `flag_active`, `flag_bak`, `user_type`, `team`, `s_note`, `sql_result`, `is_html`, `default_text`, `cascade_columns`) VALUES ('4028aec76c22b5f4016c23344ab40002', 'requirementInfoManage', '客户名称', 'customer', 'customer', '1', '1', '1', '1', '1', '1', 'TextField', NULL, '0', '100', NULL, NULL, NULL, NULL, '2', '4028809c1d625bcf011d66fd0dda0006', NULL, NULL, NULL, NULL, NULL, NULL, NULL, NULL);
INSERT INTO `grid_column_config` (`ID`, `fk_action_grid_config_id`, `name`, `dataindex`, `data_column`, `search`, `to_add`, `to_update`, `column_can_update`, `list`, `report`, `type`, `dateFormat`, `allow_blank`, `max_length`, `check_message`, `check_regular`, `text_field_parameters`, `combo_sql`, `serial_number`, `flag_active`, `flag_bak`, `user_type`, `team`, `s_note`, `sql_result`, `is_html`, `default_text`, `cascade_columns`) VALUES ('4028aec76c22b5f4016c23344ab40003', 'requirementInfoManage', '地区', 'area', NULL, '1', '1', NULL, '1', '1', '1', 'TextField', NULL, '0', '50', NULL, NULL, NULL, NULL, '3', '4028809c1d625bcf011d66fd0dda0006', NULL, NULL, NULL, NULL, NULL, NULL, NULL, NULL);
INSERT INTO `grid_column_config` (`ID`, `fk_action_grid_config_id`, `name`, `dataindex`, `data_column`, `search`, `to_add`, `to_update`, `column_can_update`, `list`, `report`, `type`, `dateFormat`, `allow_blank`, `max_length`, `check_message`, `check_regular`, `text_field_parameters`, `combo_sql`, `serial_number`, `flag_active`, `flag_bak`, `user_type`, `team`, `s_note`, `sql_result`, `is_html`, `default_text`, `cascade_columns`) VALUES ('4028aec76c22b5f4016c23344ab40004', 'requirementInfoManage', '联系人', 'linkman', NULL, '1', '1', NULL, '1', '1', '1', 'TextField', NULL, '0', '50', NULL, NULL, NULL, NULL, '4', '4028809c1d625bcf011d66fd0dda0006', NULL, NULL, NULL, NULL, NULL, NULL, NULL, NULL);
INSERT INTO `grid_column_config` (`ID`, `fk_action_grid_config_id`, `name`, `dataindex`, `data_column`, `search`, `to_add`, `to_update`, `column_can_update`, `list`, `report`, `type`, `dateFormat`, `allow_blank`, `max_length`, `check_message`, `check_regular`, `text_field_parameters`, `combo_sql`, `serial_number`, `flag_active`, `flag_bak`, `user_type`, `team`, `s_note`, `sql_result`, `is_html`, `default_text`, `cascade_columns`) VALUES ('4028aec76c22b5f4016c23344ab40005', 'requirementInfoManage', '联系电话', 'linkPhone', NULL, '1', '1', NULL, '1', '1', '1', 'TextField', NULL, '0', '50', NULL, NULL, NULL, NULL, '5', '4028809c1d625bcf011d66fd0dda0006', NULL, NULL, NULL, NULL, NULL, NULL, NULL, NULL);
INSERT INTO `grid_column_config` (`ID`, `fk_action_grid_config_id`, `name`, `dataindex`, `data_column`, `search`, `to_add`, `to_update`, `column_can_update`, `list`, `report`, `type`, `dateFormat`, `allow_blank`, `max_length`, `check_message`, `check_regular`, `text_field_parameters`, `combo_sql`, `serial_number`, `flag_active`, `flag_bak`, `user_type`, `team`, `s_note`, `sql_result`, `is_html`, `default_text`, `cascade_columns`) VALUES ('4028aec76c22b5f4016c23344ab40006', 'requirementInfoManage', '培训对象', 'combobox_enumConstByFlagTrainingTarget.target', 'enumConstByFlagTrainingTarget.name', '1', '1', NULL, '1', '1', '1', 'TextField', NULL, '0', '50', NULL, NULL, NULL, NULL, '6', '4028809c1d625bcf011d66fd0dda0006', NULL, NULL, NULL, NULL, NULL, NULL, NULL, NULL);
INSERT INTO `grid_column_config` (`ID`, `fk_action_grid_config_id`, `name`, `dataindex`, `data_column`, `search`, `to_add`, `to_update`, `column_can_update`, `list`, `report`, `type`, `dateFormat`, `allow_blank`, `max_length`, `check_message`, `check_regular`, `text_field_parameters`, `combo_sql`, `serial_number`, `flag_active`, `flag_bak`, `user_type`, `team`, `s_note`, `sql_result`, `is_html`, `default_text`, `cascade_columns`) VALUES ('4028aec76c22b5f4016c23344ab50007', 'requirementInfoManage', '需求说明', 'requirementInfo', NULL, '1', '1', '1', '1', '1', '1', 'textArea', NULL, '0', '50', NULL, NULL, NULL, NULL, '7', '4028809c1d625bcf011d66fd0dda0006', NULL, NULL, NULL, NULL, NULL, NULL, NULL, NULL);
INSERT INTO `grid_column_config` (`ID`, `fk_action_grid_config_id`, `name`, `dataindex`, `data_column`, `search`, `to_add`, `to_update`, `column_can_update`, `list`, `report`, `type`, `dateFormat`, `allow_blank`, `max_length`, `check_message`, `check_regular`, `text_field_parameters`, `combo_sql`, `serial_number`, `flag_active`, `flag_bak`, `user_type`, `team`, `s_note`, `sql_result`, `is_html`, `default_text`, `cascade_columns`) VALUES ('4028aec76c22b5f4016c23344ab50008', 'requirementInfoManage', '信息来源', 'combobox_enumConstByFlagInfoSource.source', 'enumConstByFlagInfoSource.name', '1', '1', NULL, '1', '1', '1', 'TextField', NULL, '0', '50', NULL, NULL, NULL, NULL, '8', '4028809c1d625bcf011d66fd0dda0006', NULL, NULL, NULL, NULL, NULL, NULL, NULL, NULL);
INSERT INTO `grid_column_config` (`ID`, `fk_action_grid_config_id`, `name`, `dataindex`, `data_column`, `search`, `to_add`, `to_update`, `column_can_update`, `list`, `report`, `type`, `dateFormat`, `allow_blank`, `max_length`, `check_message`, `check_regular`, `text_field_parameters`, `combo_sql`, `serial_number`, `flag_active`, `flag_bak`, `user_type`, `team`, `s_note`, `sql_result`, `is_html`, `default_text`, `cascade_columns`) VALUES ('4028aec76c22b5f4016c23344ab50009', 'requirementInfoManage', '录入人员', 'combobox_peManager.createUser', 'createUser.name', '1', '0', NULL, '0', '1', '1', 'TextField', NULL, '0', '50', NULL, NULL, NULL, NULL, '9', '4028809c1d625bcf011d66fd0dda0006', NULL, NULL, NULL, NULL, NULL, NULL, NULL, NULL);
INSERT INTO `grid_column_config` (`ID`, `fk_action_grid_config_id`, `name`, `dataindex`, `data_column`, `search`, `to_add`, `to_update`, `column_can_update`, `list`, `report`, `type`, `dateFormat`, `allow_blank`, `max_length`, `check_message`, `check_regular`, `text_field_parameters`, `combo_sql`, `serial_number`, `flag_active`, `flag_bak`, `user_type`, `team`, `s_note`, `sql_result`, `is_html`, `default_text`, `cascade_columns`) VALUES ('4028aec76c22b5f4016c23344ab5000a', 'requirementInfoManage', '录入时间', 'createTime', NULL, '1', '0', '0', '0', '1', '1', 'datetime', 'yyyy-MM-dd HH:mm:ss', '0', '50', NULL, NULL, NULL, NULL, '10', '4028809c1d625bcf011d66fd0dda0006', NULL, NULL, NULL, NULL, NULL, NULL, NULL, NULL);
INSERT INTO `grid_column_config` (`ID`, `fk_action_grid_config_id`, `name`, `dataindex`, `data_column`, `search`, `to_add`, `to_update`, `column_can_update`, `list`, `report`, `type`, `dateFormat`, `allow_blank`, `max_length`, `check_message`, `check_regular`, `text_field_parameters`, `combo_sql`, `serial_number`, `flag_active`, `flag_bak`, `user_type`, `team`, `s_note`, `sql_result`, `is_html`, `default_text`, `cascade_columns`) VALUES ('4028aec76c22b5f4016c23344ab5000b', 'requirementInfoManage', '追踪人', 'combobox_peManager.followUpUser', 'followUpUser.name', '1', '1', '0', '1', '1', '1', 'TextField', NULL, '1', '50', NULL, NULL, NULL, NULL, '11', '4028809c1d625bcf011d66fd0dda0006', NULL, NULL, NULL, NULL, NULL, NULL, NULL, NULL);
INSERT INTO `grid_column_config` (`ID`, `fk_action_grid_config_id`, `name`, `dataindex`, `data_column`, `search`, `to_add`, `to_update`, `column_can_update`, `list`, `report`, `type`, `dateFormat`, `allow_blank`, `max_length`, `check_message`, `check_regular`, `text_field_parameters`, `combo_sql`, `serial_number`, `flag_active`, `flag_bak`, `user_type`, `team`, `s_note`, `sql_result`, `is_html`, `default_text`, `cascade_columns`) VALUES ('4028aec76c22b5f4016c23344ab5000c', 'requirementInfoManage', '接受时间', 'acceptTime', NULL, '1', '0', '0', '0', '1', '1', 'datetime', 'yyyy-MM-dd HH:mm:ss', '1', '50', NULL, NULL, NULL, NULL, '12', '4028809c1d625bcf011d66fd0dda0006', NULL, NULL, NULL, NULL, NULL, NULL, NULL, NULL);
INSERT INTO `grid_column_config` (`ID`, `fk_action_grid_config_id`, `name`, `dataindex`, `data_column`, `search`, `to_add`, `to_update`, `column_can_update`, `list`, `report`, `type`, `dateFormat`, `allow_blank`, `max_length`, `check_message`, `check_regular`, `text_field_parameters`, `combo_sql`, `serial_number`, `flag_active`, `flag_bak`, `user_type`, `team`, `s_note`, `sql_result`, `is_html`, `default_text`, `cascade_columns`) VALUES ('4028aec76c22b5f4016c23344ab5000d', 'requirementInfoManage', '需求状态', 'combobox_enumConstByRequirementStatus.requirementStatus', 'enumConstByFlagRequirementStatus.name', '1', '0', NULL, '0', '1', '1', 'TextField', NULL, '1', '50', NULL, NULL, NULL, NULL, '13', '4028809c1d625bcf011d66fd0dda0006', NULL, NULL, NULL, NULL, NULL, NULL, NULL, NULL);
INSERT INTO `grid_column_config` (`ID`, `fk_action_grid_config_id`, `name`, `dataindex`, `data_column`, `search`, `to_add`, `to_update`, `column_can_update`, `list`, `report`, `type`, `dateFormat`, `allow_blank`, `max_length`, `check_message`, `check_regular`, `text_field_parameters`, `combo_sql`, `serial_number`, `flag_active`, `flag_bak`, `user_type`, `team`, `s_note`, `sql_result`, `is_html`, `default_text`, `cascade_columns`) VALUES ('4028aec76c22b5f4016c23344ab5000e', 'requirementInfoManage', '追踪状态', 'combobox_enumConstByFlagFollowUpStatus.followUpStatus', 'enumConstByFlagFollowUpStatus.name', '1', '0', NULL, '0', '1', '1', 'TextField', NULL, '1', '50', NULL, NULL, NULL, NULL, '14', '4028809c1d625bcf011d66fd0dda0006', NULL, NULL, NULL, NULL, NULL, NULL, NULL, NULL);
INSERT INTO `grid_column_config` (`ID`, `fk_action_grid_config_id`, `name`, `dataindex`, `data_column`, `search`, `to_add`, `to_update`, `column_can_update`, `list`, `report`, `type`, `dateFormat`, `allow_blank`, `max_length`, `check_message`, `check_regular`, `text_field_parameters`, `combo_sql`, `serial_number`, `flag_active`, `flag_bak`, `user_type`, `team`, `s_note`, `sql_result`, `is_html`, `default_text`, `cascade_columns`) VALUES ('4028aec76c22b5f4016c23344ab5000f', 'requirementInfoManage', 'enumConstByFlagInfoSource.id', 'sourceId', 'enumConstByFlagInfoSource.id', '0', '0', '0', '0', '0', '0', 'TextField', NULL, '1', '50', NULL, NULL, NULL, NULL, '99', '4028809c1d625bcf011d66fd0dda0006', NULL, NULL, NULL, NULL, NULL, NULL, NULL, NULL);
INSERT INTO `grid_column_config` (`ID`, `fk_action_grid_config_id`, `name`, `dataindex`, `data_column`, `search`, `to_add`, `to_update`, `column_can_update`, `list`, `report`, `type`, `dateFormat`, `allow_blank`, `max_length`, `check_message`, `check_regular`, `text_field_parameters`, `combo_sql`, `serial_number`, `flag_active`, `flag_bak`, `user_type`, `team`, `s_note`, `sql_result`, `is_html`, `default_text`, `cascade_columns`) VALUES ('4028aec76c22b5f4016c23344ab50010', 'requirementInfoManage', 'enumConstByFlagTrainingTarget.id', 'targetId', 'enumConstByFlagTrainingTarget.id', '0', '0', '0', '0', '0', '0', 'TextField', NULL, '1', '50', NULL, NULL, NULL, NULL, '99', '4028809c1d625bcf011d66fd0dda0006', NULL, NULL, NULL, NULL, NULL, NULL, NULL, NULL);
INSERT INTO `grid_column_config` (`ID`, `fk_action_grid_config_id`, `name`, `dataindex`, `data_column`, `search`, `to_add`, `to_update`, `column_can_update`, `list`, `report`, `type`, `dateFormat`, `allow_blank`, `max_length`, `check_message`, `check_regular`, `text_field_parameters`, `combo_sql`, `serial_number`, `flag_active`, `flag_bak`, `user_type`, `team`, `s_note`, `sql_result`, `is_html`, `default_text`, `cascade_columns`) VALUES ('4028aec76c22b5f4016c234990320011', 'requirementInfoFollowUpList', '需求状态', 'combobox_enumConstByRequirementStatus.requirementStatus', '', '1', '0', '0', '0', '1', '0', 'TextField', 'yyyy-MM-dd', '1', '50', '', '', NULL, '', '20', '4028809c1d625bcf011d66fd0dda0006', NULL, NULL, '', '', '', NULL, '', NULL);
INSERT INTO `grid_column_config` (`ID`, `fk_action_grid_config_id`, `name`, `dataindex`, `data_column`, `search`, `to_add`, `to_update`, `column_can_update`, `list`, `report`, `type`, `dateFormat`, `allow_blank`, `max_length`, `check_message`, `check_regular`, `text_field_parameters`, `combo_sql`, `serial_number`, `flag_active`, `flag_bak`, `user_type`, `team`, `s_note`, `sql_result`, `is_html`, `default_text`, `cascade_columns`) VALUES ('4028aec76c22b5f4016c23639ae90012', 'requirementFollowUpInfoManage', 'id', 'id', NULL, '0', '0', NULL, '0', '0', '0', 'TextField', NULL, '0', '50', NULL, NULL, NULL, NULL, '0', '4028809c1d625bcf011d66fd0dda0006', NULL, NULL, NULL, NULL, NULL, NULL, NULL, NULL);
INSERT INTO `grid_column_config` (`ID`, `fk_action_grid_config_id`, `name`, `dataindex`, `data_column`, `search`, `to_add`, `to_update`, `column_can_update`, `list`, `report`, `type`, `dateFormat`, `allow_blank`, `max_length`, `check_message`, `check_regular`, `text_field_parameters`, `combo_sql`, `serial_number`, `flag_active`, `flag_bak`, `user_type`, `team`, `s_note`, `sql_result`, `is_html`, `default_text`, `cascade_columns`) VALUES ('4028aec76c22b5f4016c23639aea0013', 'requirementFollowUpInfoManage', '编号', 'requirementInfo.serial', NULL, '1', '0', '0', '0', '1', '1', 'TextField', NULL, '0', '16', NULL, NULL, NULL, NULL, '1', '4028809c1d625bcf011d66fd0dda0006', NULL, NULL, NULL, NULL, NULL, NULL, NULL, NULL);
INSERT INTO `grid_column_config` (`ID`, `fk_action_grid_config_id`, `name`, `dataindex`, `data_column`, `search`, `to_add`, `to_update`, `column_can_update`, `list`, `report`, `type`, `dateFormat`, `allow_blank`, `max_length`, `check_message`, `check_regular`, `text_field_parameters`, `combo_sql`, `serial_number`, `flag_active`, `flag_bak`, `user_type`, `team`, `s_note`, `sql_result`, `is_html`, `default_text`, `cascade_columns`) VALUES ('4028aec76c22b5f4016c23639aea0014', 'requirementFollowUpInfoManage', '客户名称', 'requirementInfo.customer', NULL, '1', '0', '0', '0', '1', '1', 'TextField', NULL, '0', '100', NULL, NULL, NULL, NULL, '2', '4028809c1d625bcf011d66fd0dda0006', NULL, NULL, NULL, NULL, NULL, NULL, NULL, NULL);
INSERT INTO `grid_column_config` (`ID`, `fk_action_grid_config_id`, `name`, `dataindex`, `data_column`, `search`, `to_add`, `to_update`, `column_can_update`, `list`, `report`, `type`, `dateFormat`, `allow_blank`, `max_length`, `check_message`, `check_regular`, `text_field_parameters`, `combo_sql`, `serial_number`, `flag_active`, `flag_bak`, `user_type`, `team`, `s_note`, `sql_result`, `is_html`, `default_text`, `cascade_columns`) VALUES ('4028aec76c22b5f4016c23639aea0015', 'requirementFollowUpInfoManage', '联系人', 'requirementInfo.linkman', NULL, '1', '0', '0', '0', '1', '1', 'TextField', NULL, '0', '50', NULL, NULL, NULL, NULL, '3', '4028809c1d625bcf011d66fd0dda0006', NULL, NULL, NULL, NULL, NULL, NULL, NULL, NULL);
INSERT INTO `grid_column_config` (`ID`, `fk_action_grid_config_id`, `name`, `dataindex`, `data_column`, `search`, `to_add`, `to_update`, `column_can_update`, `list`, `report`, `type`, `dateFormat`, `allow_blank`, `max_length`, `check_message`, `check_regular`, `text_field_parameters`, `combo_sql`, `serial_number`, `flag_active`, `flag_bak`, `user_type`, `team`, `s_note`, `sql_result`, `is_html`, `default_text`, `cascade_columns`) VALUES ('4028aec76c22b5f4016c23639aea0016', 'requirementFollowUpInfoManage', '联系电话', 'requirementInfo.linkPhone', NULL, '1', '0', '0', '0', '1', '1', 'TextField', NULL, '0', '50', NULL, NULL, NULL, NULL, '4', '4028809c1d625bcf011d66fd0dda0006', NULL, NULL, NULL, NULL, NULL, NULL, NULL, NULL);
INSERT INTO `grid_column_config` (`ID`, `fk_action_grid_config_id`, `name`, `dataindex`, `data_column`, `search`, `to_add`, `to_update`, `column_can_update`, `list`, `report`, `type`, `dateFormat`, `allow_blank`, `max_length`, `check_message`, `check_regular`, `text_field_parameters`, `combo_sql`, `serial_number`, `flag_active`, `flag_bak`, `user_type`, `team`, `s_note`, `sql_result`, `is_html`, `default_text`, `cascade_columns`) VALUES ('4028aec76c22b5f4016c23639aea0017', 'requirementFollowUpInfoManage', '跟进目标', 'followUpTarget', NULL, '1', '1', NULL, '1', '1', '1', 'TextField', NULL, '0', '50', NULL, NULL, NULL, NULL, '5', '4028809c1d625bcf011d66fd0dda0006', NULL, NULL, NULL, NULL, NULL, NULL, NULL, NULL);
INSERT INTO `grid_column_config` (`ID`, `fk_action_grid_config_id`, `name`, `dataindex`, `data_column`, `search`, `to_add`, `to_update`, `column_can_update`, `list`, `report`, `type`, `dateFormat`, `allow_blank`, `max_length`, `check_message`, `check_regular`, `text_field_parameters`, `combo_sql`, `serial_number`, `flag_active`, `flag_bak`, `user_type`, `team`, `s_note`, `sql_result`, `is_html`, `default_text`, `cascade_columns`) VALUES ('4028aec76c22b5f4016c23639aea0018', 'requirementFollowUpInfoManage', '跟进时间', 'followUpTime', NULL, '1', '1', NULL, '1', '1', '1', 'datetime', NULL, '0', '50', NULL, NULL, NULL, NULL, '6', '4028809c1d625bcf011d66fd0dda0006', NULL, NULL, NULL, NULL, NULL, NULL, NULL, NULL);
INSERT INTO `grid_column_config` (`ID`, `fk_action_grid_config_id`, `name`, `dataindex`, `data_column`, `search`, `to_add`, `to_update`, `column_can_update`, `list`, `report`, `type`, `dateFormat`, `allow_blank`, `max_length`, `check_message`, `check_regular`, `text_field_parameters`, `combo_sql`, `serial_number`, `flag_active`, `flag_bak`, `user_type`, `team`, `s_note`, `sql_result`, `is_html`, `default_text`, `cascade_columns`) VALUES ('4028aec76c22b5f4016c23639aea0019', 'requirementFollowUpInfoManage', '跟进内容', 'followUpContent', NULL, '1', '1', '1', '1', '1', '1', 'text', NULL, '0', '255', NULL, NULL, NULL, NULL, '7', '4028809c1d625bcf011d66fd0dda0006', NULL, NULL, NULL, NULL, NULL, NULL, NULL, NULL);
INSERT INTO `grid_column_config` (`ID`, `fk_action_grid_config_id`, `name`, `dataindex`, `data_column`, `search`, `to_add`, `to_update`, `column_can_update`, `list`, `report`, `type`, `dateFormat`, `allow_blank`, `max_length`, `check_message`, `check_regular`, `text_field_parameters`, `combo_sql`, `serial_number`, `flag_active`, `flag_bak`, `user_type`, `team`, `s_note`, `sql_result`, `is_html`, `default_text`, `cascade_columns`) VALUES ('4028aec76c22b5f4016c23639aea001a', 'requirementFollowUpInfoManage', '跟进方式', 'followUpWay', NULL, '1', '1', '1', '1', '1', '1', 'TextField', NULL, '0', '50', NULL, NULL, NULL, NULL, '8', '4028809c1d625bcf011d66fd0dda0006', NULL, NULL, NULL, NULL, NULL, NULL, NULL, NULL);
INSERT INTO `grid_column_config` (`ID`, `fk_action_grid_config_id`, `name`, `dataindex`, `data_column`, `search`, `to_add`, `to_update`, `column_can_update`, `list`, `report`, `type`, `dateFormat`, `allow_blank`, `max_length`, `check_message`, `check_regular`, `text_field_parameters`, `combo_sql`, `serial_number`, `flag_active`, `flag_bak`, `user_type`, `team`, `s_note`, `sql_result`, `is_html`, `default_text`, `cascade_columns`) VALUES ('4028aec76c22b5f4016c23639aea001b', 'requirementFollowUpInfoManage', '成果', 'followUpResult', NULL, '1', '1', '1', '1', '1', '1', 'textArea', NULL, '1', '255', NULL, NULL, NULL, NULL, '9', '4028809c1d625bcf011d66fd0dda0006', NULL, NULL, NULL, NULL, NULL, NULL, NULL, NULL);
INSERT INTO `grid_column_config` (`ID`, `fk_action_grid_config_id`, `name`, `dataindex`, `data_column`, `search`, `to_add`, `to_update`, `column_can_update`, `list`, `report`, `type`, `dateFormat`, `allow_blank`, `max_length`, `check_message`, `check_regular`, `text_field_parameters`, `combo_sql`, `serial_number`, `flag_active`, `flag_bak`, `user_type`, `team`, `s_note`, `sql_result`, `is_html`, `default_text`, `cascade_columns`) VALUES ('4028aec76c22b5f4016c23639aea001c', 'requirementFollowUpInfoManage', '备注', 'note', NULL, '1', '1', '1', '1', '1', '1', 'textArea', NULL, '1', '255', NULL, NULL, NULL, NULL, '10', '4028809c1d625bcf011d66fd0dda0006', NULL, NULL, NULL, NULL, NULL, NULL, NULL, NULL);
INSERT INTO `grid_column_config` (`ID`, `fk_action_grid_config_id`, `name`, `dataindex`, `data_column`, `search`, `to_add`, `to_update`, `column_can_update`, `list`, `report`, `type`, `dateFormat`, `allow_blank`, `max_length`, `check_message`, `check_regular`, `text_field_parameters`, `combo_sql`, `serial_number`, `flag_active`, `flag_bak`, `user_type`, `team`, `s_note`, `sql_result`, `is_html`, `default_text`, `cascade_columns`) VALUES ('4028aec76c22b5f4016c23639aea001d', 'requirementFollowUpInfoManage', '创建时间', 'createTime', NULL, '1', '0', '0', '1', '1', '1', 'datetime', 'yyyy-MM-dd HH:mm:ss', '1', '50', NULL, NULL, NULL, NULL, '11', '4028809c1d625bcf011d66fd0dda0006', NULL, NULL, NULL, NULL, NULL, NULL, NULL, NULL);
INSERT INTO `grid_column_config` (`ID`, `fk_action_grid_config_id`, `name`, `dataindex`, `data_column`, `search`, `to_add`, `to_update`, `column_can_update`, `list`, `report`, `type`, `dateFormat`, `allow_blank`, `max_length`, `check_message`, `check_regular`, `text_field_parameters`, `combo_sql`, `serial_number`, `flag_active`, `flag_bak`, `user_type`, `team`, `s_note`, `sql_result`, `is_html`, `default_text`, `cascade_columns`) VALUES ('4028aec76c22b5f4016c23639aea001e', 'requirementFollowUpInfoManage', '更新时间', 'updateTime', NULL, '1', '0', '0', '1', '1', '1', 'datetime', 'yyyy-MM-dd HH:mm:ss', '1', '50', NULL, NULL, NULL, NULL, '12', '4028809c1d625bcf011d66fd0dda0006', NULL, NULL, NULL, NULL, NULL, NULL, NULL, NULL);
INSERT INTO `grid_column_config` (`ID`, `fk_action_grid_config_id`, `name`, `dataindex`, `data_column`, `search`, `to_add`, `to_update`, `column_can_update`, `list`, `report`, `type`, `dateFormat`, `allow_blank`, `max_length`, `check_message`, `check_regular`, `text_field_parameters`, `combo_sql`, `serial_number`, `flag_active`, `flag_bak`, `user_type`, `team`, `s_note`, `sql_result`, `is_html`, `default_text`, `cascade_columns`) VALUES ('4028aec76c27df17016c27e3dde2000f', 'requirementInfoFollowUpList', '日培训费', 'dailyTrainingFee', '', '1', '1', '1', '1', '1', '1', 'TextField', '', '0', '100', '只能填写0-99999的整数或小数', '^[0-9]{1,5}(\\.[0-9]{1,2})?$', NULL, '', '9', '4028809c1d625bcf011d66fd0dda0006', NULL, NULL, NULL, NULL, '', '0', NULL, NULL);
INSERT INTO `grid_column_config` (`ID`, `fk_action_grid_config_id`, `name`, `dataindex`, `data_column`, `search`, `to_add`, `to_update`, `column_can_update`, `list`, `report`, `type`, `dateFormat`, `allow_blank`, `max_length`, `check_message`, `check_regular`, `text_field_parameters`, `combo_sql`, `serial_number`, `flag_active`, `flag_bak`, `user_type`, `team`, `s_note`, `sql_result`, `is_html`, `default_text`, `cascade_columns`) VALUES ('4028aec76c27df17016c27e3dde20010', 'requirementInfoFollowUpList', '日住宿费', 'dailyRoomFee', NULL, '1', '1', NULL, '1', '1', '1', 'TextField', '', '0', '100', '只能填写0-99999的整数或小数', '^[0-9]{1,5}(\\.[0-9]{1,2})?$', NULL, '', '10', '4028809c1d625bcf011d66fd0dda0006', NULL, NULL, NULL, NULL, '', '0', NULL, NULL);
INSERT INTO `grid_column_config` (`ID`, `fk_action_grid_config_id`, `name`, `dataindex`, `data_column`, `search`, `to_add`, `to_update`, `column_can_update`, `list`, `report`, `type`, `dateFormat`, `allow_blank`, `max_length`, `check_message`, `check_regular`, `text_field_parameters`, `combo_sql`, `serial_number`, `flag_active`, `flag_bak`, `user_type`, `team`, `s_note`, `sql_result`, `is_html`, `default_text`, `cascade_columns`) VALUES ('4028aec76c27df17016c27e3dde20011', 'requirementInfoFollowUpList', '日交通费', 'dailyTransportFee', NULL, '1', '1', NULL, '1', '1', '1', 'TextField', '', '0', '100', '只能填写0-99999的整数或小数', '^[0-9]{1,5}(\\.[0-9]{1,2})?$', NULL, '', '11', '4028809c1d625bcf011d66fd0dda0006', NULL, NULL, NULL, NULL, '', '0', NULL, NULL);
INSERT INTO `grid_column_config` (`ID`, `fk_action_grid_config_id`, `name`, `dataindex`, `data_column`, `search`, `to_add`, `to_update`, `column_can_update`, `list`, `report`, `type`, `dateFormat`, `allow_blank`, `max_length`, `check_message`, `check_regular`, `text_field_parameters`, `combo_sql`, `serial_number`, `flag_active`, `flag_bak`, `user_type`, `team`, `s_note`, `sql_result`, `is_html`, `default_text`, `cascade_columns`) VALUES ('4028aec76c27df17016c27e3dde30012', 'requirementInfoFollowUpList', '日餐费', 'dailyFoodFee', NULL, '1', '1', NULL, '1', '1', '1', 'TextField', '', '0', '100', '只能填写0-99999的整数或小数', '^[0-9]{1,5}(\\.[0-9]{1,2})?$', NULL, '', '12', '4028809c1d625bcf011d66fd0dda0006', NULL, NULL, NULL, NULL, '', '0', NULL, NULL);
INSERT INTO `grid_column_config` (`ID`, `fk_action_grid_config_id`, `name`, `dataindex`, `data_column`, `search`, `to_add`, `to_update`, `column_can_update`, `list`, `report`, `type`, `dateFormat`, `allow_blank`, `max_length`, `check_message`, `check_regular`, `text_field_parameters`, `combo_sql`, `serial_number`, `flag_active`, `flag_bak`, `user_type`, `team`, `s_note`, `sql_result`, `is_html`, `default_text`, `cascade_columns`) VALUES ('4028aec76c27df17016c27e3dde30013', 'requirementInfoFollowUpList', '日茶歇费', 'dailyTeaBreakFee', NULL, '1', '1', NULL, '1', '1', '1', 'TextField', '', '0', '100', '只能填写0-99999的整数或小数', '^[0-9]{1,5}(\\.[0-9]{1,2})?$', NULL, '', '13', '4028809c1d625bcf011d66fd0dda0006', NULL, NULL, NULL, NULL, '', '0', NULL, NULL);
INSERT INTO `grid_column_config` (`ID`, `fk_action_grid_config_id`, `name`, `dataindex`, `data_column`, `search`, `to_add`, `to_update`, `column_can_update`, `list`, `report`, `type`, `dateFormat`, `allow_blank`, `max_length`, `check_message`, `check_regular`, `text_field_parameters`, `combo_sql`, `serial_number`, `flag_active`, `flag_bak`, `user_type`, `team`, `s_note`, `sql_result`, `is_html`, `default_text`, `cascade_columns`) VALUES ('4028aec76c27df17016c27e3dde30014', 'requirementInfoFollowUpList', '其他费用', 'otherFee', NULL, '1', '1', NULL, '1', '1', '1', 'TextField', '', '0', '100', '只能填写0-99999的整数或小数', '^[0-9]{1,5}(\\.[0-9]{1,2})?$', NULL, '', '14', '4028809c1d625bcf011d66fd0dda0006', NULL, NULL, NULL, NULL, '', '0', NULL, NULL);
INSERT INTO `grid_column_config` (`ID`, `fk_action_grid_config_id`, `name`, `dataindex`, `data_column`, `search`, `to_add`, `to_update`, `column_can_update`, `list`, `report`, `type`, `dateFormat`, `allow_blank`, `max_length`, `check_message`, `check_regular`, `text_field_parameters`, `combo_sql`, `serial_number`, `flag_active`, `flag_bak`, `user_type`, `team`, `s_note`, `sql_result`, `is_html`, `default_text`, `cascade_columns`) VALUES ('4028aec76c27df17016c27e3dde30015', 'requirementInfoFollowUpList', '备注', 'note', NULL, '1', '1', '1', '1', '1', '1', 'TextField', '', '1', '100', '', '', NULL, '', '15', '4028809c1d625bcf011d66fd0dda0006', NULL, NULL, NULL, NULL, '', '0', NULL, NULL);
INSERT INTO `grid_column_config` (`ID`, `fk_action_grid_config_id`, `name`, `dataindex`, `data_column`, `search`, `to_add`, `to_update`, `column_can_update`, `list`, `report`, `type`, `dateFormat`, `allow_blank`, `max_length`, `check_message`, `check_regular`, `text_field_parameters`, `combo_sql`, `serial_number`, `flag_active`, `flag_bak`, `user_type`, `team`, `s_note`, `sql_result`, `is_html`, `default_text`, `cascade_columns`) VALUES ('4028aec76c27df17016c28113172001b', 'requirementInfoSearch', '跟进人', 'combobox_peManager.followUpUser', '', '1', '0', '0', '0', '1', '0', 'select', 'yyyy-MM-dd', '1', '50', '', '', NULL, '', '21', '4028809c1d625bcf011d66fd0dda0006', NULL, NULL, '', '', '', NULL, '', NULL);
INSERT INTO `grid_column_config` (`ID`, `fk_action_grid_config_id`, `name`, `dataindex`, `data_column`, `search`, `to_add`, `to_update`, `column_can_update`, `list`, `report`, `type`, `dateFormat`, `allow_blank`, `max_length`, `check_message`, `check_regular`, `text_field_parameters`, `combo_sql`, `serial_number`, `flag_active`, `flag_bak`, `user_type`, `team`, `s_note`, `sql_result`, `is_html`, `default_text`, `cascade_columns`) VALUES ('4028aec76c27df17016c28144943001c', 'requirementFollowUpInfoSearch', '跟进人', 'peManager.name', '', '1', '0', '0', '0', '1', '1', 'select', 'yyyy-MM-dd', '1', '50', '', '', NULL, '', '13', '4028809c1d625bcf011d66fd0dda0006', NULL, NULL, '', '', '', NULL, '', NULL);
INSERT INTO `grid_column_config` (`ID`, `fk_action_grid_config_id`, `name`, `dataindex`, `data_column`, `search`, `to_add`, `to_update`, `column_can_update`, `list`, `report`, `type`, `dateFormat`, `allow_blank`, `max_length`, `check_message`, `check_regular`, `text_field_parameters`, `combo_sql`, `serial_number`, `flag_active`, `flag_bak`, `user_type`, `team`, `s_note`, `sql_result`, `is_html`, `default_text`, `cascade_columns`) VALUES ('4028aec76c2815ea016c282b23460000', 'requirementInfoFollowUpList', 'followUpStatusId', 'combobox_enumConstByFlagFollowUpStatus.followUpStatusId', 'enumConstByFlagFollowUpStatus.id', '0', '0', '0', '0', '0', '0', 'TextField', 'yyyy-MM-dd', '1', '50', '', '', NULL, '', '99', '4028809c1d625bcf011d66fd0dda0006', NULL, NULL, '', '', '', NULL, '', NULL);
INSERT INTO `grid_column_config` (`ID`, `fk_action_grid_config_id`, `name`, `dataindex`, `data_column`, `search`, `to_add`, `to_update`, `column_can_update`, `list`, `report`, `type`, `dateFormat`, `allow_blank`, `max_length`, `check_message`, `check_regular`, `text_field_parameters`, `combo_sql`, `serial_number`, `flag_active`, `flag_bak`, `user_type`, `team`, `s_note`, `sql_result`, `is_html`, `default_text`, `cascade_columns`) VALUES ('4b0f1938aeab11e9a734fcaa140ebf84', 'requirementFollowUpInfoSearch', 'id', 'id', NULL, '0', '0', NULL, '0', '0', '0', 'TextField', NULL, '0', '50', NULL, NULL, NULL, NULL, '0', '4028809c1d625bcf011d66fd0dda0006', NULL, NULL, NULL, NULL, NULL, NULL, NULL, NULL);
INSERT INTO `grid_column_config` (`ID`, `fk_action_grid_config_id`, `name`, `dataindex`, `data_column`, `search`, `to_add`, `to_update`, `column_can_update`, `list`, `report`, `type`, `dateFormat`, `allow_blank`, `max_length`, `check_message`, `check_regular`, `text_field_parameters`, `combo_sql`, `serial_number`, `flag_active`, `flag_bak`, `user_type`, `team`, `s_note`, `sql_result`, `is_html`, `default_text`, `cascade_columns`) VALUES ('4b0f1cadaeab11e9a734fcaa140ebf84', 'requirementFollowUpInfoSearch', '编号', 'requirementInfo.serial', NULL, '1', '0', NULL, '0', '1', '1', 'TextField', NULL, '0', '16', NULL, NULL, NULL, NULL, '1', '4028809c1d625bcf011d66fd0dda0006', NULL, NULL, NULL, NULL, NULL, NULL, NULL, NULL);
INSERT INTO `grid_column_config` (`ID`, `fk_action_grid_config_id`, `name`, `dataindex`, `data_column`, `search`, `to_add`, `to_update`, `column_can_update`, `list`, `report`, `type`, `dateFormat`, `allow_blank`, `max_length`, `check_message`, `check_regular`, `text_field_parameters`, `combo_sql`, `serial_number`, `flag_active`, `flag_bak`, `user_type`, `team`, `s_note`, `sql_result`, `is_html`, `default_text`, `cascade_columns`) VALUES ('4b0f1e8faeab11e9a734fcaa140ebf84', 'requirementFollowUpInfoSearch', '客户名称', 'requirementInfo.customer', NULL, '1', '0', NULL, '0', '1', '1', 'TextField', NULL, '0', '100', NULL, NULL, NULL, NULL, '2', '4028809c1d625bcf011d66fd0dda0006', NULL, NULL, NULL, NULL, NULL, NULL, NULL, NULL);
INSERT INTO `grid_column_config` (`ID`, `fk_action_grid_config_id`, `name`, `dataindex`, `data_column`, `search`, `to_add`, `to_update`, `column_can_update`, `list`, `report`, `type`, `dateFormat`, `allow_blank`, `max_length`, `check_message`, `check_regular`, `text_field_parameters`, `combo_sql`, `serial_number`, `flag_active`, `flag_bak`, `user_type`, `team`, `s_note`, `sql_result`, `is_html`, `default_text`, `cascade_columns`) VALUES ('4b0f2026aeab11e9a734fcaa140ebf84', 'requirementFollowUpInfoSearch', '联系人', 'requirementInfo.linkman', NULL, '1', '0', NULL, '0', '1', '1', 'TextField', NULL, '0', '50', NULL, NULL, NULL, NULL, '3', '4028809c1d625bcf011d66fd0dda0006', NULL, NULL, NULL, NULL, NULL, NULL, NULL, NULL);
INSERT INTO `grid_column_config` (`ID`, `fk_action_grid_config_id`, `name`, `dataindex`, `data_column`, `search`, `to_add`, `to_update`, `column_can_update`, `list`, `report`, `type`, `dateFormat`, `allow_blank`, `max_length`, `check_message`, `check_regular`, `text_field_parameters`, `combo_sql`, `serial_number`, `flag_active`, `flag_bak`, `user_type`, `team`, `s_note`, `sql_result`, `is_html`, `default_text`, `cascade_columns`) VALUES ('4b0f21b9aeab11e9a734fcaa140ebf84', 'requirementFollowUpInfoSearch', '联系电话', 'requirementInfo.linkPhone', NULL, '1', '0', NULL, '0', '1', '1', 'TextField', NULL, '0', '50', NULL, NULL, NULL, NULL, '4', '4028809c1d625bcf011d66fd0dda0006', NULL, NULL, NULL, NULL, NULL, NULL, NULL, NULL);
INSERT INTO `grid_column_config` (`ID`, `fk_action_grid_config_id`, `name`, `dataindex`, `data_column`, `search`, `to_add`, `to_update`, `column_can_update`, `list`, `report`, `type`, `dateFormat`, `allow_blank`, `max_length`, `check_message`, `check_regular`, `text_field_parameters`, `combo_sql`, `serial_number`, `flag_active`, `flag_bak`, `user_type`, `team`, `s_note`, `sql_result`, `is_html`, `default_text`, `cascade_columns`) VALUES ('4b0f233eaeab11e9a734fcaa140ebf84', 'requirementFollowUpInfoSearch', '跟进目标', 'followUpTarget', NULL, '1', '1', NULL, '1', '1', '1', 'TextField', NULL, '0', '50', NULL, NULL, NULL, NULL, '5', '4028809c1d625bcf011d66fd0dda0006', NULL, NULL, NULL, NULL, NULL, NULL, NULL, NULL);
INSERT INTO `grid_column_config` (`ID`, `fk_action_grid_config_id`, `name`, `dataindex`, `data_column`, `search`, `to_add`, `to_update`, `column_can_update`, `list`, `report`, `type`, `dateFormat`, `allow_blank`, `max_length`, `check_message`, `check_regular`, `text_field_parameters`, `combo_sql`, `serial_number`, `flag_active`, `flag_bak`, `user_type`, `team`, `s_note`, `sql_result`, `is_html`, `default_text`, `cascade_columns`) VALUES ('4b0f249caeab11e9a734fcaa140ebf84', 'requirementFollowUpInfoSearch', '跟进时间', 'followUpTime', NULL, '1', '1', NULL, '1', '1', '1', 'datetime', NULL, '0', '50', NULL, NULL, NULL, NULL, '6', '4028809c1d625bcf011d66fd0dda0006', NULL, NULL, NULL, NULL, NULL, NULL, NULL, NULL);
INSERT INTO `grid_column_config` (`ID`, `fk_action_grid_config_id`, `name`, `dataindex`, `data_column`, `search`, `to_add`, `to_update`, `column_can_update`, `list`, `report`, `type`, `dateFormat`, `allow_blank`, `max_length`, `check_message`, `check_regular`, `text_field_parameters`, `combo_sql`, `serial_number`, `flag_active`, `flag_bak`, `user_type`, `team`, `s_note`, `sql_result`, `is_html`, `default_text`, `cascade_columns`) VALUES ('4b0f260caeab11e9a734fcaa140ebf84', 'requirementFollowUpInfoSearch', '跟进内容', 'followUpContent', NULL, '1', '1', '1', '1', '1', '1', 'text', NULL, '0', '255', NULL, NULL, NULL, NULL, '7', '4028809c1d625bcf011d66fd0dda0006', NULL, NULL, NULL, NULL, NULL, NULL, NULL, NULL);
INSERT INTO `grid_column_config` (`ID`, `fk_action_grid_config_id`, `name`, `dataindex`, `data_column`, `search`, `to_add`, `to_update`, `column_can_update`, `list`, `report`, `type`, `dateFormat`, `allow_blank`, `max_length`, `check_message`, `check_regular`, `text_field_parameters`, `combo_sql`, `serial_number`, `flag_active`, `flag_bak`, `user_type`, `team`, `s_note`, `sql_result`, `is_html`, `default_text`, `cascade_columns`) VALUES ('4b0f2769aeab11e9a734fcaa140ebf84', 'requirementFollowUpInfoSearch', '跟进方式', 'followUpWay', NULL, '1', '1', '1', '1', '1', '1', 'TextField', NULL, '0', '50', NULL, NULL, NULL, NULL, '8', '4028809c1d625bcf011d66fd0dda0006', NULL, NULL, NULL, NULL, NULL, NULL, NULL, NULL);
INSERT INTO `grid_column_config` (`ID`, `fk_action_grid_config_id`, `name`, `dataindex`, `data_column`, `search`, `to_add`, `to_update`, `column_can_update`, `list`, `report`, `type`, `dateFormat`, `allow_blank`, `max_length`, `check_message`, `check_regular`, `text_field_parameters`, `combo_sql`, `serial_number`, `flag_active`, `flag_bak`, `user_type`, `team`, `s_note`, `sql_result`, `is_html`, `default_text`, `cascade_columns`) VALUES ('4b0f28c5aeab11e9a734fcaa140ebf84', 'requirementFollowUpInfoSearch', '成果', 'followUpResult', NULL, '1', '1', NULL, '1', '1', '1', 'textArea', NULL, '1', '255', NULL, NULL, NULL, NULL, '9', '4028809c1d625bcf011d66fd0dda0006', NULL, NULL, NULL, NULL, NULL, NULL, NULL, NULL);
INSERT INTO `grid_column_config` (`ID`, `fk_action_grid_config_id`, `name`, `dataindex`, `data_column`, `search`, `to_add`, `to_update`, `column_can_update`, `list`, `report`, `type`, `dateFormat`, `allow_blank`, `max_length`, `check_message`, `check_regular`, `text_field_parameters`, `combo_sql`, `serial_number`, `flag_active`, `flag_bak`, `user_type`, `team`, `s_note`, `sql_result`, `is_html`, `default_text`, `cascade_columns`) VALUES ('4b0f2a57aeab11e9a734fcaa140ebf84', 'requirementFollowUpInfoSearch', '备注', 'note', NULL, '1', '1', NULL, '1', '1', '1', 'TextField', NULL, '1', '255', NULL, NULL, NULL, NULL, '10', '4028809c1d625bcf011d66fd0dda0006', NULL, NULL, NULL, NULL, NULL, NULL, NULL, NULL);
INSERT INTO `grid_column_config` (`ID`, `fk_action_grid_config_id`, `name`, `dataindex`, `data_column`, `search`, `to_add`, `to_update`, `column_can_update`, `list`, `report`, `type`, `dateFormat`, `allow_blank`, `max_length`, `check_message`, `check_regular`, `text_field_parameters`, `combo_sql`, `serial_number`, `flag_active`, `flag_bak`, `user_type`, `team`, `s_note`, `sql_result`, `is_html`, `default_text`, `cascade_columns`) VALUES ('4b0f2babaeab11e9a734fcaa140ebf84', 'requirementFollowUpInfoSearch', '创建时间', 'createTime', NULL, '1', '0', NULL, '1', '1', '1', 'datetime', 'yyyy-MM-dd HH:mm:ss', '1', '50', NULL, NULL, NULL, NULL, '11', '4028809c1d625bcf011d66fd0dda0006', NULL, NULL, NULL, NULL, NULL, NULL, NULL, NULL);
INSERT INTO `grid_column_config` (`ID`, `fk_action_grid_config_id`, `name`, `dataindex`, `data_column`, `search`, `to_add`, `to_update`, `column_can_update`, `list`, `report`, `type`, `dateFormat`, `allow_blank`, `max_length`, `check_message`, `check_regular`, `text_field_parameters`, `combo_sql`, `serial_number`, `flag_active`, `flag_bak`, `user_type`, `team`, `s_note`, `sql_result`, `is_html`, `default_text`, `cascade_columns`) VALUES ('4b0f2d07aeab11e9a734fcaa140ebf84', 'requirementFollowUpInfoSearch', '更新时间', 'updateTime', NULL, '1', '0', NULL, '1', '1', '1', 'datetime', 'yyyy-MM-dd HH:mm:ss', '1', '50', NULL, NULL, NULL, NULL, '12', '4028809c1d625bcf011d66fd0dda0006', NULL, NULL, NULL, NULL, NULL, NULL, NULL, NULL);
INSERT INTO `grid_column_config` (`ID`, `fk_action_grid_config_id`, `name`, `dataindex`, `data_column`, `search`, `to_add`, `to_update`, `column_can_update`, `list`, `report`, `type`, `dateFormat`, `allow_blank`, `max_length`, `check_message`, `check_regular`, `text_field_parameters`, `combo_sql`, `serial_number`, `flag_active`, `flag_bak`, `user_type`, `team`, `s_note`, `sql_result`, `is_html`, `default_text`, `cascade_columns`) VALUES ('d01bf50faeaa11e9a734fcaa140ebf84', 'requirementInfoSearch', 'id', 'id', NULL, '0', '0', NULL, '0', '0', '0', 'TextField', NULL, '0', '50', NULL, NULL, NULL, NULL, '0', '4028809c1d625bcf011d66fd0dda0006', NULL, NULL, NULL, NULL, NULL, NULL, NULL, NULL);
INSERT INTO `grid_column_config` (`ID`, `fk_action_grid_config_id`, `name`, `dataindex`, `data_column`, `search`, `to_add`, `to_update`, `column_can_update`, `list`, `report`, `type`, `dateFormat`, `allow_blank`, `max_length`, `check_message`, `check_regular`, `text_field_parameters`, `combo_sql`, `serial_number`, `flag_active`, `flag_bak`, `user_type`, `team`, `s_note`, `sql_result`, `is_html`, `default_text`, `cascade_columns`) VALUES ('d01bf8caaeaa11e9a734fcaa140ebf84', 'requirementInfoSearch', '编号', 'serial', NULL, '1', '0', NULL, '0', '1', '1', 'TextField', NULL, '0', '16', NULL, NULL, NULL, NULL, '1', '4028809c1d625bcf011d66fd0dda0006', NULL, NULL, NULL, NULL, NULL, NULL, NULL, NULL);
INSERT INTO `grid_column_config` (`ID`, `fk_action_grid_config_id`, `name`, `dataindex`, `data_column`, `search`, `to_add`, `to_update`, `column_can_update`, `list`, `report`, `type`, `dateFormat`, `allow_blank`, `max_length`, `check_message`, `check_regular`, `text_field_parameters`, `combo_sql`, `serial_number`, `flag_active`, `flag_bak`, `user_type`, `team`, `s_note`, `sql_result`, `is_html`, `default_text`, `cascade_columns`) VALUES ('d01bfac7aeaa11e9a734fcaa140ebf84', 'requirementInfoSearch', '客户名称', 'customer', NULL, '1', '0', NULL, '0', '1', '1', 'TextField', NULL, '0', '100', NULL, NULL, NULL, NULL, '2', '4028809c1d625bcf011d66fd0dda0006', NULL, NULL, NULL, NULL, NULL, NULL, NULL, NULL);
INSERT INTO `grid_column_config` (`ID`, `fk_action_grid_config_id`, `name`, `dataindex`, `data_column`, `search`, `to_add`, `to_update`, `column_can_update`, `list`, `report`, `type`, `dateFormat`, `allow_blank`, `max_length`, `check_message`, `check_regular`, `text_field_parameters`, `combo_sql`, `serial_number`, `flag_active`, `flag_bak`, `user_type`, `team`, `s_note`, `sql_result`, `is_html`, `default_text`, `cascade_columns`) VALUES ('d01bfc6baeaa11e9a734fcaa140ebf84', 'requirementInfoSearch', '地区', 'area', NULL, '1', '0', NULL, '0', '1', '1', 'TextField', NULL, '0', '50', NULL, NULL, NULL, NULL, '3', '4028809c1d625bcf011d66fd0dda0006', NULL, NULL, NULL, NULL, NULL, NULL, NULL, NULL);
INSERT INTO `grid_column_config` (`ID`, `fk_action_grid_config_id`, `name`, `dataindex`, `data_column`, `search`, `to_add`, `to_update`, `column_can_update`, `list`, `report`, `type`, `dateFormat`, `allow_blank`, `max_length`, `check_message`, `check_regular`, `text_field_parameters`, `combo_sql`, `serial_number`, `flag_active`, `flag_bak`, `user_type`, `team`, `s_note`, `sql_result`, `is_html`, `default_text`, `cascade_columns`) VALUES ('d01bfe02aeaa11e9a734fcaa140ebf84', 'requirementInfoSearch', '联系人', 'linkman', NULL, '1', '0', NULL, '0', '1', '1', 'TextField', NULL, '0', '50', NULL, NULL, NULL, NULL, '4', '4028809c1d625bcf011d66fd0dda0006', NULL, NULL, NULL, NULL, NULL, NULL, NULL, NULL);
INSERT INTO `grid_column_config` (`ID`, `fk_action_grid_config_id`, `name`, `dataindex`, `data_column`, `search`, `to_add`, `to_update`, `column_can_update`, `list`, `report`, `type`, `dateFormat`, `allow_blank`, `max_length`, `check_message`, `check_regular`, `text_field_parameters`, `combo_sql`, `serial_number`, `flag_active`, `flag_bak`, `user_type`, `team`, `s_note`, `sql_result`, `is_html`, `default_text`, `cascade_columns`) VALUES ('d01bffa9aeaa11e9a734fcaa140ebf84', 'requirementInfoSearch', '联系电话', 'linkPhone', NULL, '1', '0', NULL, '0', '1', '1', 'TextField', NULL, '0', '50', NULL, NULL, NULL, NULL, '5', '4028809c1d625bcf011d66fd0dda0006', NULL, NULL, NULL, NULL, NULL, NULL, NULL, NULL);
INSERT INTO `grid_column_config` (`ID`, `fk_action_grid_config_id`, `name`, `dataindex`, `data_column`, `search`, `to_add`, `to_update`, `column_can_update`, `list`, `report`, `type`, `dateFormat`, `allow_blank`, `max_length`, `check_message`, `check_regular`, `text_field_parameters`, `combo_sql`, `serial_number`, `flag_active`, `flag_bak`, `user_type`, `team`, `s_note`, `sql_result`, `is_html`, `default_text`, `cascade_columns`) VALUES ('d01c0123aeaa11e9a734fcaa140ebf84', 'requirementInfoSearch', '培训对象', 'combobox_enumConstByFlagTrainingTarget.target', 'enumConstByFlagTrainingTarget.name', '1', '0', NULL, '0', '1', '1', 'TextField', NULL, '0', '50', NULL, NULL, NULL, NULL, '6', '4028809c1d625bcf011d66fd0dda0006', NULL, NULL, NULL, NULL, NULL, NULL, NULL, NULL);
INSERT INTO `grid_column_config` (`ID`, `fk_action_grid_config_id`, `name`, `dataindex`, `data_column`, `search`, `to_add`, `to_update`, `column_can_update`, `list`, `report`, `type`, `dateFormat`, `allow_blank`, `max_length`, `check_message`, `check_regular`, `text_field_parameters`, `combo_sql`, `serial_number`, `flag_active`, `flag_bak`, `user_type`, `team`, `s_note`, `sql_result`, `is_html`, `default_text`, `cascade_columns`) VALUES ('d01c02a7aeaa11e9a734fcaa140ebf84', 'requirementInfoSearch', '需求信息', 'requirementInfo', NULL, '1', '0', NULL, '0', '1', '1', 'TextField', NULL, '0', '50', NULL, NULL, NULL, NULL, '7', '4028809c1d625bcf011d66fd0dda0006', NULL, NULL, NULL, NULL, NULL, NULL, NULL, NULL);
INSERT INTO `grid_column_config` (`ID`, `fk_action_grid_config_id`, `name`, `dataindex`, `data_column`, `search`, `to_add`, `to_update`, `column_can_update`, `list`, `report`, `type`, `dateFormat`, `allow_blank`, `max_length`, `check_message`, `check_regular`, `text_field_parameters`, `combo_sql`, `serial_number`, `flag_active`, `flag_bak`, `user_type`, `team`, `s_note`, `sql_result`, `is_html`, `default_text`, `cascade_columns`) VALUES ('d01c0414aeaa11e9a734fcaa140ebf84', 'requirementInfoSearch', '信息来源', 'combobox_enumConstByFlagInfoSource.source', 'enumConstByFlagInfoSource.name', '1', '0', NULL, '0', '1', '1', 'TextField', NULL, '0', '50', NULL, NULL, NULL, NULL, '8', '4028809c1d625bcf011d66fd0dda0006', NULL, NULL, NULL, NULL, NULL, NULL, NULL, NULL);
INSERT INTO `grid_column_config` (`ID`, `fk_action_grid_config_id`, `name`, `dataindex`, `data_column`, `search`, `to_add`, `to_update`, `column_can_update`, `list`, `report`, `type`, `dateFormat`, `allow_blank`, `max_length`, `check_message`, `check_regular`, `text_field_parameters`, `combo_sql`, `serial_number`, `flag_active`, `flag_bak`, `user_type`, `team`, `s_note`, `sql_result`, `is_html`, `default_text`, `cascade_columns`) VALUES ('d01c0591aeaa11e9a734fcaa140ebf84', 'requirementInfoSearch', '录入人员', 'combobox_peManager.createUser', 'createUser.name', '1', '0', NULL, '0', '1', '1', 'TextField', NULL, '0', '50', NULL, NULL, NULL, NULL, '16', '4028809c1d625bcf011d66fd0dda0006', NULL, NULL, NULL, NULL, NULL, NULL, NULL, NULL);
INSERT INTO `grid_column_config` (`ID`, `fk_action_grid_config_id`, `name`, `dataindex`, `data_column`, `search`, `to_add`, `to_update`, `column_can_update`, `list`, `report`, `type`, `dateFormat`, `allow_blank`, `max_length`, `check_message`, `check_regular`, `text_field_parameters`, `combo_sql`, `serial_number`, `flag_active`, `flag_bak`, `user_type`, `team`, `s_note`, `sql_result`, `is_html`, `default_text`, `cascade_columns`) VALUES ('d01c0703aeaa11e9a734fcaa140ebf84', 'requirementInfoSearch', '录入时间', 'createTime', NULL, '1', '0', NULL, '0', '1', '1', 'datetime', NULL, '0', '50', NULL, NULL, NULL, NULL, '17', '4028809c1d625bcf011d66fd0dda0006', NULL, NULL, NULL, NULL, NULL, NULL, NULL, NULL);
INSERT INTO `grid_column_config` (`ID`, `fk_action_grid_config_id`, `name`, `dataindex`, `data_column`, `search`, `to_add`, `to_update`, `column_can_update`, `list`, `report`, `type`, `dateFormat`, `allow_blank`, `max_length`, `check_message`, `check_regular`, `text_field_parameters`, `combo_sql`, `serial_number`, `flag_active`, `flag_bak`, `user_type`, `team`, `s_note`, `sql_result`, `is_html`, `default_text`, `cascade_columns`) VALUES ('d01c0870aeaa11e9a734fcaa140ebf84', 'requirementInfoSearch', '接受时间', 'acceptTime', NULL, '1', '0', NULL, '0', '1', '1', 'datetime', NULL, '1', '50', NULL, NULL, NULL, NULL, '18', '4028809c1d625bcf011d66fd0dda0006', NULL, NULL, NULL, NULL, NULL, NULL, NULL, NULL);
INSERT INTO `grid_column_config` (`ID`, `fk_action_grid_config_id`, `name`, `dataindex`, `data_column`, `search`, `to_add`, `to_update`, `column_can_update`, `list`, `report`, `type`, `dateFormat`, `allow_blank`, `max_length`, `check_message`, `check_regular`, `text_field_parameters`, `combo_sql`, `serial_number`, `flag_active`, `flag_bak`, `user_type`, `team`, `s_note`, `sql_result`, `is_html`, `default_text`, `cascade_columns`) VALUES ('d01c09d2aeaa11e9a734fcaa140ebf84', 'requirementInfoSearch', '追踪状态', 'combobox_enumConstByFlagFollowUpStatus.followUpStatus', 'enumConstByFlagFollowUpStatus.name', '1', '0', NULL, '0', '1', '1', 'TextField', NULL, '1', '50', NULL, NULL, NULL, NULL, '19', '4028809c1d625bcf011d66fd0dda0006', NULL, NULL, NULL, NULL, NULL, NULL, NULL, NULL);
INSERT INTO `grid_column_config` (`ID`, `fk_action_grid_config_id`, `name`, `dataindex`, `data_column`, `search`, `to_add`, `to_update`, `column_can_update`, `list`, `report`, `type`, `dateFormat`, `allow_blank`, `max_length`, `check_message`, `check_regular`, `text_field_parameters`, `combo_sql`, `serial_number`, `flag_active`, `flag_bak`, `user_type`, `team`, `s_note`, `sql_result`, `is_html`, `default_text`, `cascade_columns`) VALUES ('d01c0b58aeaa11e9a734fcaa140ebf84', 'requirementInfoSearch', '需求状态', 'combobox_enumConstByRequirementStatus.requirementStatus', '', '1', '0', NULL, '0', '1', '0', 'TextField', 'yyyy-MM-dd', '1', '50', '', '', NULL, '', '20', '4028809c1d625bcf011d66fd0dda0006', NULL, NULL, '', '', '', NULL, '', NULL);
INSERT INTO `grid_column_config` (`ID`, `fk_action_grid_config_id`, `name`, `dataindex`, `data_column`, `search`, `to_add`, `to_update`, `column_can_update`, `list`, `report`, `type`, `dateFormat`, `allow_blank`, `max_length`, `check_message`, `check_regular`, `text_field_parameters`, `combo_sql`, `serial_number`, `flag_active`, `flag_bak`, `user_type`, `team`, `s_note`, `sql_result`, `is_html`, `default_text`, `cascade_columns`) VALUES ('d01c0cebaeaa11e9a734fcaa140ebf84', 'requirementInfoSearch', '日培训费', 'dailyTrainingFee', '', '1', '1', NULL, '1', '1', '1', 'TextField', '', '0', '100', '只能填写0-99999的整数或小数', '^[0-9]{1,5}(\\.[0-9]{1,2})?$', NULL, '', '9', '4028809c1d625bcf011d66fd0dda0006', NULL, NULL, NULL, NULL, '', '0', NULL, NULL);
INSERT INTO `grid_column_config` (`ID`, `fk_action_grid_config_id`, `name`, `dataindex`, `data_column`, `search`, `to_add`, `to_update`, `column_can_update`, `list`, `report`, `type`, `dateFormat`, `allow_blank`, `max_length`, `check_message`, `check_regular`, `text_field_parameters`, `combo_sql`, `serial_number`, `flag_active`, `flag_bak`, `user_type`, `team`, `s_note`, `sql_result`, `is_html`, `default_text`, `cascade_columns`) VALUES ('d01c0e76aeaa11e9a734fcaa140ebf84', 'requirementInfoSearch', '日住宿费', 'dailyRoomFee', NULL, '1', '1', NULL, '1', '1', '1', 'TextField', '', '0', '100', '只能填写0-99999的整数或小数', '^[0-9]{1,5}(\\.[0-9]{1,2})?$', NULL, '', '10', '4028809c1d625bcf011d66fd0dda0006', NULL, NULL, NULL, NULL, '', '0', NULL, NULL);
INSERT INTO `grid_column_config` (`ID`, `fk_action_grid_config_id`, `name`, `dataindex`, `data_column`, `search`, `to_add`, `to_update`, `column_can_update`, `list`, `report`, `type`, `dateFormat`, `allow_blank`, `max_length`, `check_message`, `check_regular`, `text_field_parameters`, `combo_sql`, `serial_number`, `flag_active`, `flag_bak`, `user_type`, `team`, `s_note`, `sql_result`, `is_html`, `default_text`, `cascade_columns`) VALUES ('d01c0ff4aeaa11e9a734fcaa140ebf84', 'requirementInfoSearch', '日交通费', 'dailyTransportFee', NULL, '1', '1', NULL, '1', '1', '1', 'TextField', '', '0', '100', '只能填写0-99999的整数或小数', '^[0-9]{1,5}(\\.[0-9]{1,2})?$', NULL, '', '11', '4028809c1d625bcf011d66fd0dda0006', NULL, NULL, NULL, NULL, '', '0', NULL, NULL);
INSERT INTO `grid_column_config` (`ID`, `fk_action_grid_config_id`, `name`, `dataindex`, `data_column`, `search`, `to_add`, `to_update`, `column_can_update`, `list`, `report`, `type`, `dateFormat`, `allow_blank`, `max_length`, `check_message`, `check_regular`, `text_field_parameters`, `combo_sql`, `serial_number`, `flag_active`, `flag_bak`, `user_type`, `team`, `s_note`, `sql_result`, `is_html`, `default_text`, `cascade_columns`) VALUES ('d01c1190aeaa11e9a734fcaa140ebf84', 'requirementInfoSearch', '日餐费', 'dailyFoodFee', NULL, '1', '1', NULL, '1', '1', '1', 'TextField', '', '0', '100', '只能填写0-99999的整数或小数', '^[0-9]{1,5}(\\.[0-9]{1,2})?$', NULL, '', '12', '4028809c1d625bcf011d66fd0dda0006', NULL, NULL, NULL, NULL, '', '0', NULL, NULL);
INSERT INTO `grid_column_config` (`ID`, `fk_action_grid_config_id`, `name`, `dataindex`, `data_column`, `search`, `to_add`, `to_update`, `column_can_update`, `list`, `report`, `type`, `dateFormat`, `allow_blank`, `max_length`, `check_message`, `check_regular`, `text_field_parameters`, `combo_sql`, `serial_number`, `flag_active`, `flag_bak`, `user_type`, `team`, `s_note`, `sql_result`, `is_html`, `default_text`, `cascade_columns`) VALUES ('d01c131caeaa11e9a734fcaa140ebf84', 'requirementInfoSearch', '日茶歇费', 'dailyTeaBreakFee', NULL, '1', '1', NULL, '1', '1', '1', 'TextField', '', '0', '100', '只能填写0-99999的整数或小数', '^[0-9]{1,5}(\\.[0-9]{1,2})?$', NULL, '', '13', '4028809c1d625bcf011d66fd0dda0006', NULL, NULL, NULL, NULL, '', '0', NULL, NULL);
INSERT INTO `grid_column_config` (`ID`, `fk_action_grid_config_id`, `name`, `dataindex`, `data_column`, `search`, `to_add`, `to_update`, `column_can_update`, `list`, `report`, `type`, `dateFormat`, `allow_blank`, `max_length`, `check_message`, `check_regular`, `text_field_parameters`, `combo_sql`, `serial_number`, `flag_active`, `flag_bak`, `user_type`, `team`, `s_note`, `sql_result`, `is_html`, `default_text`, `cascade_columns`) VALUES ('d01c1495aeaa11e9a734fcaa140ebf84', 'requirementInfoSearch', '其他费用', 'otherFee', NULL, '1', '1', NULL, '1', '1', '1', 'TextField', '', '0', '100', '只能填写0-99999的整数或小数', '^[0-9]{1,5}(\\.[0-9]{1,2})?$', NULL, '', '14', '4028809c1d625bcf011d66fd0dda0006', NULL, NULL, NULL, NULL, '', '0', NULL, NULL);
INSERT INTO `grid_column_config` (`ID`, `fk_action_grid_config_id`, `name`, `dataindex`, `data_column`, `search`, `to_add`, `to_update`, `column_can_update`, `list`, `report`, `type`, `dateFormat`, `allow_blank`, `max_length`, `check_message`, `check_regular`, `text_field_parameters`, `combo_sql`, `serial_number`, `flag_active`, `flag_bak`, `user_type`, `team`, `s_note`, `sql_result`, `is_html`, `default_text`, `cascade_columns`) VALUES ('d01c1605aeaa11e9a734fcaa140ebf84', 'requirementInfoSearch', '备注', 'note', NULL, '1', '1', NULL, '1', '1', '1', 'TextField', '', '0', '100', '', '', NULL, '', '15', '4028809c1d625bcf011d66fd0dda0006', NULL, NULL, NULL, NULL, '', '0', NULL, NULL);

INSERT INTO `grid_menu_config` ( `fk_grid_id`, `flag_menu_type`, `flag_integrated_menu_type`, `text`, `show_type`, `column_type`, `fix`, `must_select_row`, `select_limit`, `data_index`, `null_text`, `show_confirm`, `confirm_text`, `url`, `extra_parameters`, `waiting_msg`, `success_msg`, `error_msg`, `open_mode`, `form_config`, `user_type`, `flag_is_valid`, `serial_number`, `script`, `column_data_index`, `value`, `tips`, `extend_menu_config`) VALUES ( 'requirementInfoManage', NULL, 'd54b3e85479a11e89697fcaa140ebf84', '添加', '', '', NULL, '0', '0', '', NULL, NULL, NULL, NULL, NULL, NULL, NULL, NULL, NULL, NULL, NULL, '2', '1', NULL, NULL, NULL, NULL, NULL);
INSERT INTO `grid_menu_config` ( `fk_grid_id`, `flag_menu_type`, `flag_integrated_menu_type`, `text`, `show_type`, `column_type`, `fix`, `must_select_row`, `select_limit`, `data_index`, `null_text`, `show_confirm`, `confirm_text`, `url`, `extra_parameters`, `waiting_msg`, `success_msg`, `error_msg`, `open_mode`, `form_config`, `user_type`, `flag_is_valid`, `serial_number`, `script`, `column_data_index`, `value`, `tips`, `extend_menu_config`) VALUES ( 'requirementInfoManage', NULL, 'fc43396e479a11e89697fcaa140ebf84', '修改', '', '', NULL, '0', '0', '', NULL, NULL, NULL, NULL, NULL, NULL, NULL, NULL, NULL, NULL, NULL, '2', '2', NULL, NULL, NULL, NULL, NULL);
INSERT INTO `grid_menu_config` ( `fk_grid_id`, `flag_menu_type`, `flag_integrated_menu_type`, `text`, `show_type`, `column_type`, `fix`, `must_select_row`, `select_limit`, `data_index`, `null_text`, `show_confirm`, `confirm_text`, `url`, `extra_parameters`, `waiting_msg`, `success_msg`, `error_msg`, `open_mode`, `form_config`, `user_type`, `flag_is_valid`, `serial_number`, `script`, `column_data_index`, `value`, `tips`, `extend_menu_config`) VALUES ( 'requirementInfoManage', NULL, '030ebfea479b11e89697fcaa140ebf84', '删除', '', '', NULL, '0', '0', '', NULL, NULL, NULL, NULL, NULL, NULL, NULL, NULL, NULL, NULL, NULL, '2', '3', NULL, NULL, NULL, NULL, NULL);
INSERT INTO `grid_menu_config` ( `fk_grid_id`, `flag_menu_type`, `flag_integrated_menu_type`, `text`, `show_type`, `column_type`, `fix`, `must_select_row`, `select_limit`, `data_index`, `null_text`, `show_confirm`, `confirm_text`, `url`, `extra_parameters`, `waiting_msg`, `success_msg`, `error_msg`, `open_mode`, `form_config`, `user_type`, `flag_is_valid`, `serial_number`, `script`, `column_data_index`, `value`, `tips`, `extend_menu_config`) VALUES ( 'requirementInfoManage', NULL, 'f82ae75b479a11e89697fcaa140ebf84', '批量导入', '', '', NULL, '0', '0', '', NULL, NULL, NULL, NULL, NULL, NULL, NULL, NULL, NULL, NULL, NULL, '2', '4', NULL, NULL, NULL, NULL, NULL);
INSERT INTO `grid_menu_config` ( `fk_grid_id`, `flag_menu_type`, `flag_integrated_menu_type`, `text`, `show_type`, `column_type`, `fix`, `must_select_row`, `select_limit`, `data_index`, `null_text`, `show_confirm`, `confirm_text`, `url`, `extra_parameters`, `waiting_msg`, `success_msg`, `error_msg`, `open_mode`, `form_config`, `user_type`, `flag_is_valid`, `serial_number`, `script`, `column_data_index`, `value`, `tips`, `extend_menu_config`) VALUES ( 'requirementInfoFollowUpList', NULL, 'd54b3e85479a11e89697fcaa140ebf84', '添加', '', '', NULL, '0', '0', '', NULL, NULL, NULL, NULL, NULL, NULL, NULL, NULL, NULL, NULL, NULL, '3', '1', NULL, NULL, NULL, NULL, NULL);
INSERT INTO `grid_menu_config` ( `fk_grid_id`, `flag_menu_type`, `flag_integrated_menu_type`, `text`, `show_type`, `column_type`, `fix`, `must_select_row`, `select_limit`, `data_index`, `null_text`, `show_confirm`, `confirm_text`, `url`, `extra_parameters`, `waiting_msg`, `success_msg`, `error_msg`, `open_mode`, `form_config`, `user_type`, `flag_is_valid`, `serial_number`, `script`, `column_data_index`, `value`, `tips`, `extend_menu_config`) VALUES ( 'requirementInfoFollowUpList', NULL, 'fc43396e479a11e89697fcaa140ebf84', '修改', '', '', NULL, '0', '0', '', NULL, NULL, NULL, NULL, NULL, NULL, NULL, NULL, NULL, NULL, NULL, '2', '2', NULL, NULL, NULL, NULL, NULL);
INSERT INTO `grid_menu_config` ( `fk_grid_id`, `flag_menu_type`, `flag_integrated_menu_type`, `text`, `show_type`, `column_type`, `fix`, `must_select_row`, `select_limit`, `data_index`, `null_text`, `show_confirm`, `confirm_text`, `url`, `extra_parameters`, `waiting_msg`, `success_msg`, `error_msg`, `open_mode`, `form_config`, `user_type`, `flag_is_valid`, `serial_number`, `script`, `column_data_index`, `value`, `tips`, `extend_menu_config`) VALUES ( 'requirementInfoFollowUpList', NULL, '030ebfea479b11e89697fcaa140ebf84', '删除', '', '', NULL, '0', '0', '', NULL, NULL, NULL, NULL, NULL, NULL, NULL, NULL, NULL, NULL, NULL, '3', '3', NULL, NULL, NULL, NULL, NULL);
INSERT INTO `grid_menu_config` ( `fk_grid_id`, `flag_menu_type`, `flag_integrated_menu_type`, `text`, `show_type`, `column_type`, `fix`, `must_select_row`, `select_limit`, `data_index`, `null_text`, `show_confirm`, `confirm_text`, `url`, `extra_parameters`, `waiting_msg`, `success_msg`, `error_msg`, `open_mode`, `form_config`, `user_type`, `flag_is_valid`, `serial_number`, `script`, `column_data_index`, `value`, `tips`, `extend_menu_config`) VALUES ( 'requirementInfoFollowUpList', NULL, 'f82ae75b479a11e89697fcaa140ebf84', '批量导入', '', '', NULL, '0', '0', '', NULL, NULL, NULL, NULL, NULL, NULL, NULL, NULL, NULL, NULL, NULL, '3', '4', NULL, NULL, NULL, NULL, NULL);
INSERT INTO `grid_menu_config` ( `fk_grid_id`, `flag_menu_type`, `flag_integrated_menu_type`, `text`, `show_type`, `column_type`, `fix`, `must_select_row`, `select_limit`, `data_index`, `null_text`, `show_confirm`, `confirm_text`, `url`, `extra_parameters`, `waiting_msg`, `success_msg`, `error_msg`, `open_mode`, `form_config`, `user_type`, `flag_is_valid`, `serial_number`, `script`, `column_data_index`, `value`, `tips`, `extend_menu_config`) VALUES ( 'requirementFollowUpInfoManage', NULL, 'd54b3e85479a11e89697fcaa140ebf84', '添加', '', '', NULL, '0', '0', '', NULL, NULL, NULL, NULL, NULL, NULL, NULL, NULL, NULL, NULL, NULL, '2', '1', NULL, NULL, NULL, NULL, NULL);
INSERT INTO `grid_menu_config` ( `fk_grid_id`, `flag_menu_type`, `flag_integrated_menu_type`, `text`, `show_type`, `column_type`, `fix`, `must_select_row`, `select_limit`, `data_index`, `null_text`, `show_confirm`, `confirm_text`, `url`, `extra_parameters`, `waiting_msg`, `success_msg`, `error_msg`, `open_mode`, `form_config`, `user_type`, `flag_is_valid`, `serial_number`, `script`, `column_data_index`, `value`, `tips`, `extend_menu_config`) VALUES ( 'requirementFollowUpInfoManage', NULL, 'fc43396e479a11e89697fcaa140ebf84', '修改', '', '', NULL, '0', '0', '', NULL, NULL, NULL, NULL, NULL, NULL, NULL, NULL, NULL, NULL, NULL, '2', '2', NULL, NULL, NULL, NULL, NULL);
INSERT INTO `grid_menu_config` ( `fk_grid_id`, `flag_menu_type`, `flag_integrated_menu_type`, `text`, `show_type`, `column_type`, `fix`, `must_select_row`, `select_limit`, `data_index`, `null_text`, `show_confirm`, `confirm_text`, `url`, `extra_parameters`, `waiting_msg`, `success_msg`, `error_msg`, `open_mode`, `form_config`, `user_type`, `flag_is_valid`, `serial_number`, `script`, `column_data_index`, `value`, `tips`, `extend_menu_config`) VALUES ( 'requirementFollowUpInfoManage', NULL, '030ebfea479b11e89697fcaa140ebf84', '删除', '', '', NULL, '0', '0', '', NULL, NULL, NULL, NULL, NULL, NULL, NULL, NULL, NULL, NULL, NULL, '2', '3', NULL, NULL, NULL, NULL, NULL);
INSERT INTO `grid_menu_config` ( `fk_grid_id`, `flag_menu_type`, `flag_integrated_menu_type`, `text`, `show_type`, `column_type`, `fix`, `must_select_row`, `select_limit`, `data_index`, `null_text`, `show_confirm`, `confirm_text`, `url`, `extra_parameters`, `waiting_msg`, `success_msg`, `error_msg`, `open_mode`, `form_config`, `user_type`, `flag_is_valid`, `serial_number`, `script`, `column_data_index`, `value`, `tips`, `extend_menu_config`) VALUES ( 'requirementInfoFollowUpList', 'a92817f1361611e8a37efcaa140ebf84', NULL, '跟进记录', 'column', 'left', '0', '0', '1', 'id', '', '1', '', NULL, NULL, '', NULL, NULL, '_blank', NULL, NULL, '2', '1', NULL, NULL, NULL, '', '{\"fieldName\": \"parentId\", \"routerName\": \"requirementFollowUpInfoManage\"}');
INSERT INTO `grid_menu_config` ( `fk_grid_id`, `flag_menu_type`, `flag_integrated_menu_type`, `text`, `show_type`, `column_type`, `fix`, `must_select_row`, `select_limit`, `data_index`, `null_text`, `show_confirm`, `confirm_text`, `url`, `extra_parameters`, `waiting_msg`, `success_msg`, `error_msg`, `open_mode`, `form_config`, `user_type`, `flag_is_valid`, `serial_number`, `script`, `column_data_index`, `value`, `tips`, `extend_menu_config`) VALUES ( 'requirementInfoFollowUpList', 'cb245573ff1a11e7ab1d001e671d0be8', NULL, '确认', 'top', 'left', '0', '1', '0', 'id', '', '1', '', '/entity/requirement/requirementFollowUpList/confirm', NULL, '', NULL, NULL, '_blank', NULL, NULL, '2', '2', NULL, NULL, NULL, '', '');
INSERT INTO `grid_menu_config` ( `fk_grid_id`, `flag_menu_type`, `flag_integrated_menu_type`, `text`, `show_type`, `column_type`, `fix`, `must_select_row`, `select_limit`, `data_index`, `null_text`, `show_confirm`, `confirm_text`, `url`, `extra_parameters`, `waiting_msg`, `success_msg`, `error_msg`, `open_mode`, `form_config`, `user_type`, `flag_is_valid`, `serial_number`, `script`, `column_data_index`, `value`, `tips`, `extend_menu_config`) VALUES ( 'requirementInfoManage', 'dc8475e8ff1a11e7ab1d001e671d0be8', NULL, '分派', 'top', 'left', '0', '1', '0', 'id', '', '1', '', NULL, NULL, '', NULL, NULL, '_blank', '{\n	formTitle:\'分派\',\n	requestConfig:{\n		url:\'/entity/requirement/requirementInfoManage/arrange\',\n		waitingMsg:\'处理中，请稍候...\'\n	},\n	formFieldList:[\n		{\n			name:\'followUpUserId\',\n			type:\'select\',\n			labelText:\'管理员\',\n			selectDataMode:\'local\',\n			nullable: false,\n			selectDataUrl:\'/entity/requirement/requirementInfoManage/getManager\'\n		}\n	]\n}', NULL, '2', '1', NULL, NULL, NULL, '', '');
INSERT INTO `grid_menu_config` ( `fk_grid_id`, `flag_menu_type`, `flag_integrated_menu_type`, `text`, `show_type`, `column_type`, `fix`, `must_select_row`, `select_limit`, `data_index`, `null_text`, `show_confirm`, `confirm_text`, `url`, `extra_parameters`, `waiting_msg`, `success_msg`, `error_msg`, `open_mode`, `form_config`, `user_type`, `flag_is_valid`, `serial_number`, `script`, `column_data_index`, `value`, `tips`, `extend_menu_config`) VALUES ( 'requirementInfoSearch', NULL, 'd54b3e85479a11e89697fcaa140ebf84', '添加', '', '', NULL, '0', '0', '', NULL, NULL, NULL, NULL, NULL, NULL, NULL, NULL, NULL, NULL, NULL, '3', '1', NULL, NULL, NULL, NULL, NULL);
INSERT INTO `grid_menu_config` ( `fk_grid_id`, `flag_menu_type`, `flag_integrated_menu_type`, `text`, `show_type`, `column_type`, `fix`, `must_select_row`, `select_limit`, `data_index`, `null_text`, `show_confirm`, `confirm_text`, `url`, `extra_parameters`, `waiting_msg`, `success_msg`, `error_msg`, `open_mode`, `form_config`, `user_type`, `flag_is_valid`, `serial_number`, `script`, `column_data_index`, `value`, `tips`, `extend_menu_config`) VALUES ( 'requirementInfoSearch', NULL, 'fc43396e479a11e89697fcaa140ebf84', '修改', '', '', NULL, '0', '0', '', NULL, NULL, NULL, NULL, NULL, NULL, NULL, NULL, NULL, NULL, NULL, '3', '2', NULL, NULL, NULL, NULL, NULL);
INSERT INTO `grid_menu_config` ( `fk_grid_id`, `flag_menu_type`, `flag_integrated_menu_type`, `text`, `show_type`, `column_type`, `fix`, `must_select_row`, `select_limit`, `data_index`, `null_text`, `show_confirm`, `confirm_text`, `url`, `extra_parameters`, `waiting_msg`, `success_msg`, `error_msg`, `open_mode`, `form_config`, `user_type`, `flag_is_valid`, `serial_number`, `script`, `column_data_index`, `value`, `tips`, `extend_menu_config`) VALUES ( 'requirementInfoSearch', NULL, '030ebfea479b11e89697fcaa140ebf84', '删除', '', '', NULL, '0', '0', '', NULL, NULL, NULL, NULL, NULL, NULL, NULL, NULL, NULL, NULL, NULL, '3', '3', NULL, NULL, NULL, NULL, NULL);
INSERT INTO `grid_menu_config` ( `fk_grid_id`, `flag_menu_type`, `flag_integrated_menu_type`, `text`, `show_type`, `column_type`, `fix`, `must_select_row`, `select_limit`, `data_index`, `null_text`, `show_confirm`, `confirm_text`, `url`, `extra_parameters`, `waiting_msg`, `success_msg`, `error_msg`, `open_mode`, `form_config`, `user_type`, `flag_is_valid`, `serial_number`, `script`, `column_data_index`, `value`, `tips`, `extend_menu_config`) VALUES ( 'requirementInfoSearch', NULL, 'f82ae75b479a11e89697fcaa140ebf84', '批量导入', '', '', NULL, '0', '0', '', NULL, NULL, NULL, NULL, NULL, NULL, NULL, NULL, NULL, NULL, NULL, '3', '4', NULL, NULL, NULL, NULL, NULL);
INSERT INTO `grid_menu_config` ( `fk_grid_id`, `flag_menu_type`, `flag_integrated_menu_type`, `text`, `show_type`, `column_type`, `fix`, `must_select_row`, `select_limit`, `data_index`, `null_text`, `show_confirm`, `confirm_text`, `url`, `extra_parameters`, `waiting_msg`, `success_msg`, `error_msg`, `open_mode`, `form_config`, `user_type`, `flag_is_valid`, `serial_number`, `script`, `column_data_index`, `value`, `tips`, `extend_menu_config`) VALUES ( 'requirementInfoSearch', 'a92817f1361611e8a37efcaa140ebf84', NULL, '跟进记录', 'column', 'left', '0', '0', '1', 'id', '', '1', '', NULL, NULL, '', NULL, NULL, '_blank', NULL, NULL, '2', '1', NULL, NULL, NULL, '', '{\"fieldName\": \"parentId\", \"routerName\": \"requirementFollowUpInfoSearch\"}');
INSERT INTO `grid_menu_config` ( `fk_grid_id`, `flag_menu_type`, `flag_integrated_menu_type`, `text`, `show_type`, `column_type`, `fix`, `must_select_row`, `select_limit`, `data_index`, `null_text`, `show_confirm`, `confirm_text`, `url`, `extra_parameters`, `waiting_msg`, `success_msg`, `error_msg`, `open_mode`, `form_config`, `user_type`, `flag_is_valid`, `serial_number`, `script`, `column_data_index`, `value`, `tips`, `extend_menu_config`) VALUES ( 'requirementFollowUpInfoSearch', NULL, 'd54b3e85479a11e89697fcaa140ebf84', '添加', '', '', NULL, '0', '0', '', NULL, NULL, NULL, NULL, NULL, NULL, NULL, NULL, NULL, NULL, NULL, '3', '1', NULL, NULL, NULL, NULL, NULL);
INSERT INTO `grid_menu_config` ( `fk_grid_id`, `flag_menu_type`, `flag_integrated_menu_type`, `text`, `show_type`, `column_type`, `fix`, `must_select_row`, `select_limit`, `data_index`, `null_text`, `show_confirm`, `confirm_text`, `url`, `extra_parameters`, `waiting_msg`, `success_msg`, `error_msg`, `open_mode`, `form_config`, `user_type`, `flag_is_valid`, `serial_number`, `script`, `column_data_index`, `value`, `tips`, `extend_menu_config`) VALUES ( 'requirementFollowUpInfoSearch', NULL, 'fc43396e479a11e89697fcaa140ebf84', '修改', '', '', NULL, '0', '0', '', NULL, NULL, NULL, NULL, NULL, NULL, NULL, NULL, NULL, NULL, NULL, '3', '2', NULL, NULL, NULL, NULL, NULL);
INSERT INTO `grid_menu_config` ( `fk_grid_id`, `flag_menu_type`, `flag_integrated_menu_type`, `text`, `show_type`, `column_type`, `fix`, `must_select_row`, `select_limit`, `data_index`, `null_text`, `show_confirm`, `confirm_text`, `url`, `extra_parameters`, `waiting_msg`, `success_msg`, `error_msg`, `open_mode`, `form_config`, `user_type`, `flag_is_valid`, `serial_number`, `script`, `column_data_index`, `value`, `tips`, `extend_menu_config`) VALUES ( 'requirementFollowUpInfoSearch', NULL, '030ebfea479b11e89697fcaa140ebf84', '删除', '', '', NULL, '0', '0', '', NULL, NULL, NULL, NULL, NULL, NULL, NULL, NULL, NULL, NULL, NULL, '3', '3', NULL, NULL, NULL, NULL, NULL);

INSERT INTO `pe_base_category` ( `name`, `code`, `router_name`, `url`, `fk_grid_id`, `flag_isvalid`, `flag_is_system`, `fk_base_category_group`) VALUES ('需求信息管理', '', 'requirementInfoManage', '/entity/requirement/requirementInfoManage/abstractGrid', 'requirementInfoManage', '2', '058cfaf74df211e8aac8fcaa140ebf84', '15');
INSERT INTO `pe_base_category` ( `name`, `code`, `router_name`, `url`, `fk_grid_id`, `flag_isvalid`, `flag_is_system`, `fk_base_category_group`) VALUES ('需求追踪列表', '', 'requirementFollowUpList', '/entity/requirement/requirementFollowUpList/abstractGrid', 'requirementInfoFollowUpList', '2', '058cfaf74df211e8aac8fcaa140ebf84', '15');
INSERT INTO `pe_base_category` ( `name`, `code`, `router_name`, `url`, `fk_grid_id`, `flag_isvalid`, `flag_is_system`, `fk_base_category_group`) VALUES ('需求跟进记录管理', '', 'requirementFollowUpInfoManage', '/entity/requirement/requirementFollowUpInfoManage/abstractGrid', 'requirementFollowUpInfoManage', '2', '058cfaf74df211e8aac8fcaa140ebf84', '15');
INSERT INTO `pe_base_category` ( `name`, `code`, `router_name`, `url`, `fk_grid_id`, `flag_isvalid`, `flag_is_system`, `fk_base_category_group`) VALUES ('需求信息查看', '', '', '/entity/requirement/requirementInfoManage/abstractGrid', 'requirementInfoSearch', '2', '058cfaf74df211e8aac8fcaa140ebf84', '15');
INSERT INTO `pe_base_category` ( `name`, `code`, `router_name`, `url`, `fk_grid_id`, `flag_isvalid`, `flag_is_system`, `fk_base_category_group`) VALUES ('需求跟进记录查看', '', 'requirementFollowUpInfoSearch', '/entity/requirement/requirementFollowUpInfoManage/abstractGrid', 'requirementFollowUpInfoSearch', '2', '058cfaf74df211e8aac8fcaa140ebf84', '15');

INSERT INTO `pe_interface` ( `name`, `url`, `method`, `flag_isvalid`) VALUES ('需求信息管理', '/entity/requirement/requirementInfoManage/**', '', '2');
INSERT INTO `pe_interface` ( `name`, `url`, `method`, `flag_isvalid`) VALUES ('需求信息追踪', '/entity/requirement/requirementFollowUpInfoManage/**', '', '2');
INSERT INTO `pe_interface` ( `name`, `url`, `method`, `flag_isvalid`) VALUES ('需求追踪信息列表', '/entity/requirement/requirementFollowUpList/**', '', '2');

